Raw_Brand,Raw_Model,Clean_Brand,Clean_Model,Status,Confidence
3????????,???????? ??????,3PLUSCOCO,Electric Scooter,OK,0.8
3????????,???????? ?????????,3PLUSCOCO,Electric Tricycle,OK,0.8
3????????,??2,3PLUSCOCO,HR2,OK,0.8
3????????,??8,3PLUSCOCO,HR8,OK,0.8
? ?,?? 227,AG,GL 227,OK,0.8
? ? ?,???? 3 ? 13.6,ARB,Stier 3 S 13.6,OK,0.8
?.?????? ??????,???? 1,A. BUKATZ BERLIN,HTRA 1,OK,0.8
?.?.????????,?? 26 ?,A.W. ANDERNACH,HD 26 K,OK,0.8
?.?????,600,A. MULLER,600,OK,0.8
??,16 ? 210,AB,16 x 210,OK,0.8
?????,500,ABARTH,500,OK,0.8
?????,600?,ABARTH,600e,OK,0.8
????,470,ABBEY,470,OK,0.8
????,520,ABBEY,520,OK,0.8
????,???????? 317,ABBEY,Aventura 317,OK,0.8
????,?????? ??,ABBEY,Alliance SL,OK,0.8
????,?????? ????,ABBEY,Archway Royale,OK,0.8
????,??? 415,ABBEY,GTS 415,OK,0.8
????,??? 417 ???,ABBEY,GTS 417 Vogue,OK,0.8
????,??? 516,ABBEY,GTS 516,OK,0.8
????,??? ??? 216,ABBEY,GTS Vogue 216,OK,0.8
????,?????????,ABBEY,Expression,OK,0.8
????,????,ABBEY,Iona,OK,0.8
????,???????,ABBEY,Lincoln,OK,0.8
????,??????? ??,ABBEY,Maverick SL,OK,0.8
????,?????? 470,ABBEY,Safari 470,OK,0.8
????,??????,ABBEY,Single,OK,0.8
????,????????,ABBEY,Freestyle,OK,0.8
????,???????? 470,ABBEY,Freestyle 470,OK,0.8
???,12039,ABI,12039,OK,0.8
???,4300 1,ABI,4300 1,OK,0.8
???,????? ????????,ABI,Award Transtar,OK,0.8
???,????????,ABI,Aventura,OK,0.8
???,????? ?????????,ABI,Award Globestar,OK,0.8
???,????? ???????,ABI,Award Daystar,OK,0.8
???,??? ???????,ABI,Ace Viceroy,OK,0.8
???,?????? ??????,ABI,Golden Cricket,OK,0.8
???,???????,ABI,Daystar,OK,0.8
???,????? 380 2,ABI,Quartz 380 2,OK,0.8
???,??????? 500??,ABI,Marauder 500 CT,OK,0.8
???,????? 4.50 ?,ABI,Monza 4.50 C,OK,0.8
???,????? 430? ?? ????,ABI,Monza 430C De Luxe,OK,0.8
???,??????????? 450 ??,ABI,Celebration 450 CT,OK,0.8
???,???????? 400 ?,ABI,Sprinter 400 D,OK,0.8
???,????? ?????????,ABI,Jubilee Ambassador,OK,0.8
???,? 265 ?,ABL,P 265 P,OK,0.8
???,?? 2,ABL,PF 2,OK,0.8
?????,? 2,ABLAS,T 2,OK,0.8
????????,300 ?,ABLINGER,300 A,OK,0.8
????????,? 150 ?,ABLINGER,A 150 B,OK,0.8
????????,?400?,ABLINGER,A400K,OK,0.8
????????,?? 1500,AVANGARD,AZ 1500,OK,0.8
??????,482,AVANTE,482,OK,0.8
?????,8010,AWARD,8010,OK,0.8
?????,8020,AWARD,8020,OK,0.8
?????,???????,AWARD,Daystar,OK,0.8
?????,???????????,AWARD,Morningstar,OK,0.8
??????,355 ??,AVENTO,355 TL,OK,0.8
??????,395 ?,AVENTO,395 T,OK,0.8
??????,?395,AVENTO,M395,OK,0.8
??????,?????? 385 ??,AVENTO,Master 385 TL,OK,0.8
??????,???? 350??,AVENTO,Royal 350 TL,OK,0.8
??????,???? 395 ?,AVENTO,Royal 395 E,OK,0.8
??????,???? 395 ??,AVENTO,Royal 395 TL,OK,0.8
??????,???? 445 ?,AVENTO,Royal 445 E,OK,0.8
??????,???? 495 ?? ?????,AVENTO,Royal 495 TL Exclusief,OK,0.8
??????,? 345 ??,AVENTO,H 345 TL,OK,0.8
???,? 70 ????,AWZ,P70 Coupe,OK,0.8
???,??????,AWO,Tourist,OK,0.8
???????,390 2,AVONDALE,390 2,OK,0.8
???????,??????,AVONDALE,Avocet,OK,0.8
???????,??????,AVONDALE,Adonis,OK,0.8
???????,??????,AVONDALE,Argente,OK,0.8
???????,?????? 480 2,AVONDALE,Argente 480 2,OK,0.8
???????,??????? 555-4,AVONDALE,Argente 555-4,OK,0.8
???????,??????? 640,AVONDALE,Argente 640,OK,0.8
???????,????????,AVONDALE,Grampian,OK,0.8
???????,????,AVONDALE,Dart,OK,0.8
???????,???? 370 2,AVONDALE,Dart 370 2,OK,0.8
???????,???? 380 2,AVONDALE,Dart 380 2,OK,0.8
???????,???? 556,AVONDALE,Dart 556,OK,0.8
???????,??,AVONDALE,EK,OK,0.8
???????,???????,AVONDALE,Carlton,OK,0.8
???????,??????,AVONDALE,Custom,OK,0.8
???????,???? ???????,AVONDALE,Leda Chiltern,OK,0.8
???????,???? ???????? 5500,AVONDALE,Land Ranger 5500,OK,0.8
???????,???????????? 6400 ?,AVONDALE,Land Ranger 6400 L,OK,0.8
???????,??????,AVONDALE,Mayfly,OK,0.8
???????,???????,AVONDALE,Orestes,OK,0.8
???????,?????? 480,AVONDALE,Rialto 480,OK,0.8
???????,??????,AVONDALE,Harrier,OK,0.8
??????,???? 15,AGADOS,Adam 15,OK,0.8
??????,???? 67,AGADOS,Adam 67,OK,0.8
??????,???? ?1,AGADOS,Bagr S1,OK,0.8
??????,?????,AGADOS,Veitby,OK,0.8
??????,?? 18,AGADOS,VZ 18,OK,0.8
??????,?? 21 23 ? 1,AGADOS,VZ 21 23 B 1,OK,0.8
??????,?? 22 ???????,AGADOS,VZ 22 Express,OK,0.8
??????,?? 26,AGADOS,VZ 26,OK,0.8
??????,?? 26 ?,AGADOS,VZ 26 B,OK,0.8
??????,?? 27,AGADOS,VZ 27,OK,0.95
??????,?? 31,AGADOS,VZ 31,OK,0.95
??????,?? 31 ?1,AGADOS,VZ 31 B1,OK,0.95
??????,?? 32 ???????,AGADOS,VZ 32 Express,OK,0.95
??????,?? 33 ? 2,AGADOS,VZ 33 B2,OK,0.95
??????,?? 41 ???????,AGADOS,VZ 41 Express,OK,0.95
??????,????? 3500,AGADOS,Golem 3500,OK,0.95
??????,????,AGADOS,Dona,OK,0.95
??????,???? 32,AGADOS,Dona 32,OK,0.95
??????,???? 34,AGADOS,Dona 34,OK,0.95
??????,???????? -15,AGADOS,Kangaroo-15,OK,0.95
??????,??,AGADOS,NP,OK,0.95
??????,?? 26,AGADOS,NP 26,OK,0.95
??????,?? 7,AGADOS,NP 7,OK,0.95
??????,??26,AGADOS,NP 26,OK,0.95
??????,????????,AGADOS,Selandia,OK,0.95
??????,????? 2,AGADOS,Handy 2,OK,0.95
??????,????? 15,AGADOS,Handy 15,OK,0.95
??????,????? 20,AGADOS,Handy 20,OK,0.95
??????,????? 27,AGADOS,Handy 27,OK,0.95
??????,????? 28,AGADOS,Handy 28,OK,0.95
??????,????? 3,AGADOS,Handy 3,OK,0.95
??????,????? 7,AGADOS,Handy 7,OK,0.95
???,??? 50,AGM,Ape 50,OK,0.9
???,? 641,AGM,V641,OK,0.9
???,?641,AGM,V641,OK,0.9
???,?? 50,AGM,VX 50,OK,0.95
???,????,AGM,Joy,OK,0.95
???,??????????,AGM,Cafe Racer,OK,0.95
???,????,AGM,Nano,OK,0.95
???,?? ????,AGM,New Flash,OK,0.95
???,?8,AGM,R8,OK,0.95
???,?????,AGM,Retro,OK,0.95
???,????,AGM,Swan,OK,0.95
???,?? 50,AGM,SP 50,OK,0.95
???,???? 50,AGM,Star 50,OK,0.95
???????,?? ???? 35,AGRICOM,Audux 35,OK,0.85
?????,700,ADAMI,700,OK,0.85
???????? ?????????,???1,ADVANCED ADVENTURES,ATS1,OK,0.85
????,??? 220?,ADLY,ATV 220S,OK,0.95
????,??? 300,ADLY,ATV 300,OK,0.95
????,??? 320,ADLY,ATV 320,OK,0.95
????,???50,ADLY,GTA 50,OK,0.95
????,?????? ???? 50,ADLY,Silver Fox 50,OK,0.95
?????? ??????????,?? 45,ADORNO LEISENTRITT,KA 45,OK,0.85
?????,1 470,ADRIA,1470,OK,0.95
?????,1 550,ADRIA,1550,OK,0.95
?????,1121,ADRIA,1121,OK,0.95
?????,2456,ADRIA,2456,OK,0.95
?????,305 ??,ADRIA,305 SL,OK,0.95
?????,350 ?1,ADRIA,350 T1,OK,0.95
?????,380 ???,ADRIA,380 CSL,OK,0.95
?????,400 ? 1,ADRIA,400 T1,OK,0.95
?????,4052 ??,ADRIA,4052 TD,OK,0.95
?????,4052 ??,ADRIA,4052 TE,OK,0.95
?????,4052 ??,ADRIA,4052 TN,OK,0.95
?????,4054,ADRIA,4054,OK,0.95
?????,4080,ADRIA,4080,OK,0.95
?????,4149 ??,ADRIA,4149 DO,OK,0.95
?????,4153 ??,ADRIA,4153 CE,OK,0.95
?????,4154 ? 0,ADRIA,4154 D0,OK,0.95
?????,4156 ??,ADRIA,4156 TD,OK,0.95
?????,420,ADRIA,420,OK,0.95
?????,4252 ??,ADRIA,4252 AD,OK,0.95
?????,4252 ??,ADRIA,4252 DO,OK,0.95
?????,4252 ??,ADRIA,4252 TD,OK,0.95
?????,4252 ??,ADRIA,4252 TK,OK,0.95
?????,4256 ??,ADRIA,4256 DO,OK,0.95
?????,4256 ??,ADRIA,4256 TD,OK,0.95
?????,4256 ??,ADRIA,4256 TE,OK,0.95
?????,4258,ADRIA,4258,OK,0.95
?????,4259 ??,ADRIA,4259 TL,OK,0.95
?????,4270 ??,ADRIA,4270 TD,OK,0.95
?????,450,ADRIA,450,OK,0.95
?????,462 ??,ADRIA,462 PK,OK,0.95
?????,470,ADRIA,470,OK,0.95
?????,5001 ??,ADRIA,5001 DD,OK,0.95
?????,5002??,ADRIA,5002 DB,OK,0.95
?????,5002??,ADRIA,5002 UH,OK,0.95
?????,5003,ADRIA,5003,OK,0.95
?????,5004??,ADRIA,5004 DD,OK,0.95
?????,5104??,ADRIA,5104 UH,OK,0.95
?????,512 ??,ADRIA,512 UL,OK,0.95
?????,5204??,ADRIA,5204 PH,OK,0.95
?????,5205??,ADRIA,5205 PH,OK,0.95
?????,5206??,ADRIA,5206 LH,OK,0.95
?????,5206??,ADRIA,5206 UP,OK,0.95
?????,5207 ??,ADRIA,5207 PK,OK,0.95
?????,525,ADRIA,525,OK,0.95
?????,613,ADRIA,613,OK,0.95
?????,6205,ADRIA,6205,OK,0.95
?????,6207,ADRIA,6207,OK,0.95
?????,9161,ADRIA,9161,OK,0.95
?????,????? 472 ??,ADRIA,Aviva 472 PK,OK,0.95
?????,????? ???? 490 ??,ADRIA,Aviva Move 490 PU,OK,0.95
?????,????? 502,ADRIA,Adiva 502,OK,0.95
?????,????? 460 4,ADRIA,Adora 460,OK,0.95
?????,????? 462 ??,ADRIA,Adora 462 PX,OK,0.95
?????,????? 472 ??,ADRIA,Adora 472 LU,OK,0.95
?????,????? 512??,ADRIA,Adora 512 UP,OK,0.95
?????,????? 542 ??,ADRIA,Adora,OK,0.95
?????,????? 562 ??,ADRIA,Adora,OK,0.95
?????,????? 573 ??,ADRIA,Adora,OK,0.95
?????,???????? 630 ??,ADRIA,Adriatic,OK,0.95
?????,???????? ? 576 ??,ADRIA,Adriatic,OK,0.95
?????,???????? ?9???9,ADRIA,Adriatic,OK,0.9
?????,?????? 903??,ADRIA,Alpina,OK,0.95
?????,????? 432 ??,ADRIA,Altea,OK,0.95
?????,????? 502 ??,ADRIA,Altea,OK,0.95
?????,????? 502 ??,ADRIA,Altea,OK,0.95
?????,????? 512 ??,ADRIA,Altea,OK,0.95
?????,????? 542 ??,ADRIA,Altea,OK,0.95
?????,????? 552 ??,ADRIA,Altea,OK,0.95
?????,?????? ???? 663 ??,ADRIA,Astella,OK,0.95
?????,? 432 ??,ADRIA,B 432 PX,OK,0.7
?????,? 502 ??,ADRIA,B 502 UL,OK,0.7
?????,?8,ADRIA,B8,OK,0.7
?????,? ????? 613 ??,ADRIA,Adora,OK,0.95
?????,??????? 513 ??,ADRIA,Classica,OK,0.95
?????,??????? 743 ??,ADRIA,Classica,OK,0.95
?????,????? ? 600??,ADRIA,Coral,OK,0.95
?????,????? ? 660??,ADRIA,Coral,OK,0.95
?????,?????? 360,ADRIA,Optima,OK,0.95
?????,?????? 400 ?,ADRIA,Optima,OK,0.95
?????,?????? 500 ?,ADRIA,Optima,OK,0.95
?????,? 590 ??,ADRIA,S 590 SP,OK,0.7
?????,??1246,ADRIA,SL1246,OK,0.6
?????,????? 700??,ADRIA,Sonic,OK,0.95
?????,??????????9???5,ADRIA,Sun Living,OK,0.9
?????,???? 640 ???,ADRIA,Twin,OK,0.95
?????,?????,ADRIA,Unica,OK,0.95
?????,????? 430,ADRIA,Unica,OK,0.95
?????,????? 430 ??,ADRIA,Unica,OK,0.95
?????,????? 462,ADRIA,Unica,OK,0.95
?????,????? 502,ADRIA,Unica,OK,0.95
?????,????? 5105,ADRIA,Unica,OK,0.95
?????,????? 5206,ADRIA,Unica,OK,0.95
?????,????? 542 ??,ADRIA,Unica,OK,0.95
?????,????? 562 ??,ADRIA,Unica,OK,0.95
?????,????? ? 542 ??,ADRIA,Unica,OK,0.95
?????,????? ? 5205,ADRIA,Unica,OK,0.95
?????,????? 430,ADRIA,Forma,OK,0.95
?????,????? 460 ??,ADRIA,Forma,OK,0.95
?????,? 502 ??,ADRIA,C 502 UP,OK,0.7
????? ?????,462 ??,ADRIA MOBIL,462 PU,OK,0.7
????? ?????,532 ??,ADRIA MOBIL,532 UP,OK,0.7
????? ?????,????????,ADRIA MOBIL,Adriatic,OK,0.95
??????,???? ??? 500 ?,AEOLUS,Huge,OK,0.9
???? ?????,?? 56,AEON,AR 56,OK,0.9
???? ?????,?? 18,AEON,AT 18,OK,0.9
???? ?????,?? 20,AEON,AT 20,OK,0.9
???? ?????,??20,AEON,AU 20,OK,0.9
???? ?????,?????,AEON,Cobra,OK,0.95
???? ?????,???????? 400 ?4,AEON,Crossland,OK,0.95
???? ?????,???????? ?4 350,AEON,Crossland,OK,0.95
???? ?????,?? 3,AEON,SA 3,OK,0.9
??????,? 15 ???,AERIAL,R 15 TMK,OK,0.6
???,??7 650,AJP,PR7,OK,0.95
???,??350? 9?,AJS,DD350E,OK,0.9
????,??????,ASIA,Rocsta,OK,0.95
?????,?? ????? ?,AIDEA,AA-Cargo,OK,0.95
??????,?,AIXAM,K,OK,0.7
??????,??12,AIXAM,Mega MV12,OK,0.75
?????,???????? ??????,AIPAO,Cicicoco,OK,0.9
????????,?????????,AIRSTREAM,Ambassador,OK,0.95
????,?9,AITO,M9,OK,0.95
????? ??????,2?? ??35,IFOR WILLIAMS,TA35,OK,0.95
????? ??????,2?? ?? 177?,IFOR WILLIAMS,CT177,OK,0.95
????? ??????,??,IFOR WILLIAMS,BV,OK,0.95
????? ??????,?? 105 ?,IFOR WILLIAMS,BV105,OK,0.95
????? ??????,?? 105,IFOR WILLIAMS,GD105,OK,0.95
????? ??????,?? 85 ? 165,IFOR WILLIAMS,GD85,OK,0.95
????? ??????,??106??,IFOR WILLIAMS,GD106,OK,0.95
????? ??????,??,IFOR WILLIAMS,GP,OK,0.95
????? ??????,?? 106 ??,IFOR WILLIAMS,GP106,OK,0.95
????? ??????,?? 106?,IFOR WILLIAMS,GP106,OK,0.95
????? ??????,?? 84 ???,IFOR WILLIAMS,GP84,OK,0.95
????? ??????,??,IFOR WILLIAMS,GH,OK,0.95
????? ??????,?? 106,IFOR WILLIAMS,GH106,OK,0.95
????? ??????,?? 125 ?? ??,IFOR WILLIAMS,GH125,OK,0.95
????? ??????,?? 126,IFOR WILLIAMS,GH126,OK,0.95
????? ??????,?? 35,IFOR WILLIAMS,GH35,OK,0.95
????? ??????,?? 84,IFOR WILLIAMS,GH84,OK,0.95
????? ??????,??105??,IFOR WILLIAMS,GH105,OK,0.95
????? ??????,??94??,IFOR WILLIAMS,GH94,OK,0.95
????? ??????,?? 120,IFOR WILLIAMS,DP120,OK,0.95
????? ??????,??,IFOR WILLIAMS,LM,OK,0.95
????? ??????,?? 146 ?,IFOR WILLIAMS,LM146,OK,0.95
????? ??????,?? 6 7,IFOR WILLIAMS,LM,OK,0.95
????? ??????,??166?,IFOR WILLIAMS,LM166,OK,0.95
????? ??????,??? ??????,IFOR WILLIAMS,Low Loader,OK,0.95
????? ??????,????? ???????,IFOR WILLIAMS,Plant Trailer,OK,0.95
????? ??????,??,IFOR WILLIAMS,TA,OK,0.95
????? ??????,??5? 10 6 ? ?,IFOR WILLIAMS,TA5,OK,0.95
????? ??????,??,IFOR WILLIAMS,TB,OK,0.95
????? ??????,??,IFOR WILLIAMS,TT,OK,0.95
????? ??????,???? ???,IFOR WILLIAMS,Flatbed,OK,0.95
????? ??????,?? 50 5?,IFOR WILLIAMS,HB505,OK,0.95
????? ??????,?? 510?,IFOR WILLIAMS,HB510,OK,0.95
????? ??????,??,IFOR WILLIAMS,CT,OK,0.95
????? ??????,?? 136??,IFOR WILLIAMS,CT136HD,OK,0.9
???????,1 ??? 18 74 ??,ACKERMANN,1 EAF 18 74 EL,OK,0.7
???????,? ?? ? 18 8.2 ?? ??,ACKERMANN,3 PAF 18,OK,0.6
???????,? ??? 18 7.8 ??,ACKERMANN,3 PAF 18,OK,0.6
???????,?? 18 7 3?,ACKERMANN,KA 18,OK,0.6
???????,?? ?18 7 2 ? ???,ACKERMANN,KA F18,OK,0.6
???????,?? ? 18 6.2 ?,ACKERMANN,PAF 18,OK,0.6
???????,?? ?10 13.6 ???,ACKERMANN,PS F10,OK,0.6
???????,????? ?? 18,ACKERMANN,Fruehauf PA 18,OK,0.7
?????,???2111,AXOM,AX2111,OK,0.6
???,342 ? 2 295,AKU,342 L,OK,0.7
?????,???,ACURA,ZDX,OK,0.99
?????,???,ACURA,ILX,OK,0.99
?????,??????,ACURA,Legend,OK,0.99
?????,???,ACURA,MDX,OK,0.99
?????,???,ACURA,RDX,OK,0.99
?????,???,ACURA,RLX,OK,0.99
?????,??,ACURA,TL,OK,0.99
?????,???,ACURA,TLX,OK,0.99
?????,???,ACURA,TSX,OK,0.99
?????,??400,ACCESS MOTOR,BR400,OK,0.85
?????,??????,ACCESS MOTOR,Burelli,OK,0.85
?????,?????,ACCESS MOTOR,Motor,OK,0.5
?????,??300 ?????,ACCESS MOTOR,SP300 Apache,OK,0.9
?????,??????,ACCESS MOTOR,Triton,OK,0.9
??-??,???35??,AL-KO,AMC 35HA,OK,0.85
??-??,???3?,AL-KO,TXC3A,OK,0.8
??????,?? 3008,ALGEMA,AT 3008,OK,0.9
???,????750??,ALE,ALET 750 CB,OK,0.6
?????????? ??????,750,ALEXANDER VIETEN,750,OK,0.85
??????,160,ALZAGA,160,OK,0.8
????,200 ?? ?,AL-KO,200 TG C,OK,0.8
????,700 5,AL-KO,700 5,OK,0.8
????,?? 20,AL-KO,AV 20,OK,0.8
????,??????????,AL-KO,Zusammenbau,OK,0.7
????,??34??,AL-KO,MC34HA,OK,0.85
????,???? 45?,AL-KO,OPLZ 45E,OK,0.8
????? ???????,? ???,ALPEN KREUZER,A SGT,OK,0.85
????? ???????,????? ?????? ?,ALPEN KREUZER,Alpen Kreuzer A,OK,0.85
????? ???????,??? 650,ALPEN KREUZER,VZA 650,OK,0.85
????? ???????,???????,ALPEN KREUZER,Prestige,OK,0.9
?????,?110,ALPINE,A110,OK,0.99
?????,?290,ALPINE,A290,OK,0.99
??????,??? ?????? ? 7,ALPINA,B7,OK,0.95
??????,??? ?????? ?10 ?8,ALPINA,B10,OK,0.95
??????,??? ?????? ?5,ALPINA,B5,OK,0.95
??????,??? ?????? ?5 ? ?????? ?????,ALPINA,D5 S Touring,OK,0.95
??????,??? ?????? ??7,ALPINA,XB7,OK,0.95
??????,??? ?????? ??4,ALPINA,XD4,OK,0.95
??????,??????? ???????,ALSPAW,Estrada Mobilna,OK,0.9
???,?? 130,ALF,KA 130,OK,0.8
???,?? 130,ALF,MA 130,OK,0.8
???,??,ALF,TA,OK,0.8
????,20.2,ALFA,20.2,OK,0.6
????,35.45,ALFA,35.45,OK,0.6
???? ??????,????,ALFA MOTORS,Vita,OK,0.85
???? ??????,??50?? 52?,ALFA MOTORS,ZN50QT-52C,OK,0.85
???? ??????,??? 50 ???? ?????,ALFA MOTORS,City Leader,OK,0.85
???? ??????,?????????,ALFA MOTORS,City Leader,OK,0.9
???? ??????,??50?? 19?,ALFA MOTORS,TY50QT-19D,OK,0.85
???? ??????,??50?? 20?,ALFA MOTORS,TY50QT-20D,OK,0.85
???? ?????,146,ALFA ROMEO,146,OK,0.99
???? ?????,147,ALFA ROMEO,147,OK,0.99
???? ?????,147 1.6 ? ?????,ALFA ROMEO,147,OK,0.99
???? ?????,147 1.9 ???,ALFA ROMEO,147,OK,0.99
???? ?????,156,ALFA ROMEO,156,OK,0.99
???? ?????,156 2.4 ???,ALFA ROMEO,156,OK,0.99
???? ?????,159,ALFA ROMEO,159,OK,0.99
???? ?????,159 1.9 ???,ALFA ROMEO,159,OK,0.99
???? ?????,159 1.9 ?,ALFA ROMEO,159,OK,0.99
???? ?????,159 2.4 ?,ALFA ROMEO,159,OK,0.99
???? ?????,159 ?? 2.2 ???,ALFA ROMEO,159,OK,0.99
???? ?????,164,ALFA ROMEO,164,OK,0.99
???? ?????,166,ALFA ROMEO,166,OK,0.99
???? ?????,33,ALFA ROMEO,33,OK,0.99
???? ?????,35 ?? 8 ?,ALFA ROMEO,AR8,OK,0.9
???? ?????,35 ?? 8?,ALFA ROMEO,AR8,OK,0.9
???? ?????,75,ALFA ROMEO,75,OK,0.99
???? ?????,???? 33 1.3,ALFA ROMEO,33,OK,0.99
???? ?????,???? ???????,ALFA ROMEO,Giulietta,OK,0.99
???? ?????,???? ?????,ALFA ROMEO,Alfa Romeo,OK,0.5
???? ?????,???? ??? 1.3,ALFA ROMEO,Alfasud,OK,0.99
???? ?????,?????,ALFA ROMEO,Brera,OK,0.99
???? ?????,??,ALFA ROMEO,GT,OK,0.99
???? ?????,???,ALFA ROMEO,GTV,OK,0.99
???? ?????,????????,ALFA ROMEO,Giulietta,OK,0.99
???? ?????,??????,ALFA ROMEO,Giulia,OK,0.99
???? ?????,?????? ???????????,ALFA ROMEO,Giulia Quadrifoglio,OK,0.99
???? ?????,?????? ??????????? ?????,ALFA ROMEO,Giulia Quadrifoglio,OK,0.99
???? ?????,???????,ALFA ROMEO,Junior,OK,0.99
???? ?????,???????,ALFA ROMEO,Giulietta,OK,0.99
???? ?????,?????????,ALFA ROMEO,Crosswagon,OK,0.99
???? ?????,????,ALFA ROMEO,MiTo,OK,0.99
???? ?????,?????,ALFA ROMEO,Romeo,OK,0.9
???? ?????,???????,ALFA ROMEO,Spider,OK,0.99
???? ?????,???????,ALFA ROMEO,Stelvio,OK,0.99
???? ?????,??????? ???????????,ALFA ROMEO,Stelvio Quadrifoglio,OK,0.99
???? ?????,??????,ALFA ROMEO,Tonale,OK,0.99
???? ???????,??50?? 5?,ALFA SCOOTERS,LJ50QT-5L,OK,0.85
???????,??250 ?????,ALFARAD,AD250 Cobra,OK,0.9
?? ???????,?998,AM GENERAL,M998,OK,0.95
?? ???????,?????,AM GENERAL,HMMWV,OK,0.95
??3? ???????,??20??,AM3P VIRICEL,VM20HI,OK,0.6
?????????,?????? ????,AMBITALIA,Ducato Kuth,OK,0.7
??????,???? ??????,AMELINE,Fiat Ducato,OK,0.85
???????? ?????????,?????? ?????,AMERICAN IRONHORSE,Texas Chopper,OK,0.95
???????,????????? 2500,AMERING,Parkstetten 2500,OK,0.85
???? ?????,?? 150,AMCA NOVAL,GE 150,OK,0.8
???,????,AMC,Eagle,OK,0.95
?????,???3000??,ANAIG,ANJ3000DS,OK,0.85
?????,300,ANGER,300,OK,0.7
???????,???? 36,ANDOVER,SFCL 36,OK,0.85
????,2??,ANKA,2PF,OK,0.6
?????????,??2128,ANKARAVAN,EF2128,OK,0.8
??????,? - ? 1450,ANSSEMS,A-S 1450,OK,0.95
??????,? ? 1300,ANSSEMS,A-S 1300,OK,0.95
??????,? ? 2000,ANSSEMS,A-S 2000,OK,0.95
??????,? ? 2000 ??,ANSSEMS,A-S 2000 VV,OK,0.95
??????,? ? 2001,ANSSEMS,A-S 2001,OK,0.95
??????,? ? 5000 ?,ANSSEMS,A-S 5000 L,OK,0.95
??????,? ? 5000? 1,ANSSEMS,A-S 5000 L,OK,0.9
??????,? ?2700??,ANSSEMS,A-S 2700 VV,OK,0.95
??????,?-? 2000 ??-3015,ANSSEMS,A-S 2000 VV-3015,OK,0.95
??????,???,ANSSEMS,AMT,OK,0.95
??????,??? 2000 400?188,ANSSEMS,AMT 2000,OK,0.95
??????,??? 3000,ANSSEMS,AMT 3000,OK,0.95
??????,??,ANSSEMS,AN,OK,0.9
??????,?.?,ANSSEMS,B.V.,OK,0.7
??????,??,ANSSEMS,BS,OK,0.9
??????,??? 2,ANSSEMS,BSX 2,OK,0.95
??????,???1,ANSSEMS,BSX 1,OK,0.95
??????,??,ANSSEMS,BS,OK,0.9
??????,?? 2700,ANSSEMS,BS 2700,OK,0.9
??????,?? 500,ANSSEMS,GT 500,OK,0.95
??????,?? 750,ANSSEMS,GT 750,OK,0.95
??????,?? 750 251,ANSSEMS,GT 750,OK,0.95
??????,?? 750 251?126,ANSSEMS,GT 750,OK,0.95
??????,??? 1200 251?126,ANSSEMS,GTB 1200,OK,0.95
??????,??? 750 211 ? 126,ANSSEMS,GTB 750,OK,0.95
??????,??? 1500 251,ANSSEMS,GTT 1500,OK,0.95
??????,??? 2000-301?151,ANSSEMS,GTT 2000,OK,0.95
??????,??,ANSSEMS,KS,OK,0.9
??????,???,ANSSEMS,MSX,OK,0.95
??????,??? 2700-405?200,ANSSEMS,MSX 2700,OK,0.95
??????,??? 3000,ANSSEMS,MSX 3000,OK,0.95
??????,??? 3000 405 ? 200,ANSSEMS,MSX 3000,OK,0.95
??????,??? 3000 405?200,ANSSEMS,MSX 3000,OK,0.95
??????,??,ANSSEMS,PS,OK,0.9
??????,??? 2,ANSSEMS,PSX 2,OK,0.95
??????,??? 2000. 405,ANSSEMS,PSX 2000,OK,0.95
??????,??? 3000 325,ANSSEMS,PSX 3000,OK,0.95
??????,???1,ANSSEMS,PSX 1,OK,0.95
??????,???3000,ANSSEMS,PSX 3000,OK,0.95
??????,??? 2000,ANSSEMS,HKB 2000,OK,0.95
????????,385,ANTILOPE,385,OK,0.85
????????,???? ?,ANTILOPE,Luchs C,OK,0.85
????????,?752??,ANTONELLI,F752RS,OK,0.8
???,?? 2040 ?,ANH,AT 2040 X,OK,0.6
???,??650 ?,ANH,MB650 Z,OK,0.6
???????? ??????????,?? 65 23,STEININGER,ST 65 23,OK,0.85
???????,???? 1812,ANHEGEN,APRS 1812,OK,0.6
?????,?????,ANSCHAU,Komet,OK,0.9
??,?2,AP,E2,OK,0.5
???????,??50?? 42,APGMOTO,RY50QT-42,OK,0.85
????,??3,APEC,PS3,OK,0.6
????,??,APPL,LA,OK,0.8
???????,125 ? 1,APRILIA,125 F1,OK,0.85
???????,50,APRILIA,50,OK,0.8
???????,????? 50,APRILIA,Amico 50,OK,0.95
???????,???? 51,APRILIA,Area 51,OK,0.95
???????,???????? 125,APRILIA,Atlantic 125,OK,0.95
???????,???????? 200,APRILIA,Atlantic 200,OK,0.95
???????,???????? 250,APRILIA,Atlantic 250,OK,0.95
???????,???????? 500,APRILIA,Atlantic 500,OK,0.95
???????,??,APRILIA,VB,OK,0.75
???????,??,APRILIA,VK,OK,0.75
???????,??,APRILIA,VF,OK,0.75
???????,?? 125,APRILIA,GS 125,OK,0.9
???????,???????,APRILIA,Gulliver,OK,0.95
???????,??????? 50,APRILIA,Gulliver 50,OK,0.95
???????,?????????,APRILIA,Dorsoduro,OK,0.95
???????,????????? 750,APRILIA,Dorsoduro 750,OK,0.95
???????,??? 1000 ????????,APRILIA,ETV 1000 Caponord,OK,0.95
???????,??? 125,APRILIA,ETX 125,OK,0.95
???????,??,APRILIA,KE,OK,0.75
???????,??,APRILIA,KR,OK,0.75
???????,??,APRILIA,KX,OK,0.75
???????,???????? 125,APRILIA,Leonardo 125,OK,0.95
???????,???????? 150,APRILIA,Leonardo 150,OK,0.95
???????,???????? 250,APRILIA,Leonardo 250,OK,0.95
???????,? 35,APRILIA,M 35,OK,0.75
???????,? 55,APRILIA,M 55,OK,0.75
???????,??,APRILIA,MD,OK,0.75
???????,?????? 50,APRILIA,Mojito 50,OK,0.95
???????,???? 6.5,APRILIA,Moto 6.5,OK,0.95
???????,??????,APRILIA,Mojito,OK,0.95
???????,??,APRILIA,PV,OK,0.75
???????,??????,APRILIA,Pegaso,OK,0.95
???????,?????? 650,APRILIA,Pegaso 650,OK,0.95
???????,?????? ??????,APRILIA,Pegaso Strada,OK,0.95
???????,??,APRILIA,Pi,OK,0.5
???????,??,APRILIA,PK,OK,0.5
???????,????,APRILIA,Rally,OK,0.95
???????,???? 50,APRILIA,Rally,OK,0.95
???????,??,APRILIA,RB,OK,0.5
???????,??,APRILIA,RV,OK,0.85
???????,??? ????,APRILIA,Red Rose,OK,0.95
???????,??,APRILIA,RK,OK,0.6
???????,??,APRILIA,RL,OK,0.5
???????,?? 125,APRILIA,RS,OK,0.95
???????,?? 457,APRILIA,RS,OK,0.95
???????,?? 50,APRILIA,RS,OK,0.95
???????,?? 660,APRILIA,RS,OK,0.95
???????,?? 660 ???????,APRILIA,RS,OK,0.95
???????,??4 50,APRILIA,RS4,OK,0.95
???????,??? 1000,APRILIA,RSV,OK,0.95
???????,??? 4,APRILIA,RSV4,OK,0.95
???????,???4 ???????,APRILIA,RSV4,OK,0.95
???????,?? 125,APRILIA,RX,OK,0.95
???????,?? 50,APRILIA,RX,OK,0.95
???????,??,APRILIA,RC,OK,0.85
???????,??,APRILIA,SB,OK,0.5
???????,????????,APRILIA,Scarabeo,OK,0.95
???????,???????? 100,APRILIA,Scarabeo,OK,0.95
???????,???????? 125,APRILIA,Scarabeo,OK,0.95
???????,???????? 250,APRILIA,Scarabeo,OK,0.95
???????,???????? 50,APRILIA,Scarabeo,OK,0.95
???????,???????? 500,APRILIA,Scarabeo,OK,0.95
???????,?? 1000 ?????,APRILIA,SL 1000 Falco,OK,0.95
???????,??,APRILIA,SM,OK,0.5
???????,?????,APRILIA,Sonic,OK,0.95
???????,????? 50,APRILIA,Sonic,OK,0.95
???????,???,APRILIA,SPA,OK,0.4
???????,??? ????,APRILIA,SPA PHCO,OK,0.3
???????,????? ????,APRILIA,Sportcity,OK,0.95
???????,????? ???? 200,APRILIA,Sportcity,OK,0.95
???????,????? ???? 300,APRILIA,Sportcity,OK,0.95
???????,????????? 125,APRILIA,Sportcity,OK,0.95
???????,????????? ??? 50 2?,APRILIA,Sportcity One,OK,0.95
???????,??,APRILIA,SR,OK,0.95
???????,?? 125,APRILIA,SR,OK,0.95
???????,?? 50,APRILIA,SR,OK,0.95
???????,?? 50 ??,APRILIA,SR,OK,0.95
???????,?? 50 ?,APRILIA,SR,OK,0.95
???????,?? ?? 125,APRILIA,SR GT,OK,0.95
???????,?? ?? 200,APRILIA,SR GT,OK,0.95
???????,?? ?? 400,APRILIA,SR GT,OK,0.95
???????,?? ???? 300,APRILIA,SR Max,OK,0.95
???????,?? ??????,APRILIA,SR Motard,OK,0.95
???????,??? 850,APRILIA,SRV,OK,0.95
???????,????,APRILIA,SR,OK,0.9
???????,??,APRILIA,SF,OK,0.5
???????,?? 125,APRILIA,SX,OK,0.9
???????,?? 50,APRILIA,SX,OK,0.9
???????,??? 50,APRILIA,SXR,OK,0.95
???????,??,APRILIA,TG,OK,0.5
???????,??,APRILIA,TE,OK,0.5
???????,?????? 660,APRILIA,Tuareg,OK,0.95
???????,?????? 660 ????,APRILIA,Tuareg,OK,0.95
???????,????? 1000,APRILIA,Tuono,OK,0.95
???????,????? 125,APRILIA,Tuono,OK,0.95
???????,????? 457,APRILIA,Tuono,OK,0.95
???????,????? 660,APRILIA,Tuono,OK,0.95
???????,????? 660 ???????,APRILIA,Tuono,OK,0.95
???????,????? ?4,APRILIA,Tuono V4,OK,0.95
???????,????? ?4 1100 ??,APRILIA,Tuono V4,OK,0.95
???????,????? ?4 1100 ???????,APRILIA,Tuono V4,OK,0.95
???????,????? ?4 ???????,APRILIA,Tuono V4,OK,0.95
???????,??,APRILIA,TF,OK,0.5
???????,??????,APRILIA,Futura,OK,0.95
???????,?????? 125,APRILIA,Futura,OK,0.95
???????,?????? 125,APRILIA,Habana,OK,0.95
???????,?????? 50,APRILIA,Habana,OK,0.95
???????,?????? ?????? 50,APRILIA,Habana,OK,0.95
???????,? 50,APRILIA,C 50,OK,0.6
???????,?????,APRILIA,Shiver,OK,0.95
???????,????? 900,APRILIA,Shiver,OK,0.95
???????,? 20 ?? 0,APPROVAL,A 20 LZ 0,OK,0.4
???,????? 6,ARB,SPMUK 6,OK,0.4
????,550,ARGO,550,OK,0.9
?????,???,ARDOR,SVM,OK,0.5
?????,??? 6.3 34,ARDOR,SVM,OK,0.5
??????,??250?? ?? ????? ?2?,ARICAR,AR250LF II CPMFB B2D,OK,0.4
????,2001,ARCA,2001,OK,0.85
???? ???????,2,ARCO TRAILER,2,OK,0.4
?????? ???,1000 ???,ARCTIC CAT,1000 XT,OK,0.9
?????? ???,350,ARCTIC CAT,350,OK,0.95
?????? ???,400 4?4,ARCTIC CAT,400,OK,0.95
?????? ???,400 ?,ARCTIC CAT,400i,OK,0.95
?????? ???,500 ? 4 ? 4 ?,ARCTIC CAT,500i,OK,0.9
?????? ???,650 ? 1,ARCTIC CAT,650 H1,OK,0.95
?????? ???,650 ?1 ???,ARCTIC CAT,650 H1 TRV,OK,0.95
?????? ???,?554?0 1,ARCTIC CAT,A554A0 1,OK,0.4
?????? ???,??? 250,ARCTIC CAT,DVX 250,OK,0.95
?????? ???????,?.??880,ARCTIC LEOPARD,E-XE 880,OK,0.9
???,240,ARO,240,OK,0.95
???,244 ?,ARO,244,OK,0.95
??????,????????,AROBUS,Sprinter,OK,0.9
???,???,ART,Art,OK,0.3
????????,????,ARTDECOR,ADKR,OK,0.4
?????? ???????????,?????? 50,ARCHIVE MOTORCYCLES,Ninety 50,OK,0.9
????????,? 02,ASENOVETS,V 02,OK,0.7
????,? 32217,ASKA,R 32217,OK,0.6
????,? 322 ?1,ASKA,S 322 D1,OK,0.6
????,??37100,ASKA,TC37100,OK,0.6
??????,1,ASKOLL,ES1,OK,0.85
??????,3,ASKOLL,ES3,OK,0.85
??????,4,ASKOLL,4,OK,0.75
??????,5,ASKOLL,5,OK,0.75
??????,6,ASKOLL,6,OK,0.75
?????,?? 7 ? 84.40,ASTRA,HD7 C 84.40,OK,0.9
?????,?? 8 84.44 80,ASTRA,HD8 84.44,OK,0.9
?????,?? 8 84.45,ASTRA,HD8 84.45,OK,0.9
?????,?? 8 84.50,ASTRA,HD8 84.50,OK,0.9
?????,??9 84.51 80,ASTRA,HD9 84.51,OK,0.9
??????,?????? ??? ????,ASTREA,One Plus,OK,0.85
????,???? ? 125,ASUS,Cross X 125,OK,0.7
????,????? 125,ASUS,Solid 125,OK,0.7
???,????????? 650,CAN-AM,Outlander 650,OK,0.9
????,2?20,ATEK,2A20,OK,0.85
????,2?3500,ATEK,2A3500,OK,0.85
????,?20,ATEK,A20,OK,0.85
????,?2,ATEK,B2,OK,0.85
????,?20,ATEK,B20,OK,0.85
????,?220,ATEK,B220,OK,0.85
????,????????,ATEK,Bakvagen,OK,0.8
????,?2 2,ATEK,O2 2,OK,0.8
????,?? 20,ATEK,PK 20,OK,0.85
????,???????????,ATEK,Transporter,OK,0.85
????,?2,ATEK,C2,OK,0.85
???,? 40 0 ???,ATZ,S 400 Boy,OK,0.6
???,? 50,ATZ,S 50,OK,0.6
???,? 350,ATZ,T 350,OK,0.6
???,? 600 ?,ATZ,T 600 B,OK,0.6
???,? 66 ?,ATZ,T 66 B,OK,0.6
???,?400,ATZ,T400,OK,0.6
???????,??15? ?,ATLANTA,AT15G C,OK,0.6
????????,690 ???,ATLANTIS,690 ACG,OK,0.7
?????,0?80?0,ATLAS,0T80F0,OK,0.6
????? ?????,6424,ATLAS COPCO,6424,OK,0.85
????? ?????,6428,ATLAS COPCO,6428,OK,0.85
????? ?????,6430,ATLAS COPCO,6430,OK,0.85
????? ?????,????,ATLAS COPCO,QLTH,OK,0.8
????? ?????,??? 137,ATLAS COPCO,XAS 137,OK,0.9
????? ?????,??? 47 ???,ATLAS COPCO,XAS 47 KDM,OK,0.9
????? ?????,???? 186,ATLAS COPCO,XAHS 186,OK,0.9
???,??? 8517,ATM,8517,OK,0.6
?????,??? 20.1,ATMOS,PDP 20.1,OK,0.9
?????,??? 35,ATMOS,PDP 35,OK,0.9
?????,??? 50,ATMOS,PDP 50,OK,0.9
????????,?? 1.2,AUWAERTER,AP 1.2,OK,0.85
????????,?? 0.6,AUWAERTER,AC 0.6,OK,0.85
????????,?? 12,AUWAERTER,GL 12,OK,0.85
????????,?? 60,AUWAERTER,GL 60,OK,0.85
????????,?? 75,AUWAERTER,GL 75,OK,0.85
????????,???? 2.7,AUWAERTER,PTTS 2.7,OK,0.85
????,100,AUDI,100,OK,0.99
????,200,AUDI,200,OK,0.99
????,4,AUDI,A4,OK,0.95
????,8,AUDI,A8,OK,0.95
????,80,AUDI,80,OK,0.99
????,80 ??????,AUDI,80 Cabriolet,OK,0.95
????,80 ??????,AUDI,80 Quattro,OK,0.95
????,? 1,AUDI,A1,OK,0.99
????,? 1 ????????,AUDI,A1 Sportback,OK,0.99
????,? 2,AUDI,A2,OK,0.99
????,? 3,AUDI,A3,OK,0.99
????,? 3 1.8,AUDI,A3,OK,0.99
????,? 3 ?????????,AUDI,A3 Cabriolet,OK,0.99
????,? 3 ????????? 1.8,AUDI,A3 Cabriolet,OK,0.99
????,? 3 ????????? 1.9,AUDI,A3 Cabriolet,OK,0.99
????,? 3 ????????,AUDI,A3 Sportback,OK,0.99
????,? 4,AUDI,A4,OK,0.99
????,? 4 1.8,AUDI,A4,OK,0.99
????,? 4 2.0 ???,AUDI,A4,OK,0.99
????,? 4 2.7 ???,AUDI,A4,OK,0.99
????,? 4 3.0 ???,AUDI,A4,OK,0.99
????,? 4 ?????,AUDI,A4 Avant,OK,0.99
????,? 4 ????? 1.9 ???,AUDI,A4 Avant,OK,0.99
????,? 4 ????????? 2.0,AUDI,A4 Cabriolet,OK,0.99
????,? 4 ????????,AUDI,A4,OK,0.99
????,? 4 ?????? ??????,AUDI,A4 Allroad Quattro,OK,0.99
????,? 5,AUDI,A5,OK,0.99
????,? 5 1.8,AUDI,A5,OK,0.99
????,? 5 2.0,AUDI,A5,OK,0.99
????,? 5 2.0 ???,AUDI,A5,OK,0.99
????,? 5 2.7 ???,AUDI,A5,OK,0.99
????,? 5 3.0 ???,AUDI,A5,OK,0.99
????,? 5 3.2,AUDI,A5,OK,0.99
????,? 5 ?????????,AUDI,A5 Cabriolet,OK,0.99
????,? 5 ????,AUDI,A5 Coupe,OK,0.99
????,? 5 ????????,AUDI,A5 Sportback,OK,0.99
????,? 6,AUDI,A6,OK,0.99
????,? 6 2.0 ???,AUDI,A6,OK,0.99
????,? 6 2.4 ??????,AUDI,A6,OK,0.99
????,? 6 2.5 ???,AUDI,A6,OK,0.99
????,? 6 2.5 ??? ?????? ??????,AUDI,A6 Allroad Quattro,OK,0.99
????,? 6 3.0 ???,AUDI,A6,OK,0.99
????,? 6 3.2 ??????,AUDI,A6,OK,0.99
????,? 6 ?????,AUDI,A6 Avant,OK,0.99
????,? 6 ????? ??????,AUDI,A6 Avant,OK,0.99
????,? 6 ??????,AUDI,A6,OK,0.99
????,? 6 ????????,AUDI,A6,OK,0.99
????,? 6 ??????,AUDI,A6 Allroad,OK,0.99
????,? 6 ?????? 3.0 ???,AUDI,A6 Allroad,OK,0.99
????,? 6 ?????? ??????,AUDI,A6 Allroad,OK,0.99
????,? 7,AUDI,A7,OK,0.99
????,? 7 3.0? ??????,AUDI,A7,OK,0.99
????,? 7 ????????,AUDI,A7 Sportback,OK,0.99
????,? 8,AUDI,A8,OK,0.99
????,? 8 3.0 ??????,AUDI,A8,OK,0.99
????,? 8 4.2 ??????,AUDI,A8,OK,0.99
????,? 8 ?,AUDI,A8 L,OK,0.99
????,?3 40 ? ????,AUDI,A3 e-tron,OK,0.95
????,?3 40 ?????,AUDI,A3,OK,0.99
????,?3 45 ???? ?,AUDI,A3,OK,0.99
????,?3 ? ????,AUDI,A3 e-tron,OK,0.99
????,?3 ?????????,AUDI,A3 Cabriolet,OK,0.99
????,?3 ????????,AUDI,A3,OK,0.99
????,?3 ????????,AUDI,A3,OK,0.99
????,?3 ????????,AUDI,A3 Allstreet,OK,0.99
????,?3 ?3,AUDI,S3,OK,0.85
????,?3 ????????,AUDI,A3 Sportback,OK,0.99
????,?3 ????????,AUDI,A3 Sportback,OK,0.99
????,?3 ???????? ? ????,AUDI,A3 Sportback,OK,0.95
????,?4 ????? ? ????,AUDI,A4 Avant,OK,0.95
????,?4 ? ???? ???? ?????? ???,AUDI,A4,OK,0.9
????,?5 ?????,AUDI,A5 Avant,OK,0.99
????,?5 ????? ???? ?,AUDI,A5 Avant,OK,0.99
????,?5 ????,AUDI,A5 Coupe,OK,0.99
????,?5 ??? ???? ?,AUDI,A5,OK,0.95
????,?5 ????????,AUDI,A5,OK,0.99
????,?5 ????????,AUDI,A5 Sportback,OK,0.99
????,?6 ?? ? ???? ??????,AUDI,A6 Avant e-tron,OK,0.95
????,?6 ????? 50 ???? ?,AUDI,A6 Avant,OK,0.99
????,?6 ????? ???? ?,AUDI,A6 Avant,OK,0.99
????,?6 ??? 220?? ???? ?,AUDI,A6,OK,0.95
????,?6 ????????,AUDI,A6,OK,0.99
????,?6 ?????? ??????,AUDI,A6 Allroad,OK,0.99
????,?6 ?? ? ???? ??????,AUDI,A6 Sportback e-tron,OK,0.95
????,?6 ????? 40 ??? ? ?,AUDI,A6,OK,0.95
????,?7 50 ???? ?,AUDI,A7 Sportback,OK,0.95
????,?8 ? ?12,AUDI,A8 L,OK,0.99
????,????,AUDI,,OK,0.5
????,???? ????5,AUDI,SQ5,OK,0.99
????,? 4,AUDI,80,OK,0.8
????,? 8,AUDI,V8,OK,0.95
????,? ????,AUDI,e-tron,OK,0.99
????,? ???? 50,AUDI,e-tron,OK,0.99
????,? ???? 55,AUDI,e-tron,OK,0.99
????,? ???? ??,AUDI,e-tron GT,OK,0.99
????,? ???? ?,AUDI,e-tron S,OK,0.99
????,? ???? ? ????????,AUDI,e-tron S Sportback,OK,0.99
????,? ???? ???????? 50,AUDI,e-tron Sportback,OK,0.99
????,? ???? ???????? 55,AUDI,e-tron Sportback,OK,0.99
????,??5 ????????,AUDI,S5,OK,0.95
????,??????,AUDI,Cabriolet,OK,0.9
????,?? 3,AUDI,Q3,OK,0.99
????,?? 5,AUDI,Q5,OK,0.99
????,?? 5 50 ???? ?,AUDI,Q5,OK,0.99
????,?? 5 55 ???? ?,AUDI,Q5,OK,0.99
????,?? 7,AUDI,Q7,OK,0.99
????,?? 7 4.2 ???,AUDI,Q7,OK,0.99
????,?? 7-3.0 ???,AUDI,Q7,OK,0.99
????,?? 8 ???????? 55 ? ????,AUDI,Q8 Sportback e-tron,OK,0.99
????,??2,AUDI,Q2,OK,0.99
????,??3 45 ????,AUDI,Q3,OK,0.99
????,??3 ? ????,AUDI,Q3 e-tron,OK,0.95
????,??3 ?? ???? ?,AUDI,Q3 Sportback,OK,0.95
????,??3 ????????,AUDI,Q3 Sportback,OK,0.99
????,??3 ???????? ? ????,AUDI,Q3 Sportback e-tron,OK,0.95
????,??3 ???? ?,AUDI,Q3,OK,0.99
????,??4 35 ? ????,AUDI,Q4 e-tron,OK,0.99
????,??4 40 ? ????,AUDI,Q4 e-tron,OK,0.99
????,??4 45 ? ????,AUDI,Q4 e-tron,OK,0.99
????,??4 50 ? ????,AUDI,Q4 e-tron,OK,0.99
????,??4 55 ? ????,AUDI,Q4 e-tron,OK,0.99
????,??4 ? ????,AUDI,Q4 e-tron,OK,0.99
????,??4 ???????? 35 ? ????,AUDI,Q4 Sportback e-tron,OK,0.99
????,??4 ???????? 40 ? ????,AUDI,Q4 Sportback e-tron,OK,0.99
????,??4 ???????? 45 ? ????,AUDI,Q4 Sportback e-tron,OK,0.99
????,??4 ???????? 50 ? ????,AUDI,Q4 Sportback e-tron,OK,0.99
????,??4 ???????? 55 ? ????,AUDI,Q4 Sportback e-tron,OK,0.99
????,??5 50 ???? ?,AUDI,Q5,OK,0.99
????,??5 ??,AUDI,Q5 Sportback,OK,0.95
????,??5 ?? ???? ?,AUDI,Q5 Sportback,OK,0.95
????,??5 ????????,AUDI,Q5 Sportback,OK,0.99
????,??5 ???????? 50 ???? ?,AUDI,Q5 Sportback,OK,0.99
????,??5 ???????? 55 ???? ?,AUDI,Q5 Sportback,OK,0.99
????,??5 ???? ?,AUDI,Q5,OK,0.99
????,??5 ??????,AUDI,Q5,OK,0.99
????,??6 ?? ? ???? ??????,AUDI,Q6 Sportback e-tron,OK,0.99
????,??6 ??? ? ????,AUDI,Q6 e-tron,OK,0.99
????,??6 ??? ? ???? ??????,AUDI,Q6 e-tron,OK,0.99
????,??6 ??? ? ???? ??????????,AUDI,Q6 e-tron,OK,0.99
????,??7 55 ???? ?,AUDI,Q7,OK,0.99
????,??7 60 ???? ?,AUDI,Q7,OK,0.99
????,??7 ?-????,AUDI,Q7 e-tron,OK,0.99
????,??8,AUDI,Q8,OK,0.99
????,??8 50 ? ????,AUDI,Q8 e-tron,OK,0.98
????,??8 55 ? ????,AUDI,Q8 e-tron,OK,0.98
????,??8 55 ???? ?,AUDI,Q8,OK,0.95
????,??8 60 ???? ?,AUDI,Q8,OK,0.95
????,??8 ? ????,AUDI,Q8 e-tron,OK,0.99
????,??8 ???????? 55 ? ????,AUDI,Q8 Sportback e-tron,OK,0.98
????,??8 ???????? ? ????,AUDI,Q8 Sportback e-tron,OK,0.99
????,??????,AUDI,Quattro,OK,0.99
????,????,AUDI,Coupe,OK,0.99
????,??????,AUDI,Allroad,OK,0.99
????,? 8,AUDI,R8,OK,0.99
????,?8 ????,AUDI,R8,OK,0.99
????,?8 ???????,AUDI,R8 Spyder,OK,0.99
????,?? 3,AUDI,RS 3,OK,0.99
????,?? 3 ????????,AUDI,RS 3,OK,0.98
????,?? 3 ????????,AUDI,RS 3 Sportback,OK,0.99
????,?? 4 2.7 ?????? ???????,AUDI,RS 4,OK,0.95
????,?? 4 ?????,AUDI,RS 4 Avant,OK,0.99
????,?? 4 ??????,AUDI,RS 4,OK,0.99
????,?? 5,AUDI,RS 5,OK,0.99
????,?? 5 ?????,AUDI,RS 5 Avant,OK,0.99
????,?? 5 ????????,AUDI,RS 5 Sportback,OK,0.99
????,?? 6,AUDI,RS 6,OK,0.99
????,?? 6 ?????,AUDI,RS 6 Avant,OK,0.99
????,?? 6 ????? ??????????,AUDI,RS 6 Avant,OK,0.98
????,?? 6 ?? ?????,AUDI,RS 6 GT Avant,OK,0.98
????,?? 7,AUDI,RS 7,OK,0.99
????,?? 7 ????????,AUDI,RS 7 Sportback,OK,0.99
????,?? 7 ???????? ?????? 4.0 ???,AUDI,RS 7 Sportback,OK,0.95
????,?? ? ???? ??,AUDI,RS e-tron GT,OK,0.99
????,?? ? ???? ?? ??????????,AUDI,RS e-tron GT,OK,0.98
????,?? ?8,AUDI,RS Q8,OK,0.99
????,?? ??3,AUDI,RS Q3,OK,0.99
????,?? ??3 ????????,AUDI,RS Q3 Sportback,OK,0.99
????,??2,AUDI,RS 2,OK,0.99
????,??5 ????????,AUDI,RS 5,OK,0.98
????,??7 ???????? ??????????,AUDI,RS 7 Sportback,OK,0.98
????,? 2 ????,AUDI,S2 Coupe,OK,0.98
????,? 3 ??????,AUDI,S3,OK,0.99
????,? 3 ????????,AUDI,S3,OK,0.98
????,? 3 ????????,AUDI,S3 Sportback,OK,0.99
????,? 4,AUDI,S4,OK,0.99
????,? 4 ?????,AUDI,S4 Avant,OK,0.99
????,? 5,AUDI,S5,OK,0.99
????,? 5 ????,AUDI,S5 Coupe,OK,0.98
????,? 6 4.2 ? 8 ????? ??????,AUDI,S6 Avant,OK,0.95
????,? 6 5.2,AUDI,S6,OK,0.98
????,? 6 ?????,AUDI,S6 Avant,OK,0.99
????,? 6 ??????,AUDI,S6,OK,0.99
????,? 6 ????????,AUDI,S6,OK,0.98
????,? 8,AUDI,S8,OK,0.99
????,? ?? 5 ???,AUDI,SQ5,OK,0.98
????,?1,AUDI,S1,OK,0.99
????,?3,AUDI,S3,OK,0.99
????,?4 ??????,AUDI,S4,OK,0.99
????,?4 ????????,AUDI,S4,OK,0.98
????,?5 ?????,AUDI,S5 Avant,OK,0.99
????,?5 ????????,AUDI,S5 Sportback,OK,0.99
????,?6,AUDI,S6,OK,0.99
????,?6 ?? ? ????,AUDI,S6 Sportback e-tron,OK,0.98
????,?7 ??????,AUDI,S7,OK,0.99
????,?7 ????????,AUDI,S7 Sportback,OK,0.99
????,?8 ????,AUDI,S8,OK,0.98
????,??2,AUDI,SQ2,OK,0.99
????,??5,AUDI,SQ5,OK,0.99
????,??5 ??,AUDI,SQ5 Sportback,OK,0.98
????,??5 ????????,AUDI,SQ5 Sportback,OK,0.99
????,??6 ?? ? ????,AUDI,SQ6 Sportback e-tron,OK,0.98
????,??6 ??? ? ????,AUDI,SQ6 e-tron,OK,0.98
????,??8,AUDI,SQ8,OK,0.99
????,??8 ???????? ? ????,AUDI,SQ8 Sportback e-tron,OK,0.98
????,???7,AUDI,SQ7,OK,0.99
????,??,AUDI,TT,OK,0.99
????,?? ????,AUDI,TT,OK,0.99
????,?? ???????,AUDI,TT Roadster,OK,0.98
????,?? ?? ????,AUDI,TT RS,OK,0.98
????,???,AUDI,TTS,OK,0.99
????,??? ????,AUDI,TTS,OK,0.99
????,??? ????,AUDI,TTS,OK,0.9
??????,??? 230,AUREPA,GSA 230,OK,0.85
??????,??????,OUTBACK,Travel,OK,0.7
???? ?????,?? 1000 ?,AUTO UNION,1000 S,OK,0.95
???????,?1,AUTOCAR,B1,OK,0.9
???????,?2,AUTOCAR,B2,OK,0.9
???????,??1? 21?,AUTOCAR,BR1L 21B,OK,0.8
???????,??2,AUTOCAR,BR2,OK,0.9
???????,???????,AUTOSAN,Bus,OK,0.75
?????????,3???27,ACHLEITNER,3ANR27,OK,0.8
?????????,? ??? 18,ACHLEITNER,A ADR 18,OK,0.8
?????????,??? 16 2,ACHLEITNER,ATR 16 2,OK,0.8
?????????,??? 25 3,ACHLEITNER,ATU 25 3,OK,0.8
?????,???,AHORN,AGR,OK,0.9
?????,???550,AHORN,Van 550,OK,0.95
?????,39??0?,AXXOR,39CP0A,OK,0.8
???,?????,ACE,Award,OK,0.95
???,?????????,ACE,Ambassador,OK,0.95
???,??????? ????????,ACE,Jubilee Diplomat,OK,0.95
???,?????,ACE,Jubilee,OK,0.95
???,????? ???????,ACE,Jubilee Viceroy,OK,0.95
??? ?????,?????? ??? 2,PIAGGIO,Ape 2,OK,70
?????,? 220,ACECO,V 220,OK,85
??????,?? 03 ?? 2,ACERBI,AB 03 RP 2,OK,90
???,??? 250,ACI,VKD 250,OK,75
??????,213 ???,ESCHWEGE,213 HGA,OK,70
? ????,??,KUHN,KA,OK,60
? ? ?,?10 ?,BSA,C10E,OK,90
?.?.?,2000,BVD,2000,OK,70
?????,?? ?? ?? ?? 35,BABBI,DA BV DL HB 35,OK,60
?????,3500,BAVECK,3500,OK,85
??????,?? 4000,BAGELA,BA 4000,OK,95
?????,??? 103,BADER,AAH 103,OK,85
????????,1038,BEYERLAND,1038,OK,80
????????,12035,BEYERLAND,12035,OK,80
????????,12039,BEYERLAND,12039,OK,80
????????,12040,BEYERLAND,12040,OK,80
????????,12047,BEYERLAND,12047,OK,80
????????,14040,BEYERLAND,14040,OK,80
????????,14043,BEYERLAND,14043,OK,80
????????,2031,BEYERLAND,2031,OK,80
????????,2035,BEYERLAND,2035,OK,80
????????,2038,BEYERLAND,2038,OK,80
????????,2039,BEYERLAND,2039,OK,80
????????,2040,BEYERLAND,2040,OK,80
????????,2043,BEYERLAND,2043,OK,80
????????,3.80 2,BEYERLAND,3.8,OK,90
????????,3.80 2 ??????,BEYERLAND,3.80 Deluxe,OK,90
????????,3040,BEYERLAND,3040,OK,80
????????,353 ?,BEYERLAND,353 B,OK,80
????????,4038,BEYERLAND,4038,OK,80
????????,403?,BEYERLAND,403B,OK,80
????????,4040,BEYERLAND,4040,OK,80
????????,4043,BEYERLAND,4043,OK,80
????????,4044,BEYERLAND,4044,OK,80
????????,4045,BEYERLAND,4045,OK,80
????????,4046,BEYERLAND,4046,OK,80
????????,443?,BEYERLAND,443B,OK,80
????????,493 ?,BEYERLAND,493 B,OK,80
????????,6038,BEYERLAND,6038,OK,80
????????,6040,BEYERLAND,6040,OK,80
????????,6042,BEYERLAND,6042,OK,80
????????,????????? 6043,BEYERLAND,6043,OK,90
????????,????????? ????? 3.50 2,BEYERLAND,Quartz 3.50,OK,90
????????,????? 5.00??,BEYERLAND,Vitesse 5.00 CT,OK,90
????????,?????? 3 80 2,BEYERLAND,Vitesse 3.80,OK,90
????????,?????? 3.50 2,BEYERLAND,Vitesse 3.50,OK,90
????????,???????,BEYERLAND,Vitesse,OK,95
????????,?????? 3.80 2,BEYERLAND,Quartz 3.80,OK,90
????????,????? 3.80 ??,BEYERLAND,Quartz 3.80 DD,OK,90
??????,?? 3502,BAETEN,FP 3502,OK,90
????,??30?,BAIC,BJ30,OK,90
????,?5 ????,BAIC,U5 Plus,OK,95
????,?35,BAIC,X35,OK,95
????,?55,BAIC,X55,OK,95
????,?75,BAIC,X75,OK,95
???? ???????,??60,BAIC,BJ60,OK,95
??? ????,???,BYBIKE,One,OK,70
??????,200,BAILEY,200,OK,80
??????,470 4,BAILEY,470-4,OK,90
??????,500 5,BAILEY,500-5,OK,90
??????,550 4,BAILEY,550-4,OK,90
??????,?????????? 440 4,BAILEY,Beachcomber 440-4,OK,95
??????,??????,BAILEY,Verona,OK,95
??????,????????? 100,BAILEY,Discovery 100,OK,95
??????,????????? ?? ??????,BAILEY,Discovery SE Avalon,OK,95
??????,??????? ??????? 6,BAILEY,Senator Indiana,OK,95
??????,???????,BAILEY,Clifton,OK,95
??????,???????,BAILEY,Pageant Magenta,OK,95
??????,????? 450 5,BAILEY,Orion 450-5,OK,95
??????,???????,BAILEY,Pageant,OK,95
??????,??????? 6,BAILEY,Pageant Series 6,OK,95
??????,??????? 7,BAILEY,Pageant Series 7,OK,95
??????,??????? ?????,BAILEY,Pageant Bordeaux,OK,95
??????,??????? ????????,BAILEY,Pageant Bretagne,OK,95
??????,??????? ????????,BAILEY,Pageant Burgundy,OK,95
??????,??????? ????????,BAILEY,Pageant Imperial,OK,95
??????,??????? ?????,BAILEY,Pageant Loire,OK,95
??????,??????? ??????,BAILEY,Pageant Moselle,OK,95
??????,??????? ??????,BAILEY,Pageant Auvergne,OK,95
??????,??????? ????????,BAILEY,Pageant Champagne,OK,95
??????,?????? ??????,BAILEY,Pageant Monarch,OK,95
??????,??????? 2,BAILEY,Pegasus II,OK,95
??????,???????? ?????????,BAILEY,Pageant Majestic,OK,95
??????,??????? ?????????,BAILEY,Pageant Majestic,OK,95
??????,????????,BAILEY,Ranger,OK,95
??????,???????? 380 2,BAILEY,Ranger 380-2,OK,95
??????,???????? 450 2,BAILEY,Ranger 450-2,OK,95
??????,???????? 460 2,BAILEY,Ranger 460-2,OK,95
??????,???????? 460 4,BAILEY,Ranger 460-4,OK,95
??????,???????? 470 4,BAILEY,Ranger 470-4,OK,95
??????,???????? 5 460 2,BAILEY,Ranger Series 5 460-2,OK,95
??????,???????? 500 4,BAILEY,Ranger 500-4,OK,95
??????,???????? 500-5 2000,BAILEY,Ranger 500-5,OK,95
??????,???????? 550 6,BAILEY,Ranger 550-6,OK,95
??????,???????,BAILEY,Senator,OK,95
??????,??????? 5 ???????,BAILEY,Senator Series 5 Indiana,OK,95
??????,??????? 5 ????????,BAILEY,Senator Series 5 Oklahoma,OK,95
??????,??????? 5000,BAILEY,Senator 5000,OK,95
??????,??????? ??????? 6,BAILEY,Senator Arizona Series 6,OK,95
??????,??????? ??????????,BAILEY,Senator California,OK,95
??????,??????? ?5,BAILEY,Senator S5,OK,95
??????,??????? ?6,BAILEY,Senator S6,OK,95
??????,??????? ???????,BAILEY,Senator Wyoming,OK,95
??????,???????,BAILEY,Scorpio,OK,95
??????,??????? ?? ?????????,BAILEY,Unicorn II Barcelona,OK,95
?????,???,BACUS,ATV,OK,70
?????????,8000? ?,BALDINGER,8000X S,OK,90
??????,(??????),BALKAN,Balkan,OK,90
??????,250,BALKAN,250,OK,95
??????,?????????? ?? ????,BALKAN,Geocamper Off Road,OK,90
?????????,??22,BALHANGER,BT22,OK,70
????????,??,BAMINGER,AT,OK,90
???,?? 22 ? 06? 3500??,BAN,PV 22 A 06B 3500AA,OK,60
????,??? 20,BAOS,BAT 20,OK,90
????,???304114,BAOS,BRA304114,OK,90
???????,??????? ?? 49 ?? 11,BAOTIAN,BT49QT-11,OK,95
???????,??????? ?? 49 ??-21,BAOTIAN,BT49QT-21,OK,95
???????,??????? ????? 49,BAOTIAN,Rebel 49,OK,95
???????,?? 49 ?? 12,BAOTIAN,BT49QT-12,OK,95
???????,?? 49 ?? 12 ? 2,BAOTIAN,BT49QT-12P2,OK,95
???????,?? 49 ?? 20 ??,BAOTIAN,BT49QT-20CA,OK,95
???????,?? 49 ?? 9,BAOTIAN,BT49QT-9,OK,95
???????,?? 50 ?? 9,BAOTIAN,BT50QT-9,OK,95
???????,??49?? 9?3,BAOTIAN,BT49QT-9K3,OK,95
???????,??49?? 9?1,BAOTIAN,BT49QT-9S1,OK,95
???????,???? 49,BAOTIAN,Rocky 49,OK,95
???????,???? 49,BAOTIAN,Hero 49,OK,95
???????,?? 2000,BARENTS,AS 2000,OK,90
???????,?? 2000,BARENTS,BL 2000,OK,90
???????,?? 3500 ???,BARENTS,BL 3500 ADS,OK,90
???????,?? 3 ??,BARIVAL,CB 3 AL,OK,75
??????,? 1000 (????.),BARKAS,B1000,OK,95
?????? ?????,??? 170,BAROSSA MOTOR,AAM 170,OK,95
?????? ?????,??250,BAROSSA MOTOR,BS250,OK,95
?????? ?????,????,BAROSSA MOTOR,Quad,OK,90
?????? ?????,?????????,BAROSSA MOTOR,Skywalker,OK,95
?????? ?????,???250,BAROSSA MOTOR,SFM250,OK,95
??????,?????,BARTON,Active,OK,95
??????,??????? ???,BARTON,Fighter Eco,OK,95
?????? ??????,? ???? 125,BARTON MOTORS,B-Max 125,OK,95
?????? ??????,???????,BARTON MOTORS,Volcano,OK,95
?????? ??????,???????,BARTON MOTORS,Explore,OK,95
?????? ??????,?8 ??125,BARTON MOTORS,S8 ZY125,OK,90
?????? ??????,??125 8?,BARTON MOTORS,SK125-8A,OK,95
?????? ??????,??????,BARTON MOTORS,Sprint,OK,95
?????? ??????,?????? ???,BARTON MOTORS,Fighter Eco,OK,95
?????? ??????,????,BARTON MOTORS,Hawk,OK,95
?????? ??????,?5,BARTON MOTORS,C5,OK,90
???????,2000,BARTHAU,2000,OK,95
???????,2700,BARTHAU,2700,OK,95
???????,? 2,BARTHAU,A2,OK,95
???????,?? 2500,BARTHAU,AG 2500,OK,95
???????,?? 751,BARTHAU,ET 751,OK,95
???????,???? ? ?? 27,BARTHAU,Class E ZX 27,OK,95
???????,??,BARTHAU,MZ,OK,95
???????,? 600,BARTHAU,P 600,OK,95
???????,? 750,BARTHAU,P 750,OK,95
???????,?? 1200,BARTHAU,PK 1200,OK,95
???????,?? 2,BARTHAU,PK 2,OK,95
???????,?? 750,BARTHAU,PK 750,OK,95
???????,??,BARTHAU,SP,OK,95
???????,?? 2700,BARTHAU,SP 2700,OK,95
???????,??,BARTHAU,ST,OK,95
???????,? 400,BARTHAU,H 400,OK,95
???????,? 2,BARTHAU,C 2,OK,95
???????,? 2001,BARTHAU,C 2001,OK,95
?????,1800 22,BASIC,1800 22,OK,90
?????,2500? 24,BASIC,2500T 24,OK,90
?????,600 15,BASIC,600 15,OK,90
??????? ???????,?11,BASKENT KARAVAN,B11,OK,95
???????,180557,BATESON,180557,OK,90
???????,48??,BATESON,48LT,OK,95
???????,55 ??,BATESON,55 HB,OK,95
???????,6000,BATESON,6000,OK,95
???????,??,BATESON,PT,OK,95
???,????,BAW,Pony,OK,95
???? ? ???????,? 600,BAFFI & FIORETTI,F 600,OK,95
?????,?? 235,BACHLI,SA 235,OK,90
?????,??? 200 ? 7,BASHAN,ATV 200 S-7,OK,95
?????,???200? 3?,BASHAN,ATV 200 S-3A,OK,95
?????,???250? 11?,BASHAN,ATV 250 S-11B,OK,95
?????,?? 200 ? 3,BASHAN,BS200S-3,OK,95
?????,?? 200 ? 3 ?,BASHAN,BS200S-3A,OK,95
?????,?? 200 ? 7,BASHAN,BS200S-7,OK,95
?????,?? 300 ? 18,BASHAN,BS300S-18,OK,95
???????,?????? 1500,BASOGLU,Caretta 1500,OK,95
????,??????? ?400,BAJAJ,Dominar D400,OK,95
??,01 ?,BV,01 T,OK,60
??,01?,BV,01E,OK,60
??,02?,BV,02T,OK,60
??,2000,BV,2000,OK,60
??,??1,BG,CA1,OK,50
?? ?????,3500 ???? ?,BE-COMBI,3500 Plus B,OK,95
?? ?????,750 ???? ?,BE-COMBI,750 Plus B,OK,95
???????,????,BEDFORD,Blitz,OK,95
???????,??? ?300??,BEELINE,ATV A300SM,OK,95
???????,??????,BEELINE,Veloce,OK,95
???????,??????,BEELINE,Memory,OK,95
???????,?????,BEELINE,Pista,OK,95
???????,????,BEELINE,Tapo,OK,95
?????????,? 19 17,BAYLINER,C 19 17,OK,0.8
?????,???,BECKER,ATB,OK,0.8
???,1600,BELL,1600,OK,0.8
????????,?? 01,BELGARDA,DG01,OK,0.8
??? ???? ?? ????,?? ???????? ?,BENLING,BL Ranger B,OK,0.8
??????,?3,BENALU,B3,OK,0.8
??????,??? 335,BENALU,BRD 335,OK,0.8
??????,?????????? 95,BENALU,Landliner 95,OK,0.8
??????,?????????,BENALU,Optiliner,OK,0.8
??????,?? 34 ? 1,BENALU,TF 34 C 1,OK,0.8
??????,?39,BENALU,C39,OK,0.8
?????,?? 50 ??,BENDA,BD50QT,OK,0.8
?????,????????,BENDA,Darkflag,OK,0.8
?????,???700,BENDA,LFC700,OK,0.8
?????,???????? 500,BENDA,Napoleon 500,OK,0.8
?????,???????? ???,BENDA,Napoleon Bob,OK,0.8
?????,???????? 550 ?2??,BENDA,Redstone 550,OK,0.8
?????,???????,BENDA,Chinchilla,OK,0.8
??????,???????????,BENDER,Frankweiler,OK,0.8
??????,302?,BENELLI,302S,OK,0.8
??????,49 ?,BENELLI,49X,OK,0.8
??????,491,BENELLI,491,OK,0.8
??????,502? ???????,BENELLI,502C,OK,0.8
??????,752?,BENELLI,752S,OK,0.8
??????,??01,BENELLI,BA01,OK,0.8
??????,??? 125 ?,BENELLI,BX 125 S,OK,0.8
??????,?? 125 ?5,BENELLI,BN 125,OK,0.8
??????,??125,BENELLI,BN 125,OK,0.8
??????,??251,BENELLI,BN 251,OK,0.8
??????,??302,BENELLI,BN 302,OK,0.8
??????,????????? 400,BENELLI,Imperiale 400,OK,0.8
??????,???????? 125,BENELLI,Leoncino 125,OK,0.8
??????,???????? 250,BENELLI,Leoncino 250,OK,0.8
??????,???????? 500,BENELLI,Leoncino 500,OK,0.8
??????,???????? 800,BENELLI,Leoncino 800,OK,0.8
??????,???????? ?????,BENELLI,Leoncino Trail,OK,0.8
??????,? 22,BENELLI,N22,OK,0.8
??????,????,BENELLI,Pepe,OK,0.8
??????,???? 50,BENELLI,Pepe 50,OK,0.8
??????,? 1310,BENELLI,T1310,OK,0.8
??????,??? 1130,BENELLI,TNT 1130,OK,0.8
??????,??? 899,BENELLI,TNT 899,OK,0.8
??????,??????? ???????,BENELLI,Tornado Biposto,OK,0.8
??????,??????? ????? ? 125,BENELLI,Tornado Naked T 125,OK,0.8
??????,??? 251,BENELLI,TRK 251,OK,0.8
??????,??? 502 ?,BENELLI,TRK 502 X,OK,0.8
??????,??? 702,BENELLI,TRK 702,OK,0.8
??????,??? 702?,BENELLI,TRK 702X,OK,0.8
??????,???502,BENELLI,TRK 502,OK,0.8
??????,?30 0 1,BENELLI,U30 0 1,OK,0.8
??????,25 ???????,BENZHOU,Sixties 25,OK,0.8
??????,50?????,BENZHOU,Retro 50,OK,0.8
??????,?? 50 ?? 21,BENZHOU,YY50QT-21,OK,0.8
??????,?????? 50,BENZHOU,Classic 50,OK,0.8
??????,????,BENZHOU,Roma,OK,0.8
???????,????????? 967,BENIMAR,Amphitryon 967,OK,0.8
???????,????????? 983,BENIMAR,Amphitryon 983,OK,0.8
???????,?????? 6000 ???,BENIMAR,Europe 6000 STL,OK,0.8
???????,????? 268,BENIMAR,Mileo 268,OK,0.8
???????,????? 344 ??,BENIMAR,Sport 344 Up,OK,0.8
???????,????? 346,BENIMAR,Sport 346,OK,0.8
???????,????? 363,BENIMAR,Sport 363,OK,0.8
???????,?????? 463,BENIMAR,Tessoro 463,OK,0.8
??????,?????,BENTLEY,Azure,OK,0.8
??????,?????,BENTLEY,Arnage,OK,0.8
??????,????????,BENTLEY,Bentayga,OK,0.8
??????,???????? ????? ?8,BENTLEY,Bentayga,OK,0.8
??????,???????? ?12,BENTLEY,Bentayga,OK,0.8
??????,???????? ?8,BENTLEY,Bentayga,OK,0.8
??????,???????? ????????? ??????? ?8,BENTLEY,Bentayga EWB,OK,0.8
??????,???????? ????????? ??????? ????? ?8,BENTLEY,Bentayga EWB,OK,0.8
??????,???????? ? ?8,BENTLEY,Bentayga,OK,0.8
??????,???????? ?????,BENTLEY,Bentayga,OK,0.8
??????,???????? ??????,BENTLEY,Bentayga,OK,0.8
??????,???????????,BENTLEY,Continental,OK,0.8
??????,??????????? ??,BENTLEY,Continental GT,OK,0.8
??????,??????????? ?? ?????,BENTLEY,Continental GT,OK,0.8
??????,??????????? ?? ????? ?8,BENTLEY,Continental GT,OK,0.8
??????,??????????? ?? ?8,BENTLEY,Continental GT,OK,0.8
??????,??????????? ?? ?8 ???????????,BENTLEY,Continental GT Convertible,OK,0.8
??????,??????????? ?? ???????,BENTLEY,Continental GT,OK,0.8
??????,??????????? ?? ?????,BENTLEY,Continental GT,OK,0.8
??????,??????????? ???,BENTLEY,Continental GTC,OK,0.8
??????,??????????? ??? ?????,BENTLEY,Continental GTC,OK,0.8
??????,??????????? ??? ?8,BENTLEY,Continental GTC,OK,0.8
??????,??????????? ??? ???????,BENTLEY,Continental GTC,OK,0.8
??????,??????????? ??? ?????,BENTLEY,Continental GTC,OK,0.8
??????,??????????? ?????? ????,BENTLEY,Continental Flying Spur,OK,0.8
??????,??????????? ?? ?????,BENTLEY,Continental Flying Spur,OK,0.8
??????,??????,BENTLEY,Mulsanne,OK,0.8
??????,?????? ????,BENTLEY,Flying Spur,OK,0.8
??????,?????? ???? ?8 ?,BENTLEY,Flying Spur,OK,0.8
??????,?????? ???? ???????,BENTLEY,Flying Spur,OK,0.8
??????,?????? ???? ??????? ?12,BENTLEY,Flying Spur,OK,0.8
??????,????? ???? ?????,BENTLEY,Flying Spur,OK,0.8
?????,?????,BENTU,Mango,OK,0.8
??????,????,BERGER,LTMN,OK,0.8
??????,???,BERGER,LTN,OK,0.8
??????,????,BERGER,LTCN,OK,0.8
??????,???? 24,BERGER,SAPL 24,OK,0.8
??????,???? 24 ?,BERGER,Sapl 24 L,OK,0.8
??????,???? 24 ???,BERGER,Sapl 24 Ltn,OK,0.8
??????,???? 24 ???,BERGER,Sapl 24 Ltc,OK,0.8
??????,???? 24 ????,BERGER,Sapl 24 Sata,OK,0.8
??????,???? 10.5,BERGER,Sata 10.5,OK,0.8
????????,285,BERGLAND,285,OK,0.8
????????,300 ??,BERGLAND,300 EK,OK,0.8
????????,3100 ??,BERGLAND,3100 KK,OK,0.8
????????,360 ???,BERGLAND,360 EKT,OK,0.8
????????,395 ???,BERGLAND,395 MKT,OK,0.8
????????,3950 ?,BERGLAND,3950 T,OK,0.8
????????,430 ???,BERGLAND,430 MKT,OK,0.8
????????,450 ?,BERGLAND,450 T,OK,0.8
???? ?????,??? 250,BERRY FRANCE,BFR 250,OK,0.8
??????,50?????,BERINI,50 Retro,OK,0.8
??????,?? 50,BERINI,GP 50,OK,0.8
??????,????????? 50,BERINI,Dolcevita 50,OK,0.8
??????,?????? 50,BERINI,Classic 50,OK,0.8
??????,?58,BERINI,M58,OK,0.8
??????,?59,BERINI,M59,OK,0.8
??????,??? 50,BERINI,Mio 50,OK,0.8
??????,??????,BERINI,Napoli,OK,0.8
?????,? 8 ? 1 ? 1,BERCO,B 8 D 1 D 1,OK,0.8
???????,?????? 70 12,BERKHOF,Axial 70 12,OK,0.8
???????,????? 01182,BERNARD,Kufer 01182,OK,0.8
????????,??????????? 330,BERTOJA,Supercondor 330,OK,0.8
???????,186 ????,BERTONE,186 Afoc,OK,0.8
???????,??????????,BERTONE,Freeclimber,OK,0.8
???????,525 ??,BESSACARR,525 SL,OK,0.8
???????,?????,BESSACARR,Cameo,OK,0.8
???????,????? 5002,BESSACARR,Cameo 5002,OK,0.8
???????,????? 600,BESSACARR,Cameo 600,OK,0.8
????????,?21?,BESPALOV,B21R,OK,0.8
????????????,?22,BEST TRAILERS,B22,OK,0.8
????????????,?23,BEST TRAILERS,B23,OK,0.8
????,125 ?? ??????,BETA,RR Motard 125,OK,0.8
????,??? 4.0,BETA,Alp 4.0,OK,0.8
????,?? 50,BETA,BE 50,OK,0.8
????,?? 4,BETA,BS 4,OK,0.8
????,??,BETA,BC,OK,0.8
????,? 2,BETA,E2,OK,0.8
????,? 3,BETA,E3,OK,0.8
????,?7,BETA,E7,OK,0.8
????,?8,BETA,E8,OK,0.8
????,?9,BETA,E9,OK,0.8
????,??,BETA,EG,OK,0.8
????,??,BETA,ED,OK,0.8
????,??,BETA,EE,OK,0.8
????,??,BETA,EZ,OK,0.8
????,????? 50,BETA,Eikon 50,OK,0.8
????,??,BETA,EK,OK,0.8
????,??,BETA,EL,OK,0.8
????,??,BETA,EX,OK,0.8
????,??,BETA,EC,OK,0.8
????,?????? 4,BETA,Motard 4,OK,0.8
????,?????? ?? 50,BETA,Motard MB 50,OK,0.8
????,? ?,BETA,RR,OK,0.8
????,?? 2 ?,BETA,RR 2T,OK,0.8
????,?? 250,BETA,RR 250,OK,0.8
????,?? 4 ?,BETA,RR 4T,OK,0.8
????,?? 4 ? 125 ?? ???? 3,BETA,RR 4T 125,OK,0.8
????,?? 4 ? 400 ??,BETA,RR 4T 400,OK,0.8
????,?? 4 ? 450 ??,BETA,RR 4T 450,OK,0.8
????,?? 4 ? 520 ?? ?? 10,BETA,RR 4T 520,OK,0.8
????,?? 50,BETA,RR 50,OK,0.8
????,?? 525 4 ?,BETA,RR 525 4T,OK,0.8
????,? 2,BETA,T2,OK,0.8
????,??,BETA,TA,OK,0.8
????,??,BETA,TD,OK,0.8
????,??,BETA,TE,OK,0.8
????,??,BETA,TC,OK,0.8
????,????? 4 ? 200 ??,BETA,Urban 200 4T,OK,0.8
????,?2,BETA,C2,OK,0.8
????,?3,BETA,C3,OK,0.8
????,?4002,BETA,C4002,OK,0.8
??????,????,BEULAS,Aura,OK,0.8
????,3?27??69,BEFA,3S27LE69,OK,0.8
???????????,?20,BEFOERDERUNG,A20,OK,0.8
??????,2700,BEHLAU,2700,OK,0.8
?????????????,? 1 ?,BECHAMP TRAILERS,A 1 B,OK,0.8
?????????????,? 1 ?,BECHAMP TRAILERS,A 1 L,OK,0.8
?????????????,? 2 ?,BECHAMP TRAILERS,D 2 A,OK,0.8
?????????????,? 2 ?,BECHAMP TRAILERS,D 2 B,OK,0.8
?????????????,? 2 ?,BECHAMP TRAILERS,D 2 C,OK,0.8
?????????????,? 3 ?,BECHAMP TRAILERS,D 3 C,OK,0.8
?????????????,?3?,BECHAMP TRAILERS,D3B,OK,0.8
?????????????,?2 ?,BECHAMP TRAILERS,C2 N,OK,0.8
???,??,BZS,MA,OK,0.8
???,??? 2,BZS,MSP 2,OK,0.8
???,2006,BIG,2006,OK,0.8
??? ???,?9,BIG DOG,K9,OK,0.8
???,???? 2,BYD,Atto 2,OK,0.8
???,???? 3,BYD,Atto 3,OK,0.8
???,??? ???? ? ?? ?,BYD,Seal U DM-i,OK,0.8
???,??????,BYD,Dolphin,OK,0.8
???,?????? ????,BYD,Dolphin Surf,OK,0.8
???,?6,BYD,e6,OK,0.8
???,???3,BYD,ETP3,OK,0.8
???,??? ????,BYD,Qin Plus,OK,0.8
???,??? ???? ?? ?,BYD,Qin Plus DM-i,OK,0.8
???,?????? 6 ?? ?,BYD,Sealion 6,OK,95
???,?????? 7,BYD,Sealion 7,OK,95
???,????,BYD,Seal,OK,95
???,???? 06 ?? ?,BYD,Seal 06,OK,95
???,???? 5 ??,BYD,Seal 5,OK,95
???,???? ?,BYD,Seal U,OK,95
???,???? ? ?? ?,BYD,Seal U,OK,95
???,??????? 5 ?? ?,BYD,Sealion 5,OK,95
???,??????,BYD,Seagull,OK,95
???,???? ????,BYD,Song Plus,OK,95
???,???? ???,BYD,Song Pro,OK,95
???,???? ??,BYD,Tang,OK,95
???,???? ??,BYD,Tang,OK,95
???,???? ?,BYD,Tang,OK,95
???,???,BYD,Han,OK,95
??????,?? 300,BIEFFE,BF 300,OK,70
??????,?? 6 ?,BIMOTA,SB6R,OK,95
???,?????? 35 6?2,BIN,Master 35,OK,60
??? ??,?? 1200,BINGGE,AK 1200,OK,75
??? ??,???? ??????,BINGGE,Max Motors,OK,70
?????,?? 18,BIRRER,UE 18,OK,85
?? ????????,? 0716?,BK HENGEREN,P 0716T,OK,90
?? ????????,?0716,BK HENGEREN,S0716,OK,90
???????,??1,BLAUGAM,CF1,OK,60
????? ?????,??2000,BLEIL BIKES,AN2000,OK,70
????,1400,BLISS,1400,OK,85
????,?3500,BLISS,A3500,OK,85
????,????,BLISS,Adam,OK,85
????,?????,BLISS,Atlas,OK,85
????,??,BLISS,AH,OK,85
????,?? 27 ?,BLISS,AH 27 B,OK,85
????,?? 27 ?,BLISS,AH 27 E,OK,85
????,?? 30,BLISS,AH 30,OK,85
????,??,BLISS,BG,OK,85
????,??,BLISS,BL,OK,85
????,?? 75,BLISS,BL 75,OK,85
????,?? 752413,BLISS,BL 752413,OK,85
????,?????,BLISS,Bliss,OK,85
????,??,BLISS,BT,OK,85
????,??35,BLISS,DA35,OK,85
????,?????????,BLISS,Discovery,OK,85
????,????????????,BLISS,Indianapolis,OK,85
????,??????,BLISS,Pioneer,OK,85
????,????? 1,BLISS,Sonda 1,OK,85
????,????? 2,BLISS,Sonda 2,OK,85
????,? 35,BLISS,C 35,OK,85
????,??,BLISS,CH,OK,85
????,??????,BLISS,Jupiter,OK,85
?????,??1,BLISZ,AD1,OK,50
?????????,2705 10 ? 002,BLOMENROEHR,2705,OK,90
?????????,5000,BLOMENROEHR,5000,OK,90
?????????,?????????,BLOMENROEHR,Blomenroehr,OK,80
???????,? 1,BLOMERT,T1,OK,90
???????,? 2 ?,BLOMERT,T2B,OK,90
???????,?2,BLOMERT,T2,OK,90
???????,?27,BLOMERT,H27,OK,90
???,340,BLUE,340,OK,50
??? ?????,?,BLUE DREAM,X,OK,70
?????????,? 22 90 ?,BLUMHARDT,L 22 90 E,OK,90
??????,???????50,BLUEROC,Heritage 50,OK,90
???,(???),BMW,BMW,OK,90
???,1,BMW,1 Series,OK,95
???,1 ?? ?????,BMW,1 Series,OK,95
???,1 ?? ????? ? ????,BMW,1M Coupe,OK,95
???,114 ?,BMW,1 Series,OK,95
???,114 ?,BMW,1 Series,OK,95
???,116,BMW,1 Series,OK,95
???,116 ?,BMW,1 Series,OK,95
???,116 ?,BMW,1 Series,OK,95
???,116? ??????? ?????????,BMW,1 Series,OK,95
???,118 ?,BMW,1 Series,OK,95
???,118 ? ? ?????,BMW,1 Series,OK,95
???,118 ?,BMW,1 Series,OK,95
???,120,BMW,1 Series,OK,95
???,120 ?,BMW,1 Series,OK,95
???,120 ? ????,BMW,1 Series,OK,95
???,120 ? ? ?????,BMW,1 Series,OK,95
???,120 ?,BMW,1 Series,OK,95
???,120 ? ??????,BMW,1 Series,OK,95
???,123 ?,BMW,1 Series,OK,95
???,123 ? ????,BMW,1 Series,OK,95
???,123 ??????,BMW,1 Series,OK,95
???,125 ?,BMW,1 Series,OK,95
???,125 ?,BMW,1 Series,OK,95
???,128 ?,BMW,1 Series,OK,95
???,128??,BMW,1 Series,OK,95
???,130 ?,BMW,1 Series,OK,95
???,135,BMW,1 Series,OK,95
???,135?,BMW,1 Series,OK,95
???,1602,BMW,1602,OK,95
???,1800,BMW,1800,OK,95
???,1? ????,BMW,1M Coupe,OK,95
???,2000,BMW,2000,OK,95
???,216,BMW,2 Series,OK,95
???,216 ? ????? ?????,BMW,2 Series Active Tourer,OK,95
???,216 ? ???? ??????,BMW,2 Series Gran Tourer,OK,95
???,216?,BMW,2 Series,OK,95
???,216? ????? ?????,BMW,2 Series Active Tourer,OK,95
???,216? ???? ?????,BMW,2 Series Gran Tourer,OK,95
???,218 ?,BMW,2 Series,OK,95
???,218 ? ????? ??????,BMW,2 Series Active Tourer,OK,0.8
???,218 ? ???? ?????,BMW,2 Series Gran Tourer,OK,0.8
???,218 ?,BMW,2 Series,OK,0.8
???,218 ? ????? ??????,BMW,2 Series Active Tourer,OK,0.8
???,218? ????? ?????,BMW,2 Series Active Tourer,OK,0.8
???,218? ? ????? ???? ?????,BMW,2 Series Gran Tourer,OK,0.8
???,218? ?????? ????? ?????,BMW,2 Series Active Tourer,OK,0.8
???,218?,BMW,2 Series,OK,0.8
???,218? ???? ?????,BMW,2 Series Gran Tourer,OK,0.8
???,220,BMW,2 Series,OK,0.8
???,220 ?,BMW,2 Series,OK,0.8
???,220 ? ????? ?????,BMW,2 Series Active Tourer,OK,0.8
???,220 ? ? ????? ????? ?????,BMW,2 Series Active Tourer,OK,0.8
???,220 ? ? ????? ???? ?????,BMW,2 Series Gran Tourer,OK,0.8
???,220 ?,BMW,2 Series,OK,0.8
???,220? ???? ?????,BMW,2 Series Gran Tourer,OK,0.8
???,220? ??????,BMW,2 Series,OK,0.8
???,220? ????? ?????,BMW,2 Series Active Tourer,OK,0.8
???,220? ???? ?????,BMW,2 Series Gran Tourer,OK,0.8
???,220? ??????,BMW,2 Series,OK,0.8
???,223 ??????,BMW,2 Series,OK,0.8
???,223? ?????? ????? ?????,BMW,2 Series Active Tourer,OK,0.8
???,223? ????? ?????,BMW,2 Series Active Tourer,OK,0.8
???,223? ?????? ????? ?????,BMW,2 Series Active Tourer,OK,0.8
???,225?,BMW,2 Series,OK,0.8
???,225? ?????? ????? ?????,BMW,2 Series Active Tourer,OK,0.8
???,225? ?????? ????? ?????,BMW,2 Series Active Tourer,OK,0.8
???,225?? ????? ?????,BMW,2 Series Active Tourer,OK,0.8
???,225?? ? ??????????,BMW,2 Series Active Tourer,OK,0.8
???,228?,BMW,2 Series,OK,0.8
???,228? ??????,BMW,2 Series,OK,0.8
???,230 ? ??????,BMW,2 Series,OK,0.8
???,230? ?????? ????? ?????,BMW,2 Series Active Tourer,OK,0.8
???,230?,BMW,2 Series,OK,0.8
???,235?,BMW,2 Series,OK,0.8
???,240? ??????,BMW,2 Series,OK,0.8
???,247,BMW,Type 247,OK,0.8
???,248,BMW,Type 248,OK,0.8
???,259,BMW,Type 259,OK,0.8
???,3 ?? ?????,BMW,3 Series,OK,0.8
???,3,BMW,3,OK,0.8
???,3.0 ???,BMW,3.0 CSL,OK,0.8
???,315,BMW,3 Series,OK,0.8
???,316,BMW,3 Series,OK,0.8
???,316 ?,BMW,3 Series,OK,0.8
???,316 ?,BMW,3 Series,OK,0.8
???,316 ? ?????,BMW,3 Series,OK,0.8
???,316 ? ???????,BMW,3 Series,OK,0.8
???,316 ?? ???????,BMW,3 Series,OK,0.8
???,318,BMW,3 Series,OK,0.8
???,318 ?,BMW,3 Series,OK,0.8
???,318 ? ???????,BMW,3 Series,OK,0.8
???,318 ? ? ?????,BMW,3 Series,OK,0.8
???,318 ?,BMW,3 Series,OK,0.8
???,318 ?? ??????,BMW,3 Series,OK,0.8
???,318 ??,BMW,3 Series,OK,0.8
???,318 ??,BMW,3 Series,OK,0.8
???,318 ???,BMW,3 Series,OK,0.8
???,318 ??,BMW,3 Series,OK,0.8
???,318 ??,BMW,3 Series,OK,0.8
???,320,BMW,3 Series,OK,0.8
???,320 ?,BMW,3 Series,OK,0.8
???,320 ? ????? ??????? ? ?????,BMW,3 Series Gran Turismo,OK,0.8
???,320 ? ? ?????,BMW,3 Series,OK,0.8
???,320 ??,BMW,3 Series,OK,0.8
???,320 ?,BMW,3 Series,OK,0.8
???,320 ? ??,BMW,3 Series,OK,0.8
???,320 ? ??????,BMW,3 Series,OK,0.8
???,320 ? ????,BMW,3 Series,OK,0.8
???,320 ? ? ?????,BMW,3 Series,OK,0.8
???,320 ??,BMW,3 Series,OK,0.8
???,320 ?? ???????,BMW,3 Series,OK,0.8
???,320 ??,BMW,3 Series,OK,0.8
???,320 ??,BMW,3 Series,OK,0.8
???,320 ??,BMW,3 Series,OK,0.8
???,320? ???? ???????,BMW,3 Series Gran Turismo,OK,0.8
???,320? ??????? ?????????,BMW,3 Series,OK,0.8
???,320?,BMW,3 Series,OK,0.8
???,320? ??????,BMW,3 Series,OK,0.8
???,323,BMW,3 Series,OK,0.8
???,323 I,BMW,3 Series,OK,0.8
???,323 ?,BMW,3 Series,OK,0.8
???,323 ?? ???????,BMW,3 Series,OK,0.8
???,323 ??,BMW,3 Series,OK,0.8
???,324 ?,BMW,3 Series,OK,0.8
???,325 ?,BMW,3 Series,OK,0.8
???,325 ?,BMW,3 Series,OK,0.8
???,325 ?,BMW,3 Series,OK,0.8
???,325 ??,BMW,3 Series,OK,0.8
???,325 ???,BMW,3 Series,OK,0.8
???,325 ?? ???????,BMW,3 Series,OK,0.8
???,325 ??,BMW,3 Series,OK,0.8
???,325 ??,BMW,3 Series,OK,0.8
???,325? ????????,BMW,3 Series,OK,0.8
???,325? ? ????? ????,BMW,3 Series,OK,0.8
???,325?? ??????,BMW,3 Series,OK,0.8
???,328 ?,BMW,3 Series,OK,0.8
???,328 ?,BMW,3 Series,OK,0.8
???,328 ? ? ?????,BMW,3 Series,OK,0.8
???,328 ??,BMW,3 Series,OK,0.8
???,328 ??,BMW,328,OK,0.99
???,328? ??????,BMW,328,OK,0.99
???,328? ?????? ???? ???????,BMW,328,OK,0.99
???,330 ?,BMW,330,OK,0.99
???,330 ? ??????,BMW,330,OK,0.99
???,330 ? ? ?????,BMW,330,OK,0.99
???,330 ?,BMW,330,OK,0.99
???,330 ?,BMW,330,OK,0.99
???,330 ??,BMW,330,OK,0.99
???,330 ??,BMW,330,OK,0.99
???,330 ??,BMW,330,OK,0.99
???,330 ??,BMW,330,OK,0.99
???,330? ????????????,BMW,330,OK,0.99
???,330? ??????,BMW,330,OK,0.99
???,330? ??????,BMW,330,OK,0.99
???,335 ?,BMW,335,OK,0.99
???,335 ?,BMW,335,OK,0.99
???,335 ? ? ?????,BMW,335,OK,0.99
???,335 ??,BMW,335,OK,0.99
???,335? ? ?????,BMW,335,OK,0.99
???,335? ????,BMW,335,OK,0.99
???,335??,BMW,335,OK,0.99
???,340 ??,BMW,340,OK,0.99
???,340?,BMW,340,OK,0.99
???,340? ? ?????,BMW,340,OK,0.99
???,418 ?,BMW,418,OK,0.99
???,418?,BMW,418,OK,0.99
???,420 ?,BMW,420,OK,0.99
???,420 ? ? ?????,BMW,420,OK,0.99
???,420 ?,BMW,420,OK,0.99
???,420? ? ?????,BMW,420,OK,0.99
???,425 ?,BMW,425,OK,0.99
???,428 ?,BMW,428,OK,0.99
???,428? ???? ????,BMW,428,OK,0.99
???,428? ? ?????,BMW,428,OK,0.99
???,430 ? ? ?????,BMW,430,OK,0.99
???,430?,BMW,430,OK,0.99
???,430?,BMW,430,OK,0.99
???,430? ???? ????,BMW,430,OK,0.99
???,430? ? ?????,BMW,430,OK,0.99
???,435 ? ? ?????,BMW,435,OK,0.99
???,435 ? ? ?????,BMW,435,OK,0.99
???,435?,BMW,435,OK,0.99
???,435?? ???? ????,BMW,435,OK,0.99
???,440?,BMW,440,OK,0.99
???,440? ??????,BMW,440,OK,0.99
???,5 ?? ???? ??????? ?????,BMW,5 Series Gran Turismo,OK,0.95
???,5 ?? ?????,BMW,5 Series,OK,0.95
???,518,BMW,518,OK,0.99
???,518 ?,BMW,518,OK,0.99
???,518?,BMW,518,OK,0.99
???,518? ??,BMW,518,OK,0.99
???,520,BMW,520,OK,0.99
???,520 ?,BMW,520,OK,0.99
???,520 ? ? ?????,BMW,520,OK,0.99
???,520 ?,BMW,520,OK,0.99
???,520? ???????? ????????,BMW,520,OK,0.99
???,523 ?,BMW,523,OK,0.99
???,525,BMW,525,OK,0.99
???,525 ?,BMW,525,OK,0.99
???,525 ? ? ?????,BMW,525,OK,0.99
???,525 ??,BMW,525,OK,0.99
???,525 ?,BMW,525,OK,0.99
???,525 ??,BMW,525,OK,0.99
???,525 ??,BMW,525,OK,0.99
???,525 ???,BMW,525,OK,0.99
???,525 ??? ??????,BMW,525,OK,0.99
???,525 ??,BMW,525,OK,0.99
???,525 ??,BMW,525,OK,0.99
???,528,BMW,528,OK,0.99
???,528 ?,BMW,528,OK,0.99
???,528 ? ? ?????,BMW,528,OK,0.99
???,528??,BMW,528,OK,0.99
???,530 ?,BMW,530,OK,0.99
???,530 ? ??,BMW,530,OK,0.99
???,530 ? ??????,BMW,530,OK,0.99
???,530 ?,BMW,530,OK,0.99
???,530 ??,BMW,530,OK,0.99
???,530 ??,BMW,530,OK,0.99
???,530?,BMW,530,OK,0.99
???,530? ????????????,BMW,530,OK,0.99
???,530? ? ????? ????,BMW,530,OK,0.99
???,530? ??????,BMW,530,OK,0.99
???,530? ?????? ????????????,BMW,530,OK,0.99
???,530? ??????,BMW,530,OK,0.99
???,533 ?,BMW,533,OK,0.99
???,535 ?,BMW,535,OK,0.99
???,535 ? ??????,BMW,535,OK,0.99
???,535 ?,BMW,535,OK,0.99
???,535 ? ??,BMW,535,OK,0.99
???,535 ? ? ?????,BMW,535,OK,0.99
???,535 ??,BMW,535,OK,0.99
???,540,BMW,540,OK,0.99
???,540 ?,BMW,540,OK,0.99
???,540 ??,BMW,540,OK,0.99
???,540? ??????,BMW,540,OK,0.99
???,540? ??????,BMW,540,OK,0.99
???,545 ? ??????,BMW,545,OK,0.99
???,545 ?,BMW,545,OK,0.99
???,550 ?,BMW,550,OK,0.99
???,550 ? ??,BMW,5 Series,OK,0.95
???,550 ? ? ?????,BMW,5 Series,OK,0.95
???,550? ??????,BMW,5 Series,OK,0.95
???,560 ?,BMW,5 Series,OK,0.7
???,6 ?? ?????,BMW,6 Series,OK,0.99
???,620?,BMW,6 Series,OK,0.95
???,628,BMW,6 Series,OK,0.95
???,630 ?,BMW,6 Series,OK,0.95
???,630 ??,BMW,6 Series,OK,0.95
???,630?,BMW,6 Series,OK,0.95
???,630? ??????,BMW,6 Series,OK,0.95
???,633 ???,BMW,6 Series,OK,0.95
???,635,BMW,6 Series,OK,0.95
???,635 ???,BMW,6 Series,OK,0.95
???,635 ? ????,BMW,6 Series,OK,0.95
???,635???,BMW,6 Series,OK,0.95
???,640 ?,BMW,6 Series,OK,0.95
???,640 ? ? ?????,BMW,6 Series,OK,0.95
???,640?,BMW,6 Series,OK,0.95
???,640? ???? ????,BMW,6 Series,OK,0.95
???,640? ??????,BMW,6 Series,OK,0.95
???,645 ??,BMW,6 Series,OK,0.95
???,650,BMW,6 Series,OK,0.95
???,650 ?,BMW,6 Series,OK,0.95
???,650 ? ??????,BMW,6 Series,OK,0.95
???,650 ? ? ?????,BMW,6 Series,OK,0.95
???,650? ???? ????,BMW,6 Series,OK,0.95
???,7 ?? ?????,BMW,7 Series,OK,0.99
???,700,BMW,700,OK,0.9
???,725 ???,BMW,7 Series,OK,0.95
???,728,BMW,7 Series,OK,0.95
???,728 ??,BMW,7 Series,OK,0.95
???,730,BMW,7 Series,OK,0.95
???,730 ?,BMW,7 Series,OK,0.95
???,730 DE,BMW,7 Series,OK,0.95
???,730 ?,BMW,7 Series,OK,0.95
???,730 ??,BMW,7 Series,OK,0.95
???,730 ??,BMW,7 Series,OK,0.95
???,730 ?? ? ?????,BMW,7 Series,OK,0.95
???,730? ? ?????,BMW,7 Series,OK,0.95
???,732,BMW,7 Series,OK,0.95
???,735 ?,BMW,7 Series,OK,0.95
???,740,BMW,7 Series,OK,0.95
???,740 ?,BMW,7 Series,OK,0.95
???,740 ? ? ?????,BMW,7 Series,OK,0.95
???,740 ? ??????,BMW,7 Series,OK,0.95
???,740 ?,BMW,7 Series,OK,0.95
???,740 ? ??????,BMW,7 Series,OK,0.95
???,740 ??,BMW,7 Series,OK,0.95
???,740 ??,BMW,7 Series,OK,0.95
???,740 ?? ? ?????,BMW,7 Series,OK,0.95
???,740 ??,BMW,7 Series,OK,0.95
???,740 ??????,BMW,7 Series,OK,0.95
???,740? ??????,BMW,7 Series,OK,0.95
???,740?? ? ????? ? ??????????,BMW,7 Series,OK,0.95
???,740?? ??????,BMW,7 Series,OK,0.95
???,745 ?,BMW,7 Series,OK,0.95
???,745 ?,BMW,7 Series,OK,0.95
???,745 ??,BMW,7 Series,OK,0.95
???,745?,BMW,7 Series,OK,0.95
???,745?? ??????,BMW,7 Series,OK,0.95
???,750,BMW,7 Series,OK,0.95
???,750 ?,BMW,7 Series,OK,0.95
???,750 ? ? ?????,BMW,7 Series,OK,0.95
???,750 ??,BMW,7 Series,OK,0.95
???,750 ???,BMW,7 Series,OK,0.95
???,750 ? ? ? ?????,BMW,7 Series,OK,0.95
???,750 ??,BMW,7 Series,OK,0.95
???,750 ?? ? ?????,BMW,7 Series,OK,0.95
???,750? ??????,BMW,7 Series,OK,0.95
???,750? ??????,BMW,7 Series,OK,0.95
???,760 ?,BMW,7 Series,OK,0.95
???,760 ? ????????? ???? ?????,BMW,7 Series,OK,0.95
???,840 ??,BMW,8 Series,OK,0.95
???,840? ??????,BMW,8 Series,OK,0.95
???,840?,BMW,8 Series,OK,0.95
???,840? ??????,BMW,8 Series,OK,0.95
???,850,BMW,8 Series,OK,0.95
???,850 ?,BMW,8 Series,OK,0.95
???,?? 3,BMW,i3,OK,0.99
???,?? 4 ???? ????? 40,BMW,i4,OK,0.99
???,??4 ??????40,BMW,i4,OK,0.99
???,??4 ?50,BMW,i4,OK,0.99
???,??5 ??????40,BMW,i5,OK,0.99
???,????? ?????? 7?? ?????,BMW,7 Series,OK,0.95
???,????? ?????? ? ?????,BMW,ActiveHybrid X,OK,0.7
???,??????????? 3,BMW,3 Series,OK,0.95
???,??????,BMW,Alpina,OK,0.8
???,?????? ?7 ??????,BMW,Alpina B7,OK,0.95
???,???,BMW,Unknown,OK,0.5
???,? 310 ??,BMW,G 310 GS,OK,0.99
???,? 310 ?,BMW,G 310 R,OK,0.99
???,? 450 ?,BMW,G 450 X,OK,0.99
???,? 650 ??,BMW,G 650 GS,OK,0.99
???,? 650 ?? ??????,BMW,G 650 GS Sertao,OK,0.99
???,? 650 ? ???????,BMW,G 650 Xchallenge,OK,0.99
???,? 650 ???????,BMW,G 650 Xcountry,OK,0.99
???,??550? ?????????,BMW,5 Series,OK,0.9
???,? 3,BMW,Z3,OK,0.99
???,? 3 1.8,BMW,Z3,OK,0.99
???,? 3 ????,BMW,Z3,OK,0.95
???,? 4,BMW,Z4,OK,0.99
???,? 4 ? ????? 23 ?,BMW,Z4,OK,0.98
???,? 4 ? ????? 35 ?,BMW,Z4,OK,0.98
???,? ?????,BMW,Z Series,OK,0.9
???,?4 ?40?,BMW,Z4,OK,0.98
???,?4 ? ????? 18?,BMW,Z4,OK,0.98
???,?4 ??????20?,BMW,Z4,OK,0.98
???,?4 ??????30?,BMW,Z4,OK,0.98
???,?3,BMW,i3,OK,0.99
???,?3 ?????? ?????????,BMW,i3,OK,0.98
???,?3?,BMW,i3,OK,0.98
???,?3? ?????? ?????????,BMW,i3,OK,0.98
???,?4 ??????35,BMW,i4,OK,0.98
???,?4 ??????40,BMW,i4,OK,0.98
???,?4 ?50,BMW,i4,OK,0.98
???,?4 ?50 ??????,BMW,i4,OK,0.98
???,?4 ?60 ??????,BMW,i4,OK,0.85
???,?4 ??????40,BMW,i4,OK,0.98
???,?5 ??????40,BMW,i5,OK,0.98
???,?5 ?60 ??????,BMW,i5,OK,0.98
???,?5 ??????40,BMW,i5,OK,0.98
???,?7 ??????50,BMW,i7,OK,0.98
???,?7 ?70 ??????,BMW,i7,OK,0.98
???,?7 ??????60,BMW,i7,OK,0.98
???,?8,BMW,i8,OK,0.99
???,?????,BMW,Isetta,OK,0.95
???,?? ?60,BMW,iX,OK,0.98
???,?? ?70 ??????,BMW,iX,OK,0.85
???,?? ??????40,BMW,iX,OK,0.98
???,?? ??????45,BMW,iX,OK,0.85
???,?? ??????50,BMW,iX,OK,0.98
???,?? ??????60,BMW,iX,OK,0.98
???,??1 ??????20,BMW,iX1,OK,0.98
???,??1 ??????30,BMW,iX1,OK,0.98
???,??2 ??????20,BMW,iX2,OK,0.98
???,??2 ??????30,BMW,iX2,OK,0.98
???,??3,BMW,iX3,OK,0.99
???,??3 40,BMW,iX3,OK,0.95
???,??3 50 ??????,BMW,iX3,OK,0.8
???,? 100,BMW,K 100,OK,0.95
???,? 100 ??,BMW,K 100,OK,0.95
???,? 100 ??,BMW,K 100,OK,0.95
???,? 1100 ??,BMW,K 1100,OK,0.95
???,? 1100 ??,BMW,K 1100,OK,0.95
???,? 1200 ??,BMW,K 1200,OK,0.95
???,? 1200 ??,BMW,K 1200,OK,0.95
???,? 1200 ?,BMW,K 1200,OK,0.95
???,? 1200 ??,BMW,K 1200,OK,0.95
???,? 1200 ?,BMW,K 1200,OK,0.95
???,? 1300 ??,BMW,K 1300,OK,0.95
???,? 1300 ?,BMW,K 1300,OK,0.95
???,? 1300 ?,BMW,K 1300,OK,0.95
???,? 1600 ?,BMW,K 1600,OK,0.95
???,? 1600 ??,BMW,K 1600,OK,0.95
???,? 1600 ???,BMW,K 1600,OK,0.95
???,? 1600 ??? ????????,BMW,K 1600,OK,0.95
???,? 75,BMW,K 75,OK,0.95
???,? 1000 ?,BMW,M 1000,OK,0.95
???,? 1000 ??,BMW,M 1000,OK,0.95
???,? 1000 ??,BMW,M 1000,OK,0.95
???,? 135 ? ? ?????,BMW,M135i,OK,0.95
???,? 235 ?,BMW,M235i,OK,0.95
???,? 235? ? ?????,BMW,M235i,OK,0.95
???,? 3,BMW,M3,OK,0.99
???,? 3 ??????,BMW,M3,OK,0.98
???,? 3 ????,BMW,M3,OK,0.98
???,? 3 ???,BMW,M3,OK,0.98
???,? 4,BMW,M4,OK,0.99
???,? 5,BMW,M5,OK,0.99
???,? 5 ??????????,BMW,M5,OK,0.98
???,? 550 ?,BMW,M550d,OK,0.95
???,? 550 ? ??????,BMW,M550d,OK,0.95
???,? 6,BMW,M6,OK,0.99
???,? ????,BMW,M Coupe,OK,0.95
???,?135 ??????,BMW,M135i,OK,0.95
???,?135? ????,BMW,M135i,OK,0.95
???,?140?,BMW,M140i,OK,0.95
???,?140? ??????,BMW,M140i,OK,0.95
???,?2,BMW,M2,OK,0.99
???,?2 ?????????,BMW,M2,OK,0.98
???,?2 ??,BMW,M2,OK,0.98
???,?235 ??????,BMW,M235i,OK,0.95
???,?235?,BMW,M235i,OK,0.95
???,?235? ??????,BMW,M235i,OK,0.95
???,?240?,BMW,M240i,OK,0.95
???,?240? ??????,BMW,M240i,OK,0.95
???,?3 ??????????,BMW,M3,OK,0.98
???,?3 ?????????? ? ??????,BMW,M3,OK,0.98
???,?3 ??,BMW,M3,OK,0.98
???,?340? ??????,BMW,M340d,OK,0.95
???,?340?,BMW,M340i,OK,0.95
???,?340? ??????,BMW,M340i,OK,0.95
???,?4 ???,BMW,M4,OK,0.98
???,?4 ??????????? ??????,BMW,M4,OK,0.98
???,?4 ??????????,BMW,M4,OK,0.98
???,?4 ?????????? ? ??????,BMW,M4,OK,0.98
???,?4 ??,BMW,M4,OK,0.98
???,?440?,BMW,M440i,OK,0.95
???,?440? ??????,BMW,M440i,OK,0.95
???,?5 ??????????,BMW,M5,OK,0.95
???,?5 ??,BMW,M5 CS,OK,0.95
???,?550? ??????,BMW,M550d,OK,0.95
???,?550? ??????,BMW,M550i,OK,0.95
???,?760? ??????,BMW,M760e,OK,0.95
???,?760?? ??????,BMW,M760Li,OK,0.95
???,?8,BMW,M8,OK,0.95
???,?8 ??????????,BMW,M8,OK,0.95
???,?850? ??????,BMW,M850i,OK,0.95
???,???? ???,MINI,One,OK,0.9
???,? 100 ??,BMW,R 100 RS,OK,0.95
???,? 100 ??,BMW,R 100 RT,OK,0.95
???,? 1100 ??,BMW,R 1100 GS,OK,0.95
???,? 1100 ?,BMW,R 1100 R,OK,0.95
???,? 1100 ??,BMW,R 1100 RS,OK,0.95
???,? 1100 ??,BMW,R 1100 RT,OK,0.95
???,? 1100 ?,BMW,R 1100 S,OK,0.95
???,? 1150 ??,BMW,R 1150 GS,OK,0.95
???,? 1150 ?? ????????,BMW,R 1150 GS Adventure,OK,0.95
???,? 1150 ?,BMW,R 1150 R,OK,0.95
???,? 1150 ? ???????,BMW,R 1150 R Rockster,OK,0.95
???,? 1150 ??,BMW,R 1150 RS,OK,0.95
???,? 1150 ??,BMW,R 1150 RT,OK,0.95
???,? 12,BMW,R 12,OK,0.95
???,? 12 ??,BMW,R 12 GS,OK,0.95
???,? 12 ???? ?,BMW,R 12 nineT,OK,0.95
???,? 1200 ??,BMW,R 1200 GS,OK,0.95
???,? 1200 ?? ????????,BMW,R 1200 GS Adventure,OK,0.95
???,? 1200 ?,BMW,R 1200 R,OK,0.95
???,? 1200 ??,BMW,R 1200 RS,OK,0.95
???,? 1200 ??,BMW,R 1200 RT,OK,0.95
???,? 1200 ??,BMW,R 1200 ST,OK,0.95
???,? 1200 ?,BMW,R 1200 C,OK,0.95
???,? 1250 ??,BMW,R 1250 GS,OK,0.95
???,? 1250 ?? ????????,BMW,R 1250 GS Adventure,OK,0.95
???,? 1250 ?,BMW,R 1250 R,OK,0.95
???,? 1250 ??,BMW,R 1250 RS,OK,0.95
???,? 1250 ??,BMW,R 1250 RT,OK,0.95
???,? 1300 ??,BMW,R 1300 GS,OK,0.95
???,? 1300 ?? ????????,BMW,R 1300 GS Adventure,OK,0.95
???,? 1300 ?,BMW,R 1300 R,OK,0.95
???,? 1300 ??,BMW,R 1300 RS,OK,0.95
???,? 1300 ??,BMW,R 1300 RT,OK,0.95
???,? 18,BMW,R 18,OK,0.95
???,? 18 ?,BMW,R 18 B,OK,0.95
???,? 18 ??????,BMW,R 18 Classic,OK,0.95
???,? 18 ??????,BMW,R 18 Roctane,OK,0.95
???,? 18 ????????????????,BMW,R 18 Transcontinental,OK,0.95
???,? 25 3,BMW,R 25/3,OK,0.95
???,? 27,BMW,R 27,OK,0.95
???,? 51 3,BMW,R 51/3,OK,0.95
???,? 71,BMW,R 71,OK,0.95
???,? 75,BMW,R 75,OK,0.95
???,? 80,BMW,R 80,OK,0.95
???,? 850 ?,BMW,R 850 R,OK,0.95
???,? 850 ??,BMW,R 850 RT,OK,0.95
???,? ???? ? ???,BMW,R nineT Pure,OK,0.95
???,? ???? ? ????? ? ?,BMW,R nineT Urban G/S,OK,0.95
???,? ???? ?,BMW,R nineT,OK,0.95
???,?50,BMW,R 50,OK,0.95
???,? 1000 ?,BMW,S 1000 R,OK,0.95
???,? 1000 ??,BMW,S 1000 RR,OK,0.95
???,? 1000 ??,BMW,S 1000 XR,OK,0.95
???,????? ?,BMW,X Series,OK,0.7
???,?? ????????,BMW,C Evolution,OK,0.95
???,?,BMW,F Series,OK,0.5
???,? 450 ??,BMW,F 450 GS,OK,0.95
???,? 650,BMW,F 650,OK,0.95
???,? 650 ??,BMW,F 650 GD,OK,0.6
???,? 650 ??,BMW,F 650 GS,OK,0.95
???,? 650 ??,BMW,F 650 ST,OK,0.95
???,? 650 ??,BMW,F 650 CS,OK,0.95
???,? 700 ??,BMW,F 700 GS,OK,0.95
???,? 750 ??,BMW,F 750 GS,OK,0.95
???,? 800 ??,BMW,F 800 GS,OK,0.95
???,? 800 ?? ????????,BMW,F 800 GS Adventure,OK,0.95
???,? 800 ??,BMW,F 800 GT,OK,0.95
???,? 800 ?,BMW,F 800 R,OK,0.95
???,? 800 ?,BMW,F 800 S,OK,0.95
???,? 800 ??,BMW,F 800 ST,OK,0.95
???,? 850 ??,BMW,F 850 GS,OK,0.95
???,? 850 ?? ????????,BMW,F 850 GS Adventure,OK,0.95
???,? 900 ??,BMW,F 900 GS,OK,0.95
???,? 900 ?? ????????,BMW,F 900 GS Adventure,OK,0.95
???,? 900 ?,BMW,F 900 R,OK,0.95
???,? 900 ? ?2,BMW,F 900 R,OK,0.95
???,? 900 ??,BMW,F 900 XR,OK,0.95
???,? 900 ?? ?2,BMW,F 900 XR,OK,0.95
???,? 1,BMW,X1,OK,0.95
???,? 1 ????? 28 ?,BMW,X1,OK,0.95
???,? 1 ? ????? 20 ?,BMW,X1,OK,0.95
???,? 1 ? ????? 18 ?,BMW,X1,OK,0.95
???,? 1 ? ????? 18?,BMW,X1,OK,0.95
???,? 1 ? ????? 20 ?,BMW,X1,OK,0.95
???,? 1 ? ????? 20 ?,BMW,X1,OK,0.95
???,? 1 ? ????? 23 ?,BMW,X1,OK,0.95
???,? 1 ? ????? 25 ?,BMW,X1,OK,0.95
???,? 1 ? ????? 28 ?,BMW,X1,OK,0.95
???,? 3,BMW,X3,OK,0.95
???,? 3 2.0 ?,BMW,X3,OK,0.95
???,? 3 ? ?????,BMW,X3,OK,1
???,? 3 ? ????? 20?,BMW,X3,OK,1
???,? 3 ? ????? 28 ?,BMW,X3,OK,1
???,? 3 ? ????? 30 ?,BMW,X3,OK,1
???,? 3 ? ????? 35 ?,BMW,X3,OK,1
???,? 3 ?????? 20 ?,BMW,X3,OK,1
???,? 3 ??????? 1.8 ?,BMW,X3,OK,1
???,? 4 ? ??????????,BMW,X4 M,OK,0.95
???,? 4 ? ????? 30 ?,BMW,X4,OK,1
???,? 4 ? ????? 35 ?,BMW,X4,OK,1
???,? 5,BMW,X5,OK,1
???,? 5 3.0 ??,BMW,X5,OK,1
???,? 5 3.0 ??,BMW,X5,OK,1
???,? 5 4.8 ??,BMW,X5,OK,1
???,? 5 ?,BMW,X5 M,OK,1
???,? 5 ? 50 ?,BMW,X5,OK,1
???,? 5 ? ????? 30?,BMW,X5,OK,1
???,? 5 ? ????? 35 ?,BMW,X5,OK,1
???,? 5 ? ????? 40 ?,BMW,X5,OK,1
???,? 5 ? ????? 40?,BMW,X5,OK,1
???,? 6 3.0 ?,BMW,X6,OK,1
???,? 6 3.5 ?,BMW,X6,OK,1
???,? 6 5.0 ?,BMW,X6,OK,1
???,? 6 ?,BMW,X6 M,OK,1
???,? 6 ? ????? 30?,BMW,X6,OK,1
???,? 6 ? ????? 35 ?,BMW,X6,OK,1
???,? 6 ? ????? 35 ?,BMW,X6,OK,1
???,? 6 ? ????? 40 ?,BMW,X6,OK,1
???,? 6 ? ????? 50 ?,BMW,X6,OK,1
???,? 7 ? ????? 40 ?,BMW,X7,OK,1
???,? ????? 35 ?,BMW,X,OK,0.6
???,? ?????,BMW,X Series,OK,0.7
???,?1 ?35? ??????,BMW,X1,OK,1
???,?1 ? ????? 16?,BMW,X1,OK,1
???,?1 ? ????? 18 ?,BMW,X1,OK,1
???,?1 ? ????? 18 ?,BMW,X1,OK,1
???,?1 ? ????? 18?,BMW,X1,OK,1
???,?1 ? ????? 20 ?,BMW,X1,OK,1
???,?1 ? ????? 25 ?,BMW,X1,OK,1
???,?1 ??????,BMW,X1,OK,1
???,?1 ?????? 18?,BMW,X1,OK,1
???,?1 ??????20?,BMW,X1,OK,1
???,?1 ??????23?,BMW,X1,OK,1
???,?1 ??????25?,BMW,X1,OK,1
???,?1 ??????30?,BMW,X1,OK,1
???,?2,BMW,X2,OK,1
???,?2 ?35?,BMW,X2,OK,1
???,?2 ?35? ??????,BMW,X2,OK,1
???,?2 ?????? 16?,BMW,X2,OK,1
???,?2 ??????18?,BMW,X2,OK,1
???,?2 ??????18?,BMW,X2,OK,1
???,?2 ??????20?,BMW,X2,OK,1
???,?2 ??????20?,BMW,X2,OK,1
???,?2 ?????? 18?,BMW,X2,OK,1
???,?2 ?????? 28?,BMW,X2,OK,1
???,?2 ??????20?,BMW,X2,OK,1
???,?2 ??????20?,BMW,X2,OK,1
???,?2 ??????25?,BMW,X2,OK,1
???,?2 ??????25?,BMW,X2,OK,1
???,?3,BMW,X3,OK,1
???,?3 20 ??????,BMW,X3,OK,1
???,?3 20? ??????,BMW,X3,OK,1
???,?3 3.0 ?,BMW,X3,OK,1
???,?3 30? ??????,BMW,X3,OK,1
???,?3 40? ??????,BMW,X3,OK,1
???,?3 ?,BMW,X3 M,OK,1
???,?3 ? ??????????,BMW,X3 M,OK,0.95
???,?3 ?40?,BMW,X3,OK,1
???,?3 ?40?,BMW,X3,OK,1
???,?3 ?50 ??????,BMW,X3,OK,1
???,?3 ? ????? 18?,BMW,X3,OK,1
???,?3 ? ????? 20?,BMW,X3,OK,1
???,?3 ?? ? ????? ?,BMW,X3,OK,1
???,?3 ?????? 28?,BMW,X3,OK,1
???,?3 ??????30?,BMW,X3,OK,1
???,?3 ? ????? 20 ?,BMW,X3,OK,1
???,?3 ? ????? 35 ?,BMW,X3,OK,1
???,?3 ?????? 18?,BMW,X3,OK,1
???,?3 ?????? 20 ?,BMW,X3,OK,1
???,?3 ?????? 20?,BMW,X3,OK,1
???,?3 ?????? 35 ?,BMW,X3,OK,1
???,?3 ??????25?,BMW,X3,OK,1
???,?3 ??????28?,BMW,X3,OK,1
???,?3 ??????30?,BMW,X3,OK,1
???,?3 ??????30?,BMW,X3,OK,1
???,?4,BMW,X4,OK,1
???,?4 ?,BMW,X4 M,OK,1
???,?4 ?40?,BMW,X4,OK,1
???,?4 ?40?,BMW,X4,OK,1
???,?4 ? ????? 20?,BMW,X4,OK,1
???,?4 ? ????? 28?,BMW,X4,OK,1
???,?4 ? ????? 35?,BMW,X4,OK,1
???,?4 ??????,BMW,X4,OK,1
???,?4 ?????? 20?,BMW,X4,OK,1
???,?4 ??????30?,BMW,X4,OK,1
???,?5 3.0 ?,BMW,X5,OK,1
???,?5 3.0??,BMW,X5,OK,1
???,?5 35? ??????,BMW,X5,OK,1
???,?5 40?,BMW,X5,OK,1
???,?5 ? 60 ?,BMW,X5,OK,1
???,?5 ? ??????????,BMW,X5 M,OK,0.95
???,?5 ?50?,BMW,X5,OK,0.95
???,?5 ?60? ??????,BMW,X5,OK,0.95
???,?5 ??????40?,BMW,X5,OK,0.95
???,?5 ??????25?,BMW,X5,OK,0.95
???,?5 ? ????? 40?,BMW,X5,OK,0.95
???,?5 ? ????? 50 ?,BMW,X5,OK,0.95
???,?5 ?????? 25?,BMW,X5,OK,0.95
???,?5 ?????? 35?,BMW,X5,OK,0.95
???,?5 ??????30?,BMW,X5,OK,0.95
???,?5 ??????40? ????????????,BMW,X5,OK,0.95
???,?5 ??????40?,BMW,X5,OK,0.95
???,?5 ??????45?,BMW,X5,OK,0.95
???,?5 ??????48?,BMW,X5,OK,0.95
???,?5 ??????50?,BMW,X5,OK,0.95
???,?6,BMW,X6,OK,0.99
???,?6 ? 50?,BMW,X6,OK,0.95
???,?6 ? ??????????,BMW,X6 M,OK,0.95
???,?6 ?50?,BMW,X6,OK,0.95
???,?6 ?60? ??????,BMW,X6,OK,0.95
???,?6 ? ????? 30?,BMW,X6,OK,0.95
???,?6 ? ????? 40 ?,BMW,X6,OK,0.95
???,?6 ??????30? ? ?????,BMW,X6,OK,0.95
???,?6 ??????40? ? ?????,BMW,X6,OK,0.95
???,?6 ??????40?,BMW,X6,OK,0.95
???,?6 ??????40? ? ?????,BMW,X6,OK,0.95
???,?7,BMW,X7,OK,0.99
???,?7 ?50?,BMW,X7,OK,0.95
???,?7 ?50?,BMW,X7,OK,0.95
???,?7 ?60? ??????,BMW,X7,OK,0.95
???,?7 ??????30?,BMW,X7,OK,0.95
???,?7 ??????40?,BMW,X7,OK,0.95
???,?7 ??????50?,BMW,X7,OK,0.95
???,???? ?? ??????,BMW,XM,OK,0.95
???,??,BMW,XM,OK,0.99
???,?? 50?,BMW,XM,OK,0.95
???,? 1 125,BMW,C1,OK,0.95
???,? 1 200 ?????????,BMW,C1,OK,0.95
???,? 400 ??,BMW,C 400 GT,OK,0.95
???,? 400 ?,BMW,C 400 X,OK,0.95
???,? 600 ?????,BMW,C 600 Sport,OK,0.95
???,? 650 ??,BMW,C 650 GT,OK,0.95
???,? 650 ?????,BMW,C 650 Sport,OK,0.95
???,?? 02,BMW,CE 02,OK,0.95
???,??04,BMW,CE 04,OK,0.95
??? ?,?3,BMW,i3,OK,0.99
??? ?,?3?,BMW,i3,OK,0.95
??? ?,?8,BMW,i8,OK,0.99
???,???? 07.25,BMD,Beta,OK,0.9
???,???? 13.25,BMD,Beta,OK,0.9
???,???? 26.40,BMD,Beta,OK,0.9
???,???? 70 40,BMD,Beta,OK,0.9
???,????? 35.60,BMD,Omega,OK,0.9
??? ???,???? 07.20,BMD,Alfa,OK,0.9
???,???? ?3 ??,BMS,Alfa,OK,0.85
???,???? ?3?,BMS,Alfa,OK,0.85
???,220 ???,BMC,220 SLF,OK,0.9
???,250 ???,BMC,250 SCB,OK,0.9
???,320 ??????? ???? ???,BMC,Procity,OK,0.95
???,?????,BMC,Alyos,OK,0.9
???,??????,BMC,Probus,OK,0.95
???,?????? 850 ???,BMC,Probus,OK,0.95
?????????,??011,BNECOZONE,BN011,OK,0.7
?????????,??027 2,BNECOZONE,BN027,OK,0.7
?????????,??030,BNECOZONE,BN030,OK,0.7
?????????,??603,BNECOZONE,BN603,OK,0.7
????,???,BOAT,Trailer,OK,0.5
????,?????,BOVA,Magiq,OK,0.95
????,??????,BOVA,Futura,OK,0.95
????,?????? ??? 127 365 ??,BOVA,Futura,OK,0.95
????,??? 127 365,BOVA,Futura,OK,0.9
????,??? 13 380,BOVA,Futura,OK,0.9
????,??? 14 370,BOVA,Futura,OK,0.9
??????,??? 3? ?,BODEX,KIS,OK,0.9
??????,???3??,BODEX,KIS,OK,0.9
??????,??,BODEX,PL,OK,0.85
?????,331335,BODEN,331335,OK,0.6
????,??????,BODO,Panther,OK,0.85
????,????????,BODO,Striker,OK,0.85
????,?????? ?????,BODO,Thunder Speed,OK,0.85
???????,??????,BOEGLIN,BPLRRD,OK,0.5
??????,??????,BOCKER,Piccolo,OK,0.9
??????,?? 16,BOCKER,HD 16,OK,0.9
??????,?? 20,BOCKER,HD 20,OK,0.9
??????,?? 25,BOCKER,HD 25,OK,0.9
??????,?? 26 ?,BOCKER,HD 26 K,OK,0.9
???????,?? 25,BORNER,TS 25,OK,0.7
???????,????,BOCKENEM,Mine,OK,0.6
??????,2000,BOCKMANN,2000,OK,0.9
??????,600,BOCKMANN,600,OK,0.9
??????,??2111 75,BOCKMANN,AB2111,OK,0.9
??????,??1,BOCKMANN,AU1,OK,0.9
??????,????,BOCKMANN,BMSA,OK,0.9
??????,??????? ?? 1,BOCKMANN,AL 1,OK,0.9
??????,??????? ???6115,BOCKMANN,ALB 6115,OK,0.9
??????,??????? ???,BOCKMANN,Alu,OK,0.9
??????,??????? ??,BOCKMANN,AN,OK,0.9
??????,??????? ??,BOCKMANN,AT,OK,0.9
??????,??????? ??? 4019 27,BOCKMANN,ATA 4019,OK,0.9
??????,??????? ???? 3015 35,BOCKMANN,BMSA 3015,OK,0.9
????,?6 50 ???? ?,AUDI,A6,99%,OK
????,?6 55 ???? ?,AUDI,A6,99%,OK
???,730 ??,BMW,730d,95%,OK
??????,??????? ? 4,BOECKMANN,K4,90%,OK
??????,??????? ???,BOECKMANN,PHA,90%,OK
??????,??????? ??? ? ? 305165 200,BOECKMANN,PHA P V 305/165,85%,OK
??????,??????? ?2,BOECKMANN,T2,90%,OK
??????,??????? ??,BOECKMANN,UT,90%,OK
??????,??????? ?? 1,BOECKMANN,HB1,90%,OK
??????,??????? ??2,BOECKMANN,HT2,90%,OK
??????,??????? ?? 2,BOECKMANN,CS2,90%,OK
??????,??????? ??,BOECKMANN,CH,90%,OK
??????,??????? ??? 4320 27,BOECKMANN,ATH 4320/27,90%,OK
??????,??????? ??????,BOECKMANN,Classic,90%,OK
??????,??????? ? 10 ??,BOECKMANN,P10 SP,90%,OK
??????,??????? ? 11 ??,BOECKMANN,P11 SP,90%,OK
??????,??????? ?? 3,BOECKMANN,HB3,90%,OK
??????,??????? ?? ?,BOECKMANN,HN-U,90%,OK
??????,??????? ?? 1,BOECKMANN,HT1,90%,OK
??????,??????? ?? 1,BOECKMANN,HU1,90%,OK
??????,??2513 135,BOECKMANN,KT 2513/135,90%,OK
??????,???? ??????,BOECKMANN,Mega Master,95%,OK
??????,??3,BOECKMANN,NB3,90%,OK
??????,? 20,BOECKMANN,P20,90%,OK
??????,???,BOECKMANN,PPA,85%,OK
??????,??? ? ? 3016 240,BOECKMANN,PHA-P-V 3016/240,90%,OK
??????,??? ? ? 305165 20,BOECKMANN,PHA-P-V 305165/20,90%,OK
??????,???3217 300,BOECKMANN,PHC 3217/300,90%,OK
??????,?? ?? ? ?? 3015 20,BOECKMANN,TL-AL-H-ST 3015/20,90%,OK
??????,?? ??2111 75,BOECKMANN,TL-AL 2111/75,90%,OK
??????,?? ???2513 75,BOECKMANN,TL-ALK 2513/75,90%,OK
??????,??2111 75,BOECKMANN,TL 2111/75,90%,OK
??????,? 941,BOECKMANN,H941,90%,OK
??????,?? ?? 4118 27,BOECKMANN,HL-AL 4118/27,90%,OK
??????,?? ??2514 75,BOECKMANN,HL-AL 2514/75,90%,OK
??????,?? ?6221 350,BOECKMANN,HL-F 6221/350,90%,OK
??????,???,BOECKMANN,HNU,90%,OK
??????,? 20,BOECKMANN,C20,90%,OK
??????,??,BOECKMANN,CH,90%,OK
??????,???,BOECKMANN,CHN,90%,OK
??????,???,BOECKMANN,CHS,90%,OK
???? ???????,????,BOX TRAILER,RRTR,OK,NEEDS_REVIEW
????,?? 2016,BOLE,BE 2016,OK,NEEDS_REVIEW
??????,?????35?24,BOLTER,MBCAR35X24,OK,NEEDS_REVIEW
??????????,200 ????,BOMBARDIER,Rally 200,95%,OK
??????????,??? ????????? 4?,BOMBARDIER,Outlander,95%,OK
??????????,?????????,BOMBARDIER,Outlander,95%,OK
??????????,????????? 800,BOMBARDIER,Outlander 800,95%,OK
??????????,??? ??,BOMBARDIER,Can-Am,95%,OK
??????????,??? ?? ?????????,BOMBARDIER,Can-Am Outlander,95%,OK
??????????,???-?? ??????? ???,BOMBARDIER,Can-Am Renegade X XC,95%,OK
??????????,??????? 800,BOMBARDIER,Renegade 800,95%,OK
??????????,???????? ????,BOMBARDIER,Traxter Max,95%,OK
???????,? 100,BONETTI,F100,95%,OK
?????,?????,BONTU,Mango,OK,NEEDS_REVIEW
????,???????,BOOM TRIKES,Mustang,95%,OK
???,1800,BOR,1800,80%,OK
??????,???? 750,BORILE,King 750,95%,OK
????? ?????,1201 ?15,BORCO-HOHNS,1201 G15,90%,OK
????? ?????,451 ?20,BORCO-HOHNS,451 K20,90%,OK
????? ?????,501 ?25,BORCO-HOHNS,501 A25,90%,OK
????? ?????,581 ?30,BORCO-HOHNS,581 A30,90%,OK
????? ?????,?? 3510 ?,BORCO-HOHNS,AK 3510 A,90%,OK
????,0??8,BORO,0BL8,85%,OK
????,?30??,BORO,A30AV,85%,OK
????,?2,BORO,B2,85%,OK
????,?? 2,BORO,BR2,85%,OK
????,?? 3,BORO,BR3,85%,OK
????,?4,BORO,K4,85%,OK
????,?5,BORO,K5,85%,OK
????????? ?????,????????? ?? 5000,BORTOLAMI MIRCO,BA 5000,90%,OK
??????,??,BOSSERT,PA,80%,OK
??????,???,BOSSERT,PAT,80%,OK
????,2000,BOTE,2000,OK,NEEDS_REVIEW
??????,???4000?,BOSCHUNG,BJB 4000 M,95%,OK
??????,????? 1000,BRABUS,Rocket 1000,98%,OK
??????,???? ???,BRADLEY,Flatbed,85%,OK
???????,600,BRAMBER,600,85%,OK
?????????,8415,BRENDERUP,8415,90%,OK
????? ??????,? ???,BRIAN JAMES,A Type,90%,OK
????? ??????,?????,BRIAN JAMES,Cargo,95%,OK
????? ??????,???,BRIAN JAMES,STB,90%,OK
????? ??????,? 02 ?,BRIAN JAMES,T-02-T,90%,OK
????? ??????,? 03 ?,BRIAN JAMES,T-03-T,90%,OK
????? ??????,? ?? ? 215,BRIAN JAMES,T-AM-T 215,90%,OK
????? ??????,? ?? ? 350,BRIAN JAMES,T-TT-T 350,90%,OK
????? ??????,?? ???????????,BRIAN JAMES,TT Transporter,95%,OK
????? ??????,???? ???,BRIAN JAMES,Flatbed,90%,OK
????? ??????,????? ???? ???,BRIAN JAMES,Shuttle Tiltbed,95%,OK
??????,?? ????,BREMACH,T-Rex,80%,OK
?????????,1,BRENDERUP,1,90%,OK
?????????,3,BRENDERUP,3,90%,OK
?????????,5,BRENDERUP,5,90%,OK
?????????,0?5,BRENDERUP,0A5,90%,OK
?????????,1000 ?,BRENDERUP,1000S,95%,OK
?????????,1150 ?,BRENDERUP,1150S,95%,OK
?????????,1200??,BRENDERUP,1200 SUB,90%,OK
?????????,1202 ?,BRENDERUP,1202R,95%,OK
?????????,1205 ?,BRENDERUP,1205S,95%,OK
?????????,1205? ????,BRENDERUP,1205S Tilt,95%,OK
?????????,1503??,BRENDERUP,1503TT,95%,OK
?????????,18 ? 3 ??,BRENDERUP,18 P 3 KK,90%,OK
?????????,2000?,BRENDERUP,2000T,95%,OK
?????????,2003 ??,BRENDERUP,2003GT,95%,OK
?????????,2005 ??,BRENDERUP,2005HR,95%,OK
?????????,20150 ?,BRENDERUP,20150B,90%,OK
?????????,2260?,BRENDERUP,2260S,95%,OK
?????????,2270 ?,BRENDERUP,2270U,95%,OK
?????????,2300?,BRENDERUP,2300S,95%,OK
?????????,300 ?,BRENDERUP,300U,95%,OK
?????????,3250 ?,BRENDERUP,3250S,95%,OK
?????????,33,BRENDERUP,33,90%,OK
?????????,33 ?,BRENDERUP,33K,90%,OK
?????????,35,BRENDERUP,35,90%,OK
?????????,37,BRENDERUP,37,90%,OK
?????????,400 ?,BRENDERUP,400F,90%,OK
?????????,402 ?,BRENDERUP,402V,90%,OK
?????????,42,BRENDERUP,42,90%,OK
?????????,4260??,BRENDERUP,4260TB,95%,OK
?????????,50,BRENDERUP,50,90%,OK
?????????,5420?,BRENDERUP,5420V,95%,OK
?????????,600 ?,BRENDERUP,600F,95%,OK
?????????,62,BRENDERUP,62,90%,OK
?????????,71,BRENDERUP,71,90%,OK
?????????,72,BRENDERUP,72,90%,OK
?????????,7300??,BRENDERUP,7300TB,95%,OK
?????????,750 ??,BRENDERUP,750FS,95%,OK
?????????,77,BRENDERUP,77,90%,OK
?????????,8115,BRENDERUP,8115,95%,OK
?????????,8116,BRENDERUP,8116,95%,OK
?????????,8118?,BRENDERUP,8118L,95%,OK
?????????,8224??,BRENDERUP,8224TB,95%,OK
?????????,8515,BRENDERUP,8515,95%,OK
?????????,9609,BRENDERUP,9609,95%,OK
?????????,? 01,BRENDERUP,A01,90%,OK
?????????,? 05,BRENDERUP,A05,90%,OK
?????????,? 1000 ?,BRENDERUP,A1000T,95%,OK
?????????,? 1500 ?,BRENDERUP,A1500T,95%,OK
?????????,?05,BRENDERUP,A05,90%,OK
?????????,?06,BRENDERUP,A06,90%,OK
?????????,?4,BRENDERUP,A4,90%,OK
?????????,??? ?,BRENDERUP,ACA S,90%,OK
?????????,? 01,BRENDERUP,B01,90%,OK
?????????,? 06,BRENDERUP,B06,90%,OK
?????????,?11,BRENDERUP,B11,90%,OK
?????????,?118,BRENDERUP,B118,90%,OK
?????????,??,BRENDERUP,BB,90%,OK
?????????,?????? 600,BRENDERUP,Basic 600,95%,OK
?????????,?????? 750,BRENDERUP,Basic 750,95%,OK
?????????,?????,BRENDERUP,Bravo,95%,OK
?????????,????????? 65,BRENDERUP,Brenderup 65,95%,OK
?????????,?????????,BRENDERUP,Brenderup,99%,OK
?????????,????????? 02,BRENDERUP,Brenderup 02,95%,OK
?????????,????????? 04,BRENDERUP,Brenderup 04,95%,OK
?????????,????????? 18,BRENDERUP,Brenderup 18,95%,OK
?????????,????????? 752 ?,BRENDERUP,752 G,95%,OK
?????????,????????? 86,BRENDERUP,Brenderup 86,95%,OK
?????????,????????????????,BRENDERUP,Bootstransporter,90%,OK
?????????,? 1,BRENDERUP,G1,95%,OK
?????????,?? 150,BRENDERUP,ES 150,95%,OK
?????????,??200,BRENDERUP,ES 200,95%,OK
?????????,?1504?,BRENDERUP,K1504T,95%,OK
?????????,????? 205,BRENDERUP,Cargo 205,95%,OK
?????????,???? 200,BRENDERUP,Kipi 200,95%,OK
?????????,??,BRENDERUP,KX,95%,OK
?????????,? 450,BRENDERUP,L 450,95%,OK
?????????,? 500,BRENDERUP,L 500,95%,OK
?????????,?06,BRENDERUP,L06,95%,OK
?????????,?11,BRENDERUP,L11,95%,OK
?????????,??3651,BRENDERUP,MT3651,95%,OK
?????????,???600,BRENDERUP,PVC 600,95%,OK
?????????,???????,BRENDERUP,Uoplyst,90%,OK
?????????,?8,BRENDERUP,F8,95%,OK
?????????,????? ?1004?,BRENDERUP,Hummer K1004B,90%,OK
?????????,? 1,BRENDERUP,C1,95%,OK
?????????,??,BRENDERUP,CB,95%,OK
?????????,??,BRENDERUP,CE,95%,OK
???????,???1000,BRENDON,BBW1000,95%,OK
????????,??125,BRIXTON,BX 125,99%,OK
????????,??125 ?,BRIXTON,BX 125 X,99%,OK
????????,??125 ? ???,BRIXTON,BX 125 X ABS,99%,OK
????????,???????? 250 ?,BRIXTON,Glanville 250 X,99%,OK
????????,??????? 1200?,BRIXTON,Cromwell 1200 X,99%,OK
????????,??????? 125 ???,BRIXTON,Cromwell 125 ABS,99%,OK
????????,??????? 250,BRIXTON,Cromwell 250,99%,OK
????????,???????? 125,BRIXTON,Crossfire 125,99%,OK
????????,???????? 500,BRIXTON,Crossfire 500,99%,OK
????????,???????? 500 ????,BRIXTON,Storr 500,95%,OK
????????,???????? 500 ?,BRIXTON,Crossfire 500 X,99%,OK
????????,????????? 125 ??,BRIXTON,Crossfire 125 XS,99%,OK
????????,?????? 250,BRIXTON,Saxby 250,99%,OK
????????,???????? 250,BRIXTON,Felsberg 250,99%,OK
????????,?? 260 43,BRINKMANN,DC 260/43,95%,OK
????????,?? 260 45,BRINKMANN,DC 260/45,95%,OK
????????,?????? ??? 450,BRINKMANN,Estrich Boy 450,95%,OK
????????,??? 320,BRINKMANN,FHS 320,95%,OK
????????,? 260,BRINKMANN,DC 260,95%,OK
???????? ???????,750 ??? ?,BRODERNA FRANSSON,750 LPB A,95%,OK
???????? ???????,80 136260 ?,BRODERNA FRANSSON,80 136260 L,95%,OK
????????,3 ??? 48,BROSHUIS,3 AOU 48,95%,OK
????????,3 ??? 39 45 ??,BROSHUIS,3 UCC 39/45 EU,95%,OK
????????,3??? 39,BROSHUIS,3UCC 39,95%,OK
????????,4??? 16 24,BROSHUIS,4AOU 16-24,95%,OK
????????,6???? 85 ?? 1,BROSHUIS,6ABCD 85 SL 1,95%,OK
????????,??????? 3 ??? 1630,BROSHUIS,3 AOU 16/30,95%,OK
????????,??????? ????,BROSHUIS,MFCC,95%,OK
???,???-??,BRP,Can-Am,99%,OK
??? ??? ???,??? ?? ??? ???,BRP,Sea-Doo Big One,90%,OK
????? ????,?600?,BRUNO HIRT,P600L,95%,OK
???????,????,BRUEHLMANN,ABRT,95%,OK
???,??49?? 21,BTM,BT49QT-21,95%,OK
???,??49?? 12?,BTC,BT49QT-12E,95%,OK
???,??2,BTC,GT2,95%,OK
???,? ??????,BTC,E-Cruise,95%,OK
???,??????,BTC,Legend,95%,OK
???,??? ??????,BTC,Old Classic,95%,OK
???,?8,BTC,R8,95%,OK
???,????,BTC,Riva,95%,OK
???,????,BTC,City,95%,OK
???,??????????,BTC,Streetline,95%,OK
???,??????,BTC,Trevis,95%,OK
??????,?16 ???????,BUGATTI,W16 Mistral,99%,OK
????,?? 1,BUELL,XB1,95%,OK
????,??9??,BUELL,XB9SX,99%,OK
????????,2600,BUELTMANN,2600,95%,OK
????????,?? 2000 ??,BUELTMANN,AT 2000 ST,95%,OK
????,??????,BUICK,Enclave,99%,OK
????,??????,BUICK,Enclave,99%,OK
????,?????,BUICK,Encore,99%,OK
????,??????,BUICK,LaCrosse,99%,OK
????,???????,BUICK,LeSabre,99%,OK
????,???? ?????,BUICK,Park Avenue,99%,OK
????,?????,BUICK,Regal,99%,OK
????,???????,BUICK,Century,99%,OK
???????,????????,BUCCANEER,Caribbean,95%,OK
???,?? 1700 ?,BUHL,VA 1700 A,95%,OK
??? ????????,??????,BUL TRAILERS,Lamassu,95%,OK
??? ????????,??????,BUL TRAILERS,Taurus,95%,OK
??? ????????,???? ??????,BUL TRAILERS,Toro Veloce,95%,OK
??? ????????,???? ??????,BUL TRAILERS,Toro Sprint,95%,OK
?????,?????? 125,BULLIT,Bluroc 125,99%,OK
?????,???? 125,BULLIT,Hero 125,99%,OK
???????,????07,BULTHUIS,AATA07,95%,OK
???????,??,BULTHUIS,BV,95%,OK
?????,?? 180,BUNGE,AG 180,95%,OK
?????? ?????,?? 250 ???????,BUNKER TRIKE,HR 250 Special,95%,OK
????,??? 10 18 ?????,BURG,BPA 10-18 CRXAX,95%,OK
????,??? 18 ?,BURG,BPA 18 M,95%,OK
????,??? 12 27 ????? 00,BURG,BPO 12-27 CCXGX 00,95%,OK
????,??? 12-20 ?????,BURG,BPO 12-20 SRNXX,95%,OK
????,??? 12-27 ??1,BURG,BPO 12-27 ZB1,95%,OK
????,???? 12 24,BURG,BRDO 12-24,95%,OK
??????,??,BUSTER,HT,90%,OK
??????,???? ???,BUFFALO,Flat Bed,95%,OK
?????,?? 200 4?4,BUCHER,BU 200,95%,OK
?????,???? ??? 2020,BUCHER,CityCat 2020,99%,OK
?????,?? 5000,BUCHER,CityCat 5000,95%,OK
?????,?? 200,BUCHER,BU 200,95%,OK
?????,??????? 2020,BUCHER,CityCat 2020,99%,OK
?????,??????? 5006,BUCHER,CityCat 5006,99%,OK
?????,??? 300,BUYANG,FA-D300,95%,OK
???,???1500???-5,BFT,BFT1500DZH-5,95%,OK
??????,???1500???,BFTALH,BFT1500DZH,90%,OK
???,311,BCW,311,95%,OK
???,? 41020 ?,BCW,V 41020 G,95%,OK
???,? 4817 ?,BCW,V 4817 E,95%,OK
???,?2 8 15 ?,BCW,V2 8 15 A,95%,OK
????,?? 2000,BUNK,BU 2000,95%,OK
????,?? 3000 ??,BUNK,BU 3000 LT,95%,OK
??????,??? 30 1400,BOECKER,AHK 30/1400,95%,OK
??????,?? 25,BOECKER,HD 25,95%,OK
??????,?? 26,BOECKER,HD 26,95%,OK
??????,?? 31 ? 1 6,BOECKER,HD 31 K 1/6,95%,OK
??????,?? 36,BOECKER,HD 36,95%,OK
???????,??1,BOECKMANN,AB1,95%,OK
???????,??2513 135,BOECKMANN,AB 2513/135,95%,OK
???????,?? 3,BOECKMANN,AL 3,95%,OK
???????,???,BOECKMANN,ALT,95%,OK
???????,? 2,BOECKMANN,N 2,95%,OK
???????,??,BOECKMANN,NO,95%,OK
???????,??2.3,BOECKMANN,NP 2.3,95%,OK
???????,?11,BOECKMANN,P11,95%,OK
???????,?20,BOECKMANN,P20,95%,OK
???????,??2000,BOECKMANN,PA 2000,95%,OK
???????,??2513 135,BOECKMANN,TL-AL 2513/135,95%,OK
???????,????????,BOECKMANN,Traveller,95%,OK
???????,???,BOECKMANN,Hot,95%,OK
???????,???,BOECKMANN,HRK,95%,OK
???????,??3,BOECKMANN,HU 3,95%,OK
???????,? 20,BOECKMANN,C 20,95%,OK
???????,???,BOECKMANN,CRK,95%,OK
???????,?? 2000,BOECKMANN,CH 2000,95%,OK
???????,?? 3721,BOECKMANN,CH 3721,95%,OK
???????,??4118 27,BOECKMANN,CH 4118/27,95%,OK
???????,?????? 3000,BUENFELD,Butsan 3000,95%,OK
????????,1640,BUERSTNER,1640,95%,OK
????????,2020,BUERSTNER,2020,95%,OK
????????,2030,BUERSTNER,2030,95%,OK
????????,3551,BUERSTNER,3551,95%,OK
????????,3552,BUERSTNER,3552,95%,OK
????????,360,BUERSTNER,360,95%,OK
????????,3606,BUERSTNER,3606,95%,OK
????????,3607,BUERSTNER,3607,95%,OK
????????,3621,BUERSTNER,3621,95%,OK
????????,3803,BUERSTNER,3803,95%,OK
????????,3804,BUERSTNER,3804,95%,OK
????????,3853,BUERSTNER,3853,95%,OK
????????,3901,BUERSTNER,3901,95%,OK
????????,3904,BUERSTNER,3904,95%,OK
????????,3906,BUERSTNER,3906,95%,OK
????????,4001,BUERSTNER,4001,95%,OK
????????,4002,BUERSTNER,4002,95%,OK
????????,4004,BUERSTNER,4004,95%,OK
????????,4020 ?? 5902,BUERSTNER,4020 BT 5902,95%,OK
????????,4020 ?? 7263,BUERSTNER,4020 BT 7263,95%,OK
????????,4028,BUERSTNER,4028,95%,OK
????????,4028??,BUERSTNER,4028 TS,95%,OK
????????,4030 ?16902,BUERSTNER,4030 B16902,95%,OK
????????,4032,BUERSTNER,4032,95%,OK
????????,4203,BUERSTNER,4203,95%,OK
????????,4204,BUERSTNER,4204,95%,OK
????????,4208,BUERSTNER,4208,95%,OK
????????,4223,BUERSTNER,4223,95%,OK
????????,4261,BUERSTNER,4261,95%,OK
????????,430 ??,BUERSTNER,430 TS,95%,OK
????????,4301,BUERSTNER,4301,95%,OK
????????,4303,BUERSTNER,4303,95%,OK
????????,4305,BUERSTNER,4305,95%,OK
????????,4306,BUERSTNER,4306,95%,OK
????????,4308,BUERSTNER,4308,95%,OK
????????,4312,BUERSTNER,4312,95%,OK
????????,4364,BUERSTNER,4364,95%,OK
????????,440 ??,BUERSTNER,440 TK,95%,OK
????????,4403,BUERSTNER,4403,95%,OK
????????,4423,BUERSTNER,4423,95%,OK
????????,4424,BUERSTNER,4424,95%,OK
????????,450,BUERSTNER,450,95%,OK
????????,4503,BUERSTNER,4503,95%,OK
????????,4504,BUERSTNER,4504,95%,OK
????????,4505,BUERSTNER,4505,95%,OK
????????,4562,BUERSTNER,4562,95%,OK
????????,4601,BUERSTNER,4601,95%,OK
????????,4602,BUERSTNER,4602,95%,OK
????????,4664,BUERSTNER,4664,95%,OK
????????,470 ?,BUERSTNER,470 T,95%,OK
????????,4722,BUERSTNER,4722,95%,OK
????????,4724,BUERSTNER,4724,95%,OK
????????,4806,BUERSTNER,4806,95%,OK
????????,4824,BUERSTNER,4824,95%,OK
????????,4851,BUERSTNER,4851,95%,OK
????????,490 ??,BURSTNER,490 TK,95%,OK
????????,4921,BURSTNER,4921,90%,OK
????????,4924,BURSTNER,4924,90%,OK
????????,495 ?? ????,BURSTNER,Lux 495 TN,90%,OK
????????,500,BURSTNER,500,90%,OK
????????,5002,BURSTNER,5002,90%,OK
????????,500??,BURSTNER,500 TS,95%,OK
????????,5021,BURSTNER,5021,90%,OK
????????,5022,BURSTNER,5022,90%,OK
????????,510 ??,BURSTNER,510 TS,95%,OK
????????,515,BURSTNER,515,90%,OK
????????,5205,BURSTNER,5205,90%,OK
????????,5207,BURSTNER,5207,90%,OK
????????,5323,BURSTNER,5323,90%,OK
????????,5353,BURSTNER,5353,90%,OK
????????,5401,BURSTNER,5401,90%,OK
????????,5803,BURSTNER,5803,90%,OK
????????,630,BURSTNER,630,90%,OK
????????,7221,BURSTNER,7221,90%,OK
????????,900,BURSTNER,900,90%,OK
????????,?535,BURSTNER,A 535,95%,OK
????????,?574,BURSTNER,A 574,95%,OK
????????,?576,BURSTNER,A 576,95%,OK
????????,?645 ?????,BURSTNER,Active A 645,95%,OK
????????,?????? 440 ??,BURSTNER,Averso 440 TK,95%,OK
????????,?????? 4402,BURSTNER,Averso 4402,95%,OK
????????,?????? 450 ??,BURSTNER,Averso 450 TS,95%,OK
????????,?????? 500 ??,BURSTNER,Averso 500 TL,95%,OK
????????,?????? ?,BURSTNER,Averso T,95%,OK
????????,????????,BURSTNER,Belcanto,95%,OK
????????,?? 9103,BURSTNER,BI 9103,90%,OK
????????,??7262,BURSTNER,BI 7262,90%,OK
????????,??9203,BURSTNER,BI 9203,90%,OK
????????,???????? 3502,BURSTNER,3502,95%,OK
????????,???????? 3504,BURSTNER,3504,95%,OK
????????,???????? 3905,BURSTNER,3905,95%,OK
????????,???????? 5403,BURSTNER,5403,95%,OK
????????,??,BURSTNER,BT,85%,OK
????????,?? 6905,BURSTNER,BT 6905,95%,OK
????????,?? 7263,BURSTNER,BT 7263,95%,OK
????????,??6206,BURSTNER,BT 6206,95%,OK
????????,??6911,BURSTNER,BT 6911,95%,OK
????????,??6914,BURSTNER,BT 6914,95%,OK
????????,??7265,BURSTNER,BT 7265,95%,OK
????????,??7273,BURSTNER,BT 7273,95%,OK
????????,??7283,BURSTNER,BT 7283,95%,OK
????????,??7284,BURSTNER,BT 7284,95%,OK
????????,??7351,BURSTNER,BT 7351,95%,OK
????????,??7361,BURSTNER,BT 7361,95%,OK
????????,??7365,BURSTNER,BT 7365,95%,OK
????????,???????? 4401,BURSTNER,4401,95%,OK
????????,???????? 455 ??,BURSTNER,455 TS,95%,OK
????????,???????? 4861,BURSTNER,4861,95%,OK
????????,???????? 5601 ??,BURSTNER,5601 TK,95%,OK
????????,???????? ??????,BURSTNER,Averso,95%,OK
????????,???????? ?? 7201,BURSTNER,BI 7201,95%,OK
????????,???????? ??????? 410??,BURSTNER,Ventana 410 TS,95%,OK
????????,???????? ???? 380,BURSTNER,Club 380,95%,OK
????????,???????? ??????,BURSTNER,Premio,95%,OK
????????,???? 1113,BURSTNER,Busa 1113,90%,OK
????????,???571,BURSTNER,BUT 571,95%,OK
????????,???695,BURSTNER,BUT 695,95%,OK
????????,??6003,BURSTNER,BC 6003,95%,OK
????????,??????? 4123,BURSTNER,Ventana 4123,95%,OK
????????,??????? 490 ??,BURSTNER,Ventana 490 TS,95%,OK
????????,? 675,BURSTNER,I 675,95%,OK
????????,? 728,BURSTNER,I 728,95%,OK
????????,?????,BURSTNER,Ixeo,95%,OK
????????,???? 380 ??,BURSTNER,Club 380 TN,95%,OK
????????,?????,BURSTNER,Lyseo,95%,OK
????????,???? 460 ??,BURSTNER,Lux 460 TL,95%,OK
????????,????? ? 56,BURSTNER,Nexxo T 56,95%,OK
????????,?????? 435??,BURSTNER,Premio 435 TS,95%,OK
????????,????,BURSTNER,City,95%,OK
????????,????? 5300 ??,BURSTNER,Scala 5300 TL,95%,OK
????????,?????? ? 615 130 ????????,BURSTNER,Solano T 615,95%,OK
????????,? 600,BURSTNER,T 600,95%,OK
????????,?615,BURSTNER,T 615,95%,OK
????????,?625 ?????? ??????????,BURSTNER,Delfin Performance T 625,95%,OK
????????,?????? ???,BURSTNER,Travel Van,95%,OK
????????,???????,BURSTNER,Woplist,OK,NEEDS_REVIEW
????????,???? 3030,BURSTNER,3030,85%,OK
????????,?????? 350,BURSTNER,Flipper 350,95%,OK
????????,?????? ???? 450,BURSTNER,Flipper Lux 450,95%,OK
????????,?15? 1043,BURSTNER,C15P 1043,90%,OK
????????,?26? 1172,BURSTNER,C26P 1172,90%,OK
?.???????,?2,VAN DIERMEN,B2,85%,OK
??,0205?1 500,VA,0205C1 500,OK,NEEDS_REVIEW
??,0511?1,VA,0511C1,OK,NEEDS_REVIEW
??,0756?,VA,0756A,OK,NEEDS_REVIEW
??,1002 244,VA,1002 244,OK,NEEDS_REVIEW
??,1003 ?,VA,1003 B,OK,NEEDS_REVIEW
??,1300 300,VA,1300 300,OK,NEEDS_REVIEW
??,1501,VA,1501,OK,NEEDS_REVIEW
??,1502,VA,1502,OK,NEEDS_REVIEW
??,1502 ?,VA,1502 X,OK,NEEDS_REVIEW
??,2006,VA,2006,OK,NEEDS_REVIEW
??,2701 ?,VA,2701 A,OK,NEEDS_REVIEW
??,3500 ??,VA,3500,OK,NEEDS_REVIEW
??,3502 ? 3,VA,3502 M 3,OK,NEEDS_REVIEW
??,3518?4,VA,3518M4,OK,NEEDS_REVIEW
??,450 ?,VA,450 B,OK,NEEDS_REVIEW
??,451,VA,451,OK,NEEDS_REVIEW
??,500 ?,VA,500 A,OK,NEEDS_REVIEW
??,500 ?,VA,500 C,OK,NEEDS_REVIEW
??,500 ??,VA,500 SL,OK,NEEDS_REVIEW
??,501 ?,VA,501 B,OK,NEEDS_REVIEW
??,501 ?,VA,501 C,OK,NEEDS_REVIEW
??,502 ? 1,VA,502 B 1,OK,NEEDS_REVIEW
??,502 ?1,VA,502 D1,OK,NEEDS_REVIEW
??,502 ? 2,VA,502 E 2,OK,NEEDS_REVIEW
??,503 ?,VA,503 B,OK,NEEDS_REVIEW
??,503 ?,VA,503 D,OK,NEEDS_REVIEW
??,511?1,VA,511C1,OK,NEEDS_REVIEW
??,602,VA,602,OK,NEEDS_REVIEW
??,750,VA,750,OK,NEEDS_REVIEW
??,752,VA,752,OK,NEEDS_REVIEW
??,753 ?,VA,753 A,OK,NEEDS_REVIEW
??,756,VA,756,OK,NEEDS_REVIEW
??,756?? 13,VA,756AC 13,OK,NEEDS_REVIEW
??,?715,VA,B715,OK,NEEDS_REVIEW
??,??,VA,VA,OK,NEEDS_REVIEW
??,??????,VA,Juplist,OK,NEEDS_REVIEW
?? 2001 ?,?? 2001 ?,VA,2001 A,OK,NEEDS_REVIEW
????,? 2 ? 40,VAAS,A 2 C 40,80%,OK
????,? 2 ? 80,VAAS,A 2 C 80,80%,OK
????,?2?80,VAAS,A2C80,80%,OK
????,?2030,VAAS,M2030,80%,OK
????,? 1025,VAAS,X 1025,80%,OK
?????,??? 2? 2?,WABCO,EBS 2S 2M,90%,OK
???,??? 650 ?,WAB,LBK 650 A,80%,OK
????? ?????,??? 24-13,WAGENMEYER,MSK 24-13,85%,OK
??????,1099,WAGNER,1099,85%,OK
???,21013,LADA,21013,98%,OK
???,2102,LADA,2102,98%,OK
???,2105,LADA,2105,98%,OK
???,21074,LADA,21074,98%,OK
???,21150,LADA,21150,98%,OK
???,2121,LADA,2121 Niva,98%,OK
???,2121 ???? 221,LADA,2121 Niva,98%,OK
???,21214,LADA,21214 Niva,98%,OK
?????????,? 51,WEINSBERG,V51,95%,OK
?????????,? 52,WEINSBERG,V52,95%,OK
?????????,?51 ??????? 480,WEINSBERG,CaraOne 480,90%,OK
?????????,? 250 1,WEINSBERG,K 250/1,90%,OK
?????????,??? 4,WEINSBERG,KWE 4,90%,OK
?????????,? 58,WEINSBERG,R58,95%,OK
?????????,?49,WEINSBERG,R49,95%,OK
?????????,?50,WEINSBERG,R50,95%,OK
?????????,?52,WEINSBERG,R52,95%,OK
?????????,?53,WEINSBERG,R53,95%,OK
?????????,?57,WEINSBERG,R57,95%,OK
?????????,?59,WEINSBERG,R59,95%,OK
????,?? 1 ?,VAKO,KV 1 A,90%,OK
????,?? 18001,VAKO,PT 18001,90%,OK
????,?? 16,VAKO,RT 16,90%,OK
????,?? 1 ?,VAKO,TA 1 B,90%,OK
???????,??????? ??? 450,VALENTI RACING,LTR 450,95%,OK
???????,??????? ??250?,VALENTI RACING,RM 250 Z,95%,OK
???????,??????? ??450?,VALENTI RACING,RM 450 Z,95%,OK
????????,1000??,VALERYDS,1000NS,85%,OK
?????,? 2600,WALKE,A 2600,85%,OK
?????,? 2600,WALKE,X 2600,85%,OK
?????? ?????,??4?,WALTER SCHMIDT,SX4B,90%,OK
???????,?4?218,WALTHER,H4K218,85%,OK
???????,? 2000,WALTHER,R 2000,85%,OK
??? ?????,??? 20,VAN BERNE,TBH 20,90%,OK
??? ?????,??? 300,VAN BERNE,TBH 300,90%,OK
??? ???,??,VAN WEEL,VW,90%,OK
??? ???,?? 2000 ?,VAN WEEL,VW 2000 A,90%,OK
??? ???,?? 3501,VAN WEEL,VW 3501,90%,OK
??? ??? ?????,2000,VAN DER SLUIS,2000,90%,OK
??? ???,?? 3??,VAN ECK,ST 3LN,95%,OK
??? ???,?? 31,VAN ECK,UT 31,95%,OK
??? ???,?? 3?,VAN ECK,UT 3N,95%,OK
??????,?? 150 ? 3,WANGYE,WY150T-3,95%,OK
??????,?? 50 ?? 16,WANGYE,WY50QT-16,95%,OK
??????,?? 50 ?? 4,WANGYE,WY50QT-4,95%,OK
??????,??50?? 110,WANGYE,WY50QT-110,95%,OK
????????,??160??,VANDAELE,TV160HD,90%,OK
???????,? 2702,VANDAMME,A 2702,90%,OK
????????,125,WANDERER,125,95%,OK
?????????,?????,VANDERHALL,Venice,98%,OK
??????,??? ?? 200 ?? 6,WANGJIN,WJ200ST-6,90%,OK
????????,?,VANCLAES,G,90%,OK
???????,410 2,VANROYCE,410/2,90%,OK
???????,470 ??,VANROYCE,470 ET,90%,OK
??????,2 ? 2001,VAN HOOL,2 B 2001,95%,OK
??????,2 ? 0015,VAN HOOL,2 K 0015,95%,OK
??????,3 ????? ??????,VAN HOOL,3 ASIGE OPIGER,90%,OK
??????,3 ? 00 37,VAN HOOL,3 B 0037,95%,OK
??????,3 ? 0001,VAN HOOL,3 B 0001,95%,OK
??????,3 ? 0053,VAN HOOL,3 B 0053,95%,OK
??????,3 ? 0070,VAN HOOL,3 B 0070,95%,OK
??????,3 ? 0072,VAN HOOL,3 B 0072,95%,OK
??????,3 ? 1049,VAN HOOL,3 B 1049,95%,OK
??????,3 ? 2005,VAN HOOL,3 B 2005,95%,OK
??????,3 ? 2012,VAN HOOL,3 B 2012,95%,OK
??????,3 ? 2017,VAN HOOL,3 B 2017,95%,OK
??????,3 ? 0011,VAN HOOL,3 D 0011,95%,OK
??????,32 ?3,VAN HOOL,32 Z3,85%,OK
??????,3? 0071,VAN HOOL,3B 0071,85%,OK
??????,3?0020,VAN HOOL,3D0020,85%,OK
??????,915??2,VAN HOOL,T915 CH2,90%,OK
??????,? 3 ? 002,VAN HOOL,A3C 002,85%,OK
??????,?3 ?001,VAN HOOL,A3 Z001,85%,OK
??????,??16,VAN HOOL,EX16,95%,OK
??????,?? 304 27,VAN HOOL,SZ 304 27,85%,OK
??????,?916 ??,VAN HOOL,T916 CL,95%,OK
??????,???????,VAN HOOL,Trailer,90%,OK
??????,??16,VAN HOOL,TX16,95%,OK
???,? ??? 2.46 ?,VAP,P Pav 2.46 B,80%,OK
???,? ??? 3.5 ?,VAP,P Pav 3.5 B,80%,OK
???,??? 2.0 ?,VAP,Pav 2.0 B,80%,OK
???,??? 2.7 4220,VAP,Pav 2.7 4220,80%,OK
???,???2,VAP,Pav 2,80%,OK
???,??? 3.5,VAP,Pvv 3.5,80%,OK
???,??? 20,VAR,Ztp 20,OK,NEEDS_REVIEW
???????,3021?5-10,VARIANT,3021P5-10,90%,OK
??????? ??,1306??,VARIANT,1306BS,90%,OK
??????? ??,205?1,VARIANT,205C1,90%,OK
??????? ??,3518?4,VARIANT,3518M4,90%,OK
??????? ??,3525?4,VARIANT,3525P4,90%,OK
??????? ??,511?1,VARIANT,511C1,90%,OK
??????? ??,756??,VARIANT,756AS,90%,OK
????,?352,WARK,W352,85%,OK
??????,???????,WARLOCK,Trailer,80%,OK
??????????????,?2 1200,VARMLANDSVAGNEN,H2 1200,95%,OK
????????,??? 20,WAROQUIER,Tpv 20,85%,OK
????????,353,WARTBURG,353,99%,OK
????????,??????,WARTBURG,Tourist,99%,OK
????,??2700,WAU,AT2700,OK,NEEDS_REVIEW
???,?????? ?,VGA,Street X,90%,OK
???,?????? ???2 122 440,VDL,Futura FHD2 122,95%,OK
???,?????? ???2,VDL,Futura FHD2,95%,OK
???,?????? ???2 129 300,VDL,Futura FHD2 129,95%,OK
???,?????? ???2 129 330,VDL,Futura FHD2 129,95%,OK
???,?????? ???2 129 370,VDL,Futura FHD2 129,95%,OK
???,?????? ???2 129 410,VDL,Futura FHD2 129,95%,OK
??? ????,?????? ??? 127.365,VDL BOVA,Futura FHD 127,95%,OK
???,???1,VDM,DAO1,85%,OK
???,???1,VDM,EAO1,85%,OK
???,?? 650,VEB,EL 650,80%,OK
???,????? ?? 400,VEB,Stema HP 400,90%,OK
?????,?? 2016,WEBER,WA 2016,85%,OK
?????,?? 7518,WEBER,TA 7518,85%,OK
?????,?? 9700,WEBER,TP 9700,85%,OK
?????,??977,WEBER,TP977,85%,OK
????? ?????,??1013,WEBER-KUEPS,SP1013,85%,OK
????,????2,VEGA,Vega 2,85%,OK
????,????2?,VEGA,Vega 2D,85%,OK
???????,???,WEDECAR,HBS,85%,OK
??????,???????,VEZEKO,Daytona,95%,OK
??????,??????,VEZEKO,Jumbo,95%,OK
??????,?1?1?,VEZEKO,R1X1X,90%,OK
??????,?2?2?,VEZEKO,R2B2Z,90%,OK
???,???? 01,WEY,Coffee 01,OK,NEEDS_REVIEW
??????,?1700,WEIJER,W1700,95%,OK
??????,?2000?,WEIJER,W2000F,95%,OK
???????,?????? 4,VEHIXEL,Sitios 4,95%,OK
???????,? 1700,WEIJER,W1700,95%,OK
???????,? 2000 ?,WEIJER,W2000B,95%,OK
???????,??? ?,WEIJER,WAK M,90%,OK
???????,? 40 ?? 02,WEYTENS,W 40 DC 02,90%,OK
????,????,WEKA,Weka,85%,OK
????,??? ?? ???? ??? 8.1 2?9,WEKA,ZAA KF LMKT ADR 8.1 2X9,85%,OK
?????,??? 218,WEKON,AVZ 218,85%,OK
?????,??? 218 ??,WEKON,AVZ 218 LN,85%,OK
?????,?? 218 ?,WEKON,AZ 218 L,85%,OK
?????,??,WEKON,PC,80%,OK
?????,?? 110??136,WEKON,SM 110LZ136,85%,OK
????????,?? 1,VECTRIX,VX-1,98%,OK
??????,97???43 32,VELGRO,97VSL43 32,85%,OK
?????????,?29 2,VELDHUIZEN,P29-2,95%,OK
?????????,?31 2?,VELDHUIZEN,P31-2A,95%,OK
?????????,?33 1,VELDHUIZEN,P33-1,95%,OK
?????????,?37 4,VELDHUIZEN,P37-4,95%,OK
?????????,?38 1,VELDHUIZEN,P38-1,95%,OK
?????????,?45 4,VELDHUIZEN,P45-4,95%,OK
?????????,?? ???,VELDHUIZEN,HS GVO,90%,OK
?????,??? 20?,WELCO,VTT 20K,85%,OK
?????,??? 25 ?,WELCO,VFT 25 Z,85%,OK
????????,??? 10,WELMEYER,TAT 10,90%,OK
????????????,750,VELOREXPORT,750,85%,OK
??????????,???? ?,VELOCIFERO,City X,95%,OK
??????????,??????,VELOCIFERO,Tennis,95%,OK
????,??? 2000,WEMA,AMB 2000,85%,OK
?????,? 100,WENGO,V 100,80%,OK
?????,????? 125?,WENGO,Logik 125i,90%,OK
??????,??50?? 21,VENICE,YY50QT-21,80%,OK
????????????,??01??,VENITRAILERS,VT01DC,85%,OK
????,?? 2603,WENCK,EB 2603,85%,OK
????,125 4??5 01,VENT,125 4TE5 01,90%,OK
????,50 ???,VENT,50 SCH,85%,OK
???????,???? 4225,VENTURE,VATB 4225,90%,OK
???????,?? 1000,VENTURE,VB 1000,90%,OK
???????,?? 1500,VENTURE,VV 1500,90%,OK
???????,? ??????,VENUCIA,V-Online,98%,OK
?????????,???????125,VERVEMOTO,Classic S 125,95%,OK
???????,?? 2000 ?? 1,VERDONK,VA 2000 TA 1,90%,OK
???????,?? ?? ???,VERDONK,VA MA OPL,90%,OK
???????,?? ?? ???,VERDONK,VA TA AHV,90%,OK
???????,??-??-??,VERDONK,VA-MA-SV,95%,OK
???????,??-??-??,VERDONK,VA-TA-PL,95%,OK
?????,2200,WESCO,2200,85%,OK
?????,? 2055,WESCO,P 2055,85%,OK
?????,?2020,WESCO,P2020,85%,OK
?????,??? 165,WESCO,PVT 165,85%,OK
?????,125,VESPA,125,99%,OK
?????,50,VESPA,50,99%,OK
?????,???,VESPA,VSX,95%,OK
?????,???300,VESPA,GTS 300,99%,OK
?????,???? 200,VESPA,Cosa 200,99%,OK
?????,??,VESTA,MG,85%,OK
?????,??,VESTA,MD,85%,OK
?????,??,VESTA,ME,85%,OK
?????,??,VESTA,MZ,85%,OK
?????,??,VESTA,MK,85%,OK
?????,??,VESTA,MN,85%,OK
?????,??,VESTA,MF,85%,OK
?????,??,VESTA,MX,85%,OK
????????,???????? ???????,WESTBROEK,Greenhouse Systems,85%,OK
????????,600,WESTERIA,600,85%,OK
????????,?? 155,WESTERIA,PT 155,85%,OK
?????????,118 111,WESTFALIA,118 111,95%,OK
?????????,118 451,WESTFALIA,118 451,95%,OK
?????????,118001?,WESTFALIA,118001A,95%,OK
?????????,118651,WESTFALIA,118651,95%,OK
?????????,119631,WESTFALIA,119631,95%,OK
?????????,120081 ? 1,WESTFALIA,120081 R 1,95%,OK
?????????,120881,WESTFALIA,120881,95%,OK
?????????,120882 ?,WESTFALIA,120882 F,95%,OK
?????????,120883 ?,WESTFALIA,120883 F,95%,OK
?????????,121 002,WESTFALIA,121 002,95%,OK
?????????,124 007,WESTFALIA,124 007,95%,OK
?????????,138 012,WESTFALIA,138 012,95%,OK
?????????,138011,WESTFALIA,138011,95%,OK
?????????,500,WESTFALIA,500,95%,OK
?????????,750,WESTFALIA,750,95%,OK
?????????,??????,WESTFALIA,Berlin,95%,OK
?????????,?????,WESTFALIA,Werke,90%,OK
?????????,????? 117 004,WESTFALIA,Werke 117 004,95%,OK
?????????,????? 118 001,WESTFALIA,Werke 118 001,95%,OK
?????????,????? 118002,WESTFALIA,Werke 118002,95%,OK
?????????,????? 118451,WESTFALIA,Werke 118451,95%,OK
?????????,????? 121 511,WESTFALIA,Werke 121 511,95%,OK
?????????,?276,WESTFALIA,T276,95%,OK
?????????,???? ?????,WESTFALIA,Ford Nugget,98%,OK
??????,? 40,WETSCHKA,S 40,90%,OK
??????,? 600 ?,WETSCHKA,T 600 A,90%,OK
??????,?400,WETSCHKA,T400,90%,OK
???????,37 ? 8 ??? 11.5,VIBERTI,37 S 8 EVP 11.5,90%,OK
???????,??,VIBERTI,VR,90%,OK
???????,?408 1,VIGOROUS,T408-1,95%,OK
???????,?408 2,VIGOROUS,T408-2,95%,OK
?????,400 ??,WIEME,400 TI,85%,OK
????? ?????? ???????,? 350,WIENS SAFETY TRAILER,E 350,95%,OK
????,???????,WIER,Plateau,85%,OK
????,??????,WIER,Tridem,85%,OK
???? ??????,2000,VIJF STERREN,2000,90%,OK
?????,??????????,WIESE,Petershagen,95%,OK
???,??????,WICK,Bremen,95%,OK
??? ???????????,?,WICK BOOTSTRAILER,A,95%,OK
??? ???????????,? 2,WICK BOOTSTRAILER,C 2,95%,OK
??????,424,VIKING,424,85%,OK
??????,514,VIKING,514,85%,OK
??????,600,VIKING,600,85%,OK
??????,??1,VIKING,ET1,85%,OK
???????,????????,VICTORY,Boardwalk,98%,OK
???????,?????,VICTORY,Vegas,98%,OK
???????,?????,VICTORY,Vision,98%,OK
???????,?????,VICTORY,Gunner,98%,OK
???????,?????,VICTORY,Judge,98%,OK
???????,???? ??????,VICTORY,Cross Country,98%,OK
???????,???? ?????,VICTORY,Cross Roads,98%,OK
?????ORY,???? ????? ?????? ??,VICTORY,Cross Roads Classic LE,98%,OK
???????,??????,VICTORY,Magnum,98%,OK
???????,?????,VICTORY,Octane,98%,OK
???????,??? ???,VICTORY,High-Ball,98%,OK
???????,?????,VICTORY,Hammer,98%,OK
?????,???? 40.0,WILLIG,Sana 40.0,95%,OK
????,010 441,WILK,010 441,95%,OK
????,10471,WILK,10471,95%,OK
????,010501 ??,WILK,010501 AH,95%,OK
????,103452,WILK,103452,95%,OK
????,114532,WILK,114532,95%,OK
????,11456?,WILK,11456C,95%,OK
????,391,WILK,391,95%,OK
????,400,WILK,400,95%,OK
????,45 ???,WILK,45 HTD,95%,OK
????,450,WILK,450,95%,OK
????,490 ??,WILK,490 KM,95%,OK
????,545 2,WILK,545 2,95%,OK
????,?? ???? 510 ??,WILK,De Luxe 510 TE,95%,OK
????,? 4,WILK,S 4,95%,OK
????,? 530,WILK,S 530,95%,OK
????,?3 650,WILK,S3 650,95%,OK
????,?????? 505 ??,WILK,Safari 505 TL,95%,OK
????,????? 400 ??,WILK,Stern 400 EK,95%,OK
????,????? 530,WILK,Stern 530,95%,OK
????,? 420,WILK,C 420,90%,OK
????,?? ???? 510,WILK,CI 510,85%,OK
????,?? ?????? 442,WILK,CI Safari 442,85%,OK
????,?? ?????? 471,WILK,CI Safari 471,85%,OK
???????,????.??,WILCOX,Fsmf.sa,OK,NEEDS_REVIEW
??????,??,WIELTON,NV,90%,OK
??????,?? 3,WIELTON,NV 3,90%,OK
??????,?? 38 ??,WIELTON,NV 38 AT,90%,OK
??????,?? 3,WIELTON,NS 3,95%,OK
??????,?? 3 ?,WIELTON,NS 3 K,95%,OK
??????,?? 3 ?,WIELTON,NS 3 S,95%,OK
??????,?? 34,WIELTON,NS 34,95%,OK
??????,??3?,WIELTON,NS 3 K,95%,OK
??????,??3??,WIELTON,NS 3 KO,95%,OK
??????,??3?,WIELTON,NS 3 P,95%,OK
??????,?? 2,WIELTON,PS 2,95%,OK
??????,?? 2 ?,WIELTON,PS 2 K,95%,OK
??????,??2?,WIELTON,PS 2 P,95%,OK
??????,?? 2 ?,WIELTON,PC 2 K,95%,OK
??????,?? 2 ?,WIELTON,PC 2 F,95%,OK
??????,??2??,WIELTON,PC 2 SP,95%,OK
??????,??????,WINTER,Winter,OK,NEEDS_REVIEW
????????????,???? 2500,WINTERSTEIGER,Atac 2500,85%,OK
??????,???,WINTON,Wnt,OK,NEEDS_REVIEW
?????,? 2,WIOLA,W 2,90%,OK
?????,? 4,WIOLA,W 4,90%,OK
?????,? 5,WIOLA,W 5,90%,OK
?????,? 600,WIOLA,W 600,90%,OK
?????,?11?,WIOLA,W11P,90%,OK
?????,?22?,WIOLA,W22P,90%,OK
?????,?23?,WIOLA,W23R,90%,OK
?????????,2000,WISKIRCHEN,2000,80%,OK
?????????,750,WISKIRCHEN,750,80%,OK
???????,? 2028,WITTEVEEN,R 2028,90%,OK
???????,? 2030,WITTEVEEN,R 2030,90%,OK
???????,? 2430,WITTEVEEN,R 2430,90%,OK
?????,1994,VITESSE,1994,OK,NEEDS_REVIEW
?? ?????,?? 125,WK BIKES,VS 125,90%,OK
??????? ??????,350,VLASTNI VYROBA,350,85%,OK
????????,?? 26 01,VLASTUIN,CT 26 01,85%,OK
????????,?? 53 04?,VLASTUIN,CT 53 04D,85%,OK
?????? ????????????,500,VLACHOS KONSTANTINOS,500,85%,OK
?????? ????????????,??????? ???????? 602,VLACHOS KONSTANTINOS,Dromeis Trailers 602,85%,OK
?????? ????????????,??????? ????????,VLACHOS KONSTANTINOS,Dromeis Trailers,85%,OK
?????? ????????????,??????? ???????? 500,VLACHOS KONSTANTINOS,Dromeis Trailers 500,85%,OK
?????? ????????????,??????? ???????? 900,VLACHOS KONSTANTINOS,Dromeis Trailers 900,85%,OK
?????? ????????????,??????? ???????? 903,VLACHOS KONSTANTINOS,Dromeis Trailers 903,85%,OK
???????,?3?,VLEMMIX,V3A,90%,OK
???????,??,VLEMMIX,VB,90%,OK
???????,???2 3500,VLEMMIX,VBT2 3500,90%,OK
???????,???,VLEMMIX,VPT,90%,OK
???????,???,VLEMMIX,VTA,90%,OK
???????,??????????,VLEMMIX,Plateauwagen,90%,OK
?? ?????,2000,WM MEYER,2000,95%,OK
?? ?????,750,WM MEYER,750,95%,OK
?? ?????,?? 16 1,WM MEYER,AZ 16 1,95%,OK
?? ?????,?? 20,WM MEYER,AZ 20,95%,OK
?? ?????,??25,WM MEYER,AZ 25,95%,OK
?? ?????,?? 2500 ?,WM MEYER,AK 2500 B,95%,OK
?? ?????,??? 1,WM MEYER,AKB 1,95%,OK
?? ?????,?? 25,WM MEYER,AP 25,95%,OK
?? ?????,?????2540 205,WM MEYER,APHLC 2540/205,90%,OK
?? ?????,?? 20,WM MEYER,BT 20,95%,OK
?? ?????,??16,WM MEYER,BT 16,95%,OK
?? ?????,?? 500,WM MEYER,WM 500,95%,OK
?? ?????,?? ??,WM MEYER,WM AK,95%,OK
?? ?????,?? ??,WM MEYER,WM AP,95%,OK
?? ?????,?? ?? 25 1,WM MEYER,WM BT 25 1,95%,OK
?? ?????,?? ?? ?? 25,WM MEYER,WM EG AZ 25,95%,OK
?? ?????,?? ?? ??25,WM MEYER,WM EG AZ 25,95%,OK
?? ?????,?? ?? ??75,WM MEYER,WM EG AZ 75,95%,OK
?? ?????,?? ?? ????,WM MEYER,WM EG AZKE,95%,OK
?? ?????,?? ?? ?????,WM MEYER,WM EG APHLS,95%,OK
?? ?????,?? ?? ?16,WM MEYER,WM EG B16,95%,OK
?? ?????,?? ?? ???,WM MEYER,WM EG VKE,95%,OK
?? ?????,?? ?? ??75,WM MEYER,WM EG HZ 75,95%,OK
?? ?????,?? ?? ???,WM MEYER,WM EG HKC,95%,OK
?? ?????,?? ?,WM MEYER,WM P,95%,OK
?? ?????,?? ??????,WM MEYER,WM Sonder,90%,OK
?? ?????,?? ?? 55,WM MEYER,WM HZ 55,95%,OK
?? ?????,?? ???,WM MEYER,WM HZN,95%,OK
?? ?????,?? ???,WM MEYER,WM HLC,95%,OK
?? ?????,??? 3000 ?? ?,WM MEYER,KHL 3000 Hi K,95%,OK
?? ?????,?? 1,WM MEYER,MB 1,95%,OK
?? ?????,???,WM MEYER,HLS,95%,OK
?????,???,VMOTO,VSA,90%,OK
?????,?? ?????? ?????? ???,VMOTO,TS Street Hunter Pro,95%,OK
?????,??1,VMOTO,TC1,95%,OK
?????,?01,VMOTO,F01,95%,OK
???,300??,VOGE,300DS,98%,OK
???,300?,VOGE,300R,98%,OK
???,300????,VOGE,300 Rally,98%,OK
???,500??,VOGE,500AC,98%,OK
???,500??,VOGE,500DS,98%,OK
???,??350,VOGE,AC350,98%,OK
???,??525?,VOGE,DS525X,98%,OK
???,??625?,VOGE,DS625X,98%,OK
???,??800? ????,VOGE,DS800X Rally,98%,OK
???,??900?,VOGE,DS900X,98%,OK
???,?125,VOGE,R125,98%,OK
???,??1???,VOGE,SR1 ADV,98%,OK
???,??4,VOGE,SR4,98%,OK
?????????,?02 ??? 15 36 ???,VOGELZANG,V02 STG 15 36 STN,90%,OK
?????????,?? ? 18,VOGELZANG,VA P 18,90%,OK
?????????,??? 12 27,VOGELZANG,VOA 12 27,90%,OK
?????,????,VOYAH,Free,98%,OK
?????,?? 22 5,VOCOL,DT 22 5,OK,NEEDS_REVIEW
???????,????? ???? 16 ?,VAUXHALL,Agila,95%,OK
???????,?????? ???????? ???,VAUXHALL,Ampera,95%,OK
???????,??????,VAUXHALL,Antara,98%,OK
???????,?????,VAUXHALL,Astra,98%,OK
???????,??????? ????,VAUXHALL,Bedford Blitz,95%,OK
???????,??????,VAUXHALL,Vectra,98%,OK
???????,????,VAUXHALL,Viva,98%,OK
???????,??????,VAUXHALL,Vivaro,98%,OK
???????,?????? 2700 ?? ???,VAUXHALL,Vivaro,95%,OK
???????,?????? 2900 ?? ???,VAUXHALL,Vivaro,95%,OK
???????,?????? 2900 ??? ???,VAUXHALL,Vivaro,95%,OK
???????,?????? 2900 ?? ???,VAUXHALL,Vivaro,95%,OK
???????,?????? 2900 ??????? ????,VAUXHALL,Vivaro,95%,OK
???????,?????? 2900 ????,VAUXHALL,Vivaro,95%,OK
???????,????????? ?,VAUXHALL,Grandland X,98%,OK
???????,??????,VAUXHALL,Zafira,98%,OK
???????,?????? ??????,VAUXHALL,Zafira,95%,OK
???????,?????? ?????? ????,VAUXHALL,Zafira,95%,OK
???????,?????? ????????? ????,VAUXHALL,Zafira,95%,OK
???????,?????? ??????? ????,VAUXHALL,Zafira,95%,OK
???????,?????? ????,VAUXHALL,Zafira Life,98%,OK
???????,????????,VAUXHALL,Insignia,98%,OK
???????,???????? ????????? 130????,VAUXHALL,Insignia,95%,OK
???????,??????? ?? ???? ? ?,VAUXHALL,Cascada,95%,OK
???????,?????,VAUXHALL,Combo,98%,OK
???????,?????,VAUXHALL,Corsa,98%,OK
???????,???????? ? ?? ????? ? ? ????,VAUXHALL,Crossland X,95%,OK
???????,??????,VAUXHALL,Meriva,98%,OK
???????,??????,VAUXHALL,Movano,98%,OK
???????,?????? 3500 ?? ???,VAUXHALL,Movano,95%,OK
???????,????,VAUXHALL,Mokka,98%,OK
???????,???? ????????? ????,VAUXHALL,Mokka,95%,OK
???????,???? ??? ???? ? ?,VAUXHALL,Mokka,95%,OK
???????,???? ?,VAUXHALL,Mokka X,98%,OK
???????,?? 97300,VAUXHALL,CF 97300,90%,OK
?????,121,VOLVO,121,98%,OK
?????,122,VOLVO,122,98%,OK
?????,144,VOLVO,144,98%,OK
?????,240,VOLVO,240,98%,OK
?????,440,VOLVO,440,98%,OK
?????,580,VOLVO,S80,90%,OK
?????,66 ??,VOLVO,66,95%,OK
?????,740 GL,VOLVO,740,98%,OK
?????,850,VOLVO,850,98%,OK
?????,850 ???,VOLVO,850,98%,OK
?????,940,VOLVO,940,98%,OK
?????,940 ?????,VOLVO,940,98%,OK
?????,945,VOLVO,945,98%,OK
?????,9700,VOLVO,9700,98%,OK
?????,9900,VOLVO,9900,98%,OK
?????,? 12,VOLVO,B12,98%,OK
?????,? 6,VOLVO,B6,98%,OK
?????,?12? 4?2,VOLVO,B12B,95%,OK
?????,?12??? 4?2,VOLVO,B12B,90%,OK
?????,?12??? 6?2,VOLVO,B12BLE,95%,OK
?????,? 40,VOLVO,V40,98%,OK
?????,? 40 1.8,VOLVO,V40,98%,OK
?????,? 40 ???? ??????,VOLVO,V40 Cross Country,98%,OK
?????,? 50,VOLVO,V50,98%,OK
?????,? 50 1.6,VOLVO,V50,98%,OK
?????,? 50 1.6 ?,VOLVO,V50,98%,OK
?????,? 50 2.0 ?,VOLVO,V50,98%,OK
?????,? 50 2.4,VOLVO,V50,98%,OK
?????,? 50 2.4 ?,VOLVO,V50,98%,OK
?????,? 50 ? 5 ??? 2.5,VOLVO,V50,98%,OK
?????,? 58,VOLVO,B58,95%,OK
?????,? 60,VOLVO,V60,98%,OK
?????,? 60 ???? ??????,VOLVO,V60,95%,OK
?????,? 70,VOLVO,V70,98%,OK
?????,? 70 ??,VOLVO,V70 XC,98%,OK
?????,?60 ???? ??????,VOLVO,V60 Cross Country,98%,OK
?????,?90,VOLVO,V90,98%,OK
?????,?90 ???? ??????,VOLVO,V90 Cross Country,98%,OK
?????,???3? 6?2 ????? ??,VOLVO,VTG3R,85%,OK
?????,??90,VOLVO,S90,98%,OK
?????,??30,VOLVO,EX30,98%,OK
?????,??30 ???? ??????,VOLVO,EX30 Cross Country,98%,OK
?????,??40,VOLVO,EX40,98%,OK
?????,??90,VOLVO,EX90,98%,OK
?????,??40,VOLVO,EC40,98%,OK
?????,?????? ???,VOLVO,Metago Pro,80%,OK
?????,? 10,VOLVO,N10,98%,OK
?????,? 144,VOLVO,144,95%,OK
?????,? 1800,VOLVO,P1800,98%,OK
?????,?? 544,VOLVO,PV544,98%,OK
?????,? 40,VOLVO,S40,98%,OK
?????,? 40 2.0 ?,VOLVO,S40,98%,OK
?????,? 40 ? 5,VOLVO,S40,98%,OK
?????,? 60,VOLVO,S60,98%,OK
?????,? 60 2.4 ?,VOLVO,S60,98%,OK
?????,? 60 ???? ??????,VOLVO,S60 Cross Country,98%,OK
?????,? 60 ? 5,VOLVO,S60,98%,OK
?????,? 70,VOLVO,S70,98%,OK
?????,? 70 ???,VOLVO,S70,95%,OK
?????,? 80,VOLVO,S80,98%,OK
?????,? 90,VOLVO,S90,98%,OK
?????,??????? ?? 2000 ?,VOLVO,FM Terberg,85%,OK
?????,? 12,VOLVO,F12,98%,OK
?????,? 16,VOLVO,F16,98%,OK
?????,? 7,VOLVO,F7,98%,OK
?????,??,VOLVO,FE,98%,OK
?????,?? 280,VOLVO,FE,95%,OK
?????,?? 300,VOLVO,FE,95%,OK
?????,?? 320,VOLVO,FE,95%,OK
?????,?? 42 ?,VOLVO,FE,90%,OK
?????,??? 62 ?,VOLVO,FE,90%,OK
?????,??,VOLVO,FL,98%,OK
?????,?? 10,VOLVO,FL10,98%,OK
?????,?? 12,VOLVO,FL12,98%,OK
?????,?? 240,VOLVO,FL,95%,OK
?????,?? 250,VOLVO,FL,95%,OK
?????,?? 280,VOLVO,FL,95%,OK
?????,?? 6,VOLVO,FL6,98%,OK
?????,?? 6 ?,VOLVO,FL6,95%,OK
?????,?? 6 ? 4 ? 2?,VOLVO,FL6,90%,OK
?????,?? 6 ? 42 ?,VOLVO,FL6,90%,OK
?????,?? 611,VOLVO,FL611,95%,OK
?????,?? 612,VOLVO,FL612,95%,OK
?????,?? 612 ?,VOLVO,FL612,95%,OK
?????,?? 614,VOLVO,FL614,95%,OK
?????,?? 616,VOLVO,FL616,95%,OK
?????,?? 7,VOLVO,FL7,98%,OK
?????,??? 260 4?2?,VOLVO,FL,90%,OK
?????,??? 42 ??,VOLVO,FL,90%,OK
?????,??? 280 4?2?,VOLVO,FL,90%,OK
?????,??? 42 ?,VOLVO,FL,90%,OK
?????,??,VOLVO,FM,98%,OK
?????,?? 12,VOLVO,FM12,98%,OK
?????,?? 12 380,VOLVO,FM12,95%,OK
?????,?? 12 420,VOLVO,FM12,95%,OK
?????,?? 12 84 ?,VOLVO,FM12,90%,OK
?????,?? 13,VOLVO,FM13,98%,OK
?????,?? 300,VOLVO,FM,95%,OK
?????,?? 310,VOLVO,FM,95%,OK
?????,?? 32.410,VOLVO,FM,95%,OK
?????,?? 330,VOLVO,FM,95%,OK
?????,?? 360,VOLVO,FM,95%,OK
?????,?? 380,VOLVO,FM,95%,OK
?????,?? 4 ? 2 ?,VOLVO,FM,95%,OK
?????,?? 400,VOLVO,FM,95%,OK
?????,?? 42 ?,VOLVO,FM,95%,OK
?????,?? 420 4?2?,VOLVO,FM,95%,OK
?????,?? 440 6 2,VOLVO,FM,95%,OK
?????,?? 450,VOLVO,FM,95%,OK
?????,?? 460,VOLVO,FM,95%,OK
?????,?? 480,VOLVO,FM,95%,OK
?????,?? 540,VOLVO,FM,95%,OK
?????,?? 62 ?,VOLVO,FM,95%,OK
?????,?? 7,VOLVO,FM7,98%,OK
?????,?? 84 ?,VOLVO,FM,95%,OK
?????,?? 9,VOLVO,FM9,98%,OK
?????,?? ????????,VOLVO,FM Electric,98%,OK
?????,?? ?? ?5,VOLVO,FM/FH,85%,OK
?????,??440 8?4? ???18.0 ???? ??,VOLVO,FM,90%,OK
?????,????,VOLVO,FM/FH,85%,OK
?????,???,VOLVO,FMX,98%,OK
?????,?? 12 420,VOLVO,FH12,90%,OK
?????,?? 12 420 ?,VOLVO,FH12,90%,OK
?????,?? 10 8?4,VOLVO,FS10,95%,OK
?????,?? 7,VOLVO,FS7,95%,OK
?????,??,VOLVO,FH,98%,OK
?????,?? 12,VOLVO,FH12,98%,OK
?????,?? 12 4 ? 2 ?,VOLVO,FH12,95%,OK
?????,?? 12 420,VOLVO,FH12,95%,OK
?????,?? 12 460,VOLVO,FH12,95%,OK
?????,?? 12.460 ??,VOLVO,FH12,95%,OK
?????,?? 13 42 ?,VOLVO,FH13,95%,OK
?????,?? 13 440,VOLVO,FH13,95%,OK
?????,?? 16,VOLVO,FH16,98%,OK
?????,?? 16 660,VOLVO,FH16,95%,OK
?????,?? 16-610,VOLVO,FH16,95%,OK
?????,?? 4 ? 2 ?,VOLVO,FH,95%,OK
?????,?? 4 ? 2 ?,VOLVO,FH,95%,OK
?????,?? 400 4?2?,VOLVO,FH,95%,OK
?????,?? 42 ?,VOLVO,FH,95%,OK
?????,?? 42 ??,VOLVO,FH,95%,OK
?????,?? 420 4?2 ?,VOLVO,FH,95%,OK
?????,?? 42? 3?,VOLVO,FH,95%,OK
?????,?? 440,VOLVO,FH,95%,OK
?????,?? 440 6?2 ?,VOLVO,FH,95%,OK
?????,?? 460 4?2?,VOLVO,FH,95%,OK
?????,?? 460 64 ?,VOLVO,FH,95%,OK
?????,?? 460 6?2?,VOLVO,FH,95%,OK
?????,?? 460 ??? 4?2,VOLVO,FH,95%,OK
?????,?? 480,VOLVO,FH,95%,OK
?????,?? 500,VOLVO,FH,95%,OK
?????,?? 500 4?2,VOLVO,FH,95%,OK
?????,?? 500 6?2,VOLVO,FH,95%,OK
?????,?? 520,VOLVO,FH,95%,OK
?????,?? 520 4?2?,VOLVO,FH,95%,OK
?????,?? 540 4?2?,VOLVO,FH,95%,OK
?????,?? 540 6?2,VOLVO,FH,95%,OK
?????,?? 540 6?4?,VOLVO,FH,95%,OK
?????,?? 540 8?4,VOLVO,FH,95%,OK
?????,?? 6 ? 2 ?,VOLVO,FH,95%,OK
?????,?? 62 ?,VOLVO,FH,95%,OK
?????,?? 62 ??,VOLVO,FH,95%,OK
?????,?? 6?2 ??,VOLVO,FH,95%,OK
?????,?? ????????,VOLVO,FH Electric,98%,OK
?????,??? 3 ?,VOLVO,FHA,80%,OK
?????,?? 90,VOLVO,XC90,98%,OK
?????,?? 40,VOLVO,XC40,98%,OK
?????,?? 60,VOLVO,XC60,98%,OK
?????,?? 70,VOLVO,XC70,98%,OK
?????,?? 90,VOLVO,XC90,98%,OK
?????,?? 90 ? 8,VOLVO,XC90,95%,OK
?????,?? 90 ? 5,VOLVO,XC90,95%,OK
?????,?? 90 ? 5 ? ??????????,VOLVO,XC90,95%,OK
?????,?? 90 ? 6,VOLVO,XC90,95%,OK
?????,??40 ?5 ???? ?????,VOLVO,XC40,95%,OK
?????,??60 ???,VOLVO,XC60,95%,OK
?????,??60 ?6 ???,VOLVO,XC60,95%,OK
?????,??60 ?8 ???? ?????,VOLVO,XC60,95%,OK
?????,??90 ?8 ???? ??????,VOLVO,XC90,95%,OK
?????,? 30,VOLVO,C30,98%,OK
?????,? 30 1.6,VOLVO,C30,95%,OK
?????,? 30 1.8,VOLVO,C30,95%,OK
?????,? 30 2.0,VOLVO,C30,95%,OK
?????,? 30 2.4,VOLVO,C30,95%,OK
?????,? 30 2.5 ?,VOLVO,C30,95%,OK
?????,? 40,VOLVO,C40,98%,OK
?????,? 70,VOLVO,C70,98%,OK
????? ??????,??,VOLVO,FM,90%,OK
????? ??????,??,VOLVO,FH,90%,OK
????? ???????,??,VOLVO,FM,90%,OK
?????,21 ?,GAZ,21,95%,OK
?????,??? 21 ?,GAZ,21,95%,OK
?????,??? 2410,GAZ,2410,95%,OK
?????,? 21,GAZ,21,95%,OK
?????,??2,VOLTA,VS2,90%,OK
????,?? 2000 ?,WOLF,VP 2000 T,OK,NEEDS_REVIEW
????,?1200,WOLF,T1200,OK,NEEDS_REVIEW
?????????,?? 2.0,WOLFANGEL,AT 2.0,80%,OK
?????????,?? 3.30 ?,WOLFANGEL,BG 3.30 X,80%,OK
?????????,?? 3.30??,WOLFANGEL,BG 3.30IV,80%,OK
?????????,???,WOLFANGEL,BGK,80%,OK
?????????,??3 80 2,WOLFANGEL,BF3 80 2,80%,OK
???,???? ??????,WOM,Bella Milano,OK,NEEDS_REVIEW
???,???? ?????,WOM,Bella Retro,OK,NEEDS_REVIEW
?????????,???329,WONDERFUL,AIH329,OK,NEEDS_REVIEW
?????????,???429,WONDERFUL,AIH429,OK,NEEDS_REVIEW
??????,?? 250??,WONYAN,WY250LD,OK,NEEDS_REVIEW
???,???? ??????? 6519,VOS,Hans Wilhelm 6519,OK,NEEDS_REVIEW
?????,?????,WOTAN,Storm,OK,NEEDS_REVIEW
?????,????? ?,WOTAN,Storm T,OK,NEEDS_REVIEW
???,?????41??? ??,VPS,VPSCN41LPG BN,80%,OK
???,?????50??? ??,VPS,VPSCN50LPG BH,80%,OK
???,??41??? ??,VPS,CN41LPG BN,80%,OK
????????,????,JEEP,Wrangler,98%,OK
???,??? 3,VRT,BTR 3,OK,NEEDS_REVIEW
?? ????,????02,VS-MONT,VSAT02,90%,OK
?? ?????,400,VT METAL,400,80%,OK
?? ?????,?? 2 ??? 2 ?,VT METAL,TX 2 Max 2 C,80%,OK
?? ?????,?? 3 ???,VT METAL,TX 3 Max,80%,OK
?? ?????,?? 4 500,VT METAL,TX 4 500,80%,OK
?? ?????,?? 4 600 2,VT METAL,TX 4 600 2,80%,OK
?? ?????,??2 400,VT METAL,TX2 400,80%,OK
?? ?????,??3 400,VT METAL,TX3 400,80%,OK
?? ?????,??4 400,VT METAL,TX4 400,80%,OK
?? ?????,??4 ???2?,VT METAL,TX4 Vet2k,80%,OK
???,? 24,WUYI,A24,OK,NEEDS_REVIEW
????????,???? 18,WOULHORST,ZTFA 18,OK,NEEDS_REVIEW
????????,2000,WUPPERTAL,2000,OK,NEEDS_REVIEW
????????,???,WUPPERTAL,RFV,OK,NEEDS_REVIEW
?????,?????,WURST,Wurst,OK,NEEDS_REVIEW
???,7 5,WHW,7.5,OK,NEEDS_REVIEW
??????,1 175,VOSKHOD,175,95%,OK
???????,3000??,WÖRMANN,3000VG,90%,OK
???????,3500 ??,WÖRMANN,3500 VG,90%,OK
???????,??????? 2740 200,WÖRMANN,Atlanta 2740 200,90%,OK
???????,?? ???,WÖRMANN,VM KHL,90%,OK
???????,???????? 1536 195,WÖRMANN,Lightstar 1536 195,90%,OK
???????,?2?2?,WÖRMANN,H2B2G,85%,OK
???????,?2?2?,WÖRMANN,H2B2H,85%,OK
???????,????? ?? 3050 200 10,WÖRMANN,Rebel MT 3050 200 10,90%,OK
???????,???? ???? 3045 195 ???,WÖRMANN,Road Mex 3045 195 Mex,90%,OK
???????,???????????? 2740 200,WÖRMANN,Streetliner 2740 200,90%,OK
????,?1,GAEA,M1,OK,NEEDS_REVIEW
???,21?,GAZ,21P,95%,OK
???,3110,GAZ,3110,98%,OK
???,3302,GAZ,3302,98%,OK
???,53,GAZ,53,98%,OK
???,53 ?,GAZ,53A,98%,OK
???,63,GAZ,63,98%,OK
???,66,GAZ,66,98%,OK
???,??????,GAZ,Gazelle,98%,OK
???,?????? ??,GAZ,Gazelle NN,98%,OK
???,?20? ??????,GAZ,M20B Pobeda,95%,OK
???,?21? ?????,GAZ,M21B Volga,95%,OK
??????,???? ?,GAZELLE,Puma C,OK,NEEDS_REVIEW
?????????,???? 18,GAIDÖBLER,TDAL 18,85%,OK
???,????,GAC,Aion,95%,OK
????,???,GALA,BBG,OK,NEEDS_REVIEW
???????,?? 2? ??,GALLIKER,ST 2A LF,85%,OK
????,??? 455 ?,GAMO,ASS 455 K,85%,OK
????,??? 340,GAMO,WKS 340,80%,OK
????,??? 350,GAMO,WSA 350,80%,OK
????,??? 3627 ????,GAMO,GIT 3627 Taks,80%,OK
??????,125,GARELLI,125,95%,OK
??????,50,GARELLI,50,95%,OK
??????,?? 49 ?? 12,GARELLI,BT 49 QT-12,90%,OK
??????,???? ???,GARELLI,Gary Due,90%,OK
?????,???? ??? ?????,GARIA,Utility Urban,85%,OK
?????,?????? 4,GARIA,Monaco 4,90%,OK
??? ???,200,GAS GAS,EC 200,95%,OK
??? ???,400,GAS GAS,400,95%,OK
??? ???,???? ? ?? 450,GAS GAS,Wild HP 450,95%,OK
??? ???,??2?,GAS GAS,GG2T,90%,OK
??? ???,???????? ???,GAS GAS,Enducross FSE,95%,OK
??? ???,??????,GAS GAS,Enduro,95%,OK
??? ???,?????? 450 ???,GAS GAS,Enduro 450 FSR,95%,OK
??? ???,?? 700,GAS GAS,ES 700,98%,OK
??? ???,?? 250,GAS GAS,EC 250,98%,OK
??? ???,?? 250?,GAS GAS,EC 250F,98%,OK
??? ???,?? 300,GAS GAS,EC 300,98%,OK
??? ???,?? 350 ?,GAS GAS,EC 350F,98%,OK
??? ???,?? 450?,GAS GAS,EC 450F,98%,OK
??? ???,?? 500?,GAS GAS,EC 500F,98%,OK
??? ???,?? 700,GAS GAS,SM 700,98%,OK
??? ???,??,GAS GAS,TG,80%,OK
??? ???,??,GAS GAS,CG,80%,OK
??????,26,GAUPEN,26,90%,OK
??????,????0516,GAUPEN,IHAA0516,90%,OK
??????,????0718,GAUPEN,IHAB0718,90%,OK
??????,??4,GAUPEN,TR4,90%,OK
?????? ??????,1255,GAUPEN,1255,95%,OK
?????? ??????,67,GAUPEN,67,95%,OK
??,??????? ?5??,GB MACHINE,Mixman D5BS,90%,OK
??,??????? ?4??,GB MACHINE,Mixman D4BS,90%,OK
???,??360,GBS,KU360,OK,NEEDS_REVIEW
??,?? 210,GW,WE 210,OK,NEEDS_REVIEW
??,?? 120 ?,GW,GW 120 U,OK,NEEDS_REVIEW
??,??????? ?,GW,Leopard C,OK,NEEDS_REVIEW
??,??? ?,GW,Lus C,OK,NEEDS_REVIEW
??,?? 210 ? ?????? 09,GW,SL 210 U Zusatz 09,OK,NEEDS_REVIEW
??,??? 210?,GW,STL 210U,OK,NEEDS_REVIEW
??,?? 150?,GW,FO 150U,OK,NEEDS_REVIEW
??,?? 210?,GW,FO 210G,OK,NEEDS_REVIEW
??,??? 120?,GW,FOL 120U,OK,NEEDS_REVIEW
??,??? 210?,GW,XXL 210U,OK,NEEDS_REVIEW
?? ????? ????????,?? 210 ?,GW WIENER NEUSTADT,GW 210 U,85%,OK
???,4???29,GVN,4GVN29,80%,OK
???,???429,GVN,GVN429,80%,OK
???,? 0210 ?,GWU,F 0210 U,OK,NEEDS_REVIEW
????,?3500,GEWE,B3500,80%,OK
????,? 3500,GEWE,L 3500,80%,OK
????,? 0750,GEWE,P 0750,80%,OK
????,?3500,GEWE,P3500,80%,OK
??????????,??? ????,GEVELSBERG,Big Star,85%,OK
???????,??3200,GEISLER,WK3200,85%,OK
?????,?? 535,GEIST,LV 535,90%,OK
????????,1600,GEMMEKER,1600,85%,OK
??? ?????,??33?3???,GEN TRAIL,DF33C3RAA,80%,OK
??????,?? 250 ???,GENATA,GT 250 LRE,90%,OK
???????,?70,GENESIS,G70,99%,OK
???????,?80,GENESIS,G80,99%,OK
???????,??70,GENESIS,GV70,99%,OK
???????,??80,GENESIS,GV80,99%,OK
???????,? 05,GENERIC,B05,95%,OK
???????,?22,GENERIC,B22,95%,OK
???????,?93,GENERIC,B93,95%,OK
???????,?? 0 ? 4 ?,GENERIC,BN0T4S,90%,OK
???????,?????? 50,GENERIC,Verino 50,90%,OK
???????,????? 50,GENERIC,Jump 50,95%,OK
???????,????50,GENERIC,Znap 50,90%,OK
???????,???? 50,GENERIC,Ideo 50,95%,OK
???????,????? 50,GENERIC,Kallio 50,95%,OK
???????,??????,GENERIC,Classic,95%,OK
???????,?????? 50,GENERIC,Cracker 50,95%,OK
???????,????,GENERIC,Quip,90%,OK
???????,????????,GENERIC,Paradise,90%,OK
???????,???? 50,GENERIC,Race 50,95%,OK
???????,?????? 50,GENERIC,Sirion 50,95%,OK
???????,????,GENERIC,Soho,95%,OK
???????,?????????,GENERIC,Supermoto,95%,OK
???????,?? 125,GENERIC,TR 125,95%,OK
???????,?????? ?? 50,GENERIC,Trigger SM 50,95%,OK
???????,??????? 50,GENERIC,Twister 50,90%,OK
???????,?03,GENERIC,U03,90%,OK
???????,?14 0 0,GENERIC,U14 0 0,90%,OK
???????,??? 50,GENERIC,XOR 50,95%,OK
??????????,??? 18,GERBLINGER,ZAA 18,85%,OK
????????,?????? 3,GERMANIA,Senior 3,80%,OK
??????,??2542 19?,GESSLER,SX2542 19V,85%,OK
????,?? 7800,GEHO,GH 7800,85%,OK
???? ??????? ??,???? ?,GESCHWISTER VERSTEEG,Puma C,85%,OK
??????? ????????,2010,GESCHÜTZTE WERKSTÄTTE,2010,85%,OK
??????? ????????,?????,GESCHÜTZTE WERKSTÄTTE,Büffel,85%,OK
?????,??? 550,GEERS,EGS 550,85%,OK
?????,??,GEERS,HO,80%,OK
?????,? 4446 ??,GINAF,M4446-TS,95%,OK
?????,? 3335 ?,GINAF,X3335-S,95%,OK
?????,?4241?,GINAF,X4241-S,95%,OK
?????,?6 5250 ????,GINAF,X6 5250 CTSE,95%,OK
????? ????????,?????????,GIOTTI VICTORIA,Gladiator,95%,OK
??????,800 ??,GISEBO,800 LB,90%,OK
?? ?,??????? 750,GLD,Galaxy 750,80%,OK
??????,?3,GLOWACZ,G3,85%,OK
??????,?? 2 8 20,GLOGGER,SX 2 8 20,85%,OK
??,????? ??,GILERA,Runner SP,90%,OK
??,?14 ?????,GILERA,Runner C14,90%,OK
???,??????,GMC,Acadia,99%,OK
???,??? ??????? 2500,GMC,Vandura 2500,99%,OK
???,??? ?15 ?????,GMC,S15 Sierra,99%,OK
???,??? ?????,GMC,Sierra,99%,OK
???,??? ??????,GMC,Terrain,99%,OK
???,??? ?????,GMC,Hummer EV,99%,OK
???,??? ????,GMC,Yukon,99%,OK
???,??????,GMC,Canyon,99%,OK
???,??????,GMC,Savana,99%,OK
???,?????,GMC,Sierra,99%,OK
???,????? 1500,GMC,Sierra 1500,99%,OK
???,????? 2500 ??,GMC,Sierra 2500 HD,99%,OK
???,??????,GMC,Sierra,99%,OK
???,??????,GMC,Sonoma,99%,OK
???,?????,GMC,Tahoe,90%,OK
???,??????,GMC,Terrain,99%,OK
???,????? ?3,GMC,Hummer H3,95%,OK
???,????? ??,GMC,Hummer EV,99%,OK
???,????,GMC,Yukon,99%,OK
???,???? ??????,GMC,Yukon Denali,99%,OK
???,???? ??,GMC,Yukon XL,99%,OK
????????,?1216,GNIOTPOL,G1216,95%,OK
????????,?4080,GNIOTPOL,G4080,95%,OK
????????,?2 18?,GNIOTPOL,P2 18K,95%,OK
??????,?????,GOVECS,Flex,95%,OK
??????? ?????,??500.01 01,GÖRLITZ,HP 500.01/01,85%,OK
????,625? 00 1,GOES,625,90%,OK
????,?????? 1000,GOES,Terrox 1000,95%,OK
????,??500,GOES,CF500,90%,OK
?????? ??????,??12?,GOLDEN DRAGON,GD12E,95%,OK
?????? ??????,?12?,GOLDEN DRAGON,E12C,95%,OK
???????????,??2?,GOLDEN LION,JS2A,85%,OK
???????????,??2? 145,GOLDEN LION,JS2A 145,85%,OK
???????????,???1 ?????,GOLDEN LION,JSM1 Menss,80%,OK
??????????,??????,GOLDHAUSEN,Wirges,85%,OK
?????????,??? ?? 4 42 80 ?,GOLDHOFER,STZ-VL 4-42/80 A,95%,OK
?????????,??? ?3 5,GOLDHOFER,STZ-L 3-5,95%,OK
?????????,??? ?? 3 32 80,GOLDHOFER,STZ-TL 3-32/80,95%,OK
?????????,???? 3-24 80,GOLDHOFER,STMN 3-24/80,95%,OK
?????????,??? ? 3 38 80 ?,GOLDHOFER,STN-L 3-38/80 A,95%,OK
?????????,??? ? 3 39 80,GOLDHOFER,STN-L 3-39/80,95%,OK
?????????,??? ? 4 245 ?,GOLDHOFER,STN-L 4-245 A,95%,OK
?????????,??? ?4 34 80 ?,GOLDHOFER,STN-L4 34/80 A,95%,OK
?????????,??? ?5 44 80?,GOLDHOFER,STN-L5 44/80 A,95%,OK
?????????,?? 2 16 80,GOLDHOFER,TU 2-16/80,95%,OK
?????????,?? 3 18 80,GOLDHOFER,TU 3-18/80,95%,OK
?????????,?? 4 2 ? 2 32 80,GOLDHOFER,TU 4 2x2-32/80,95%,OK
?????????,???,GOLDHOFER,THP,95%,OK
?????????,??? ??,GOLDHOFER,THP/SL,95%,OK
???,?? 16,GOM,GW 16,80%,OK
???,?6,GOM,P6,80%,OK
???,?? 75,GOM,TA 75,80%,OK
?????,??200,GONOW,GA200,90%,OK
????,?? 35,GOTHA,TL 35,90%,OK
??????,?4,GOUPIL,G4,98%,OK
????,????,GOFA,Gofa,90%,OK
????,??? 40 3,GOFA,TSA 40 3,95%,OK
????,???,GOFA,CSA,95%,OK
?????,???1000,GOCCIA,GEV1000,90%,OK
???,??? ??? 250 ?,GPX,TSE 250R,95%,OK
???????,???6859?????,GRANTON,GTZ6859BEVBF,90%,OK
??????,?3-?,GRAPAR,T3-G,90%,OK
??????,?3? ??? ?3 ??,GRAPAR,T3P ADR A3 CG,90%,OK
??????,?3? ??,GRAPAR,T3P CG,90%,OK
????,?? 55,GRAS,GS 55,85%,OK
???? ?????,??3?,GRAY & ADAMS,GA3B,95%,OK
???????,???????,GREIMEL,Greimel,85%,OK
????? ????,??? 03,GREAT WALL,Wey 03,95%,OK
????? ????,??? 05,GREAT WALL,Wey 05,95%,OK
????? ????,??? ???? 01,GREAT WALL,Wey Coffee 01,95%,OK
????? ????,??? ???? 02,GREAT WALL,Wey Coffee 02,95%,OK
????? ????,?????? ?20?,GREAT WALL,Voleex C20R,99%,OK
????? ????,??? ??? 5 ???,GREAT WALL,GWM Ora 05,95%,OK
????? ????,????? ??? ?????? ? 10,GREAT WALL,Voleex C10,99%,OK
????? ????,????? ??? ?????? ?20?,GREAT WALL,Voleex C20R,99%,OK
????? ????,????? ??? ????? 5,GREAT WALL,Steed 5,99%,OK
????? ????,????? ??? ?????,GREAT WALL,Hover,99%,OK
????? ????,????? ??? ????? 5,GREAT WALL,Hover H5,99%,OK
????? ????,????? ???? ? 6,GREAT WALL,H6,99%,OK
????? ????,??? 07,GREAT WALL,Ora 07,98%,OK
????? ????,??? ????? ???,GREAT WALL,Ora Funky Cat,99%,OK
????? ????,????,GREAT WALL,Poer,99%,OK
????? ????,????? 4 ?? ???,GREAT WALL,Steed,95%,OK
????? ????,????? 6,GREAT WALL,Steed 6,99%,OK
????? ????,?????,GREAT WALL,Steed,99%,OK
????? ????,????? 5,GREAT WALL,Steed 5,99%,OK
????? ????,?6,GREAT WALL,H6,99%,OK
????? ????,????? ?????? ???,GREAT WALL,Haval Jolion Pro,98%,OK
????? ????,????? ?2,GREAT WALL,Haval H2,99%,OK
????? ????,????? ?6,GREAT WALL,Haval H6,99%,OK
????? ????,????? ?6 ????,GREAT WALL,Haval H6 PHEV,99%,OK
????? ????,????? ?6 ???,GREAT WALL,Haval H6 HEV,99%,OK
????? ????,????? ?9,GREAT WALL,Haval H9,95%,OK
????? ????,?????,GREAT WALL,Hover,95%,OK
????? ????,????? 5,GREAT WALL,Hover H5,95%,OK
????? ???,??? 150,GREENMECH,Arborist 150,90%,OK
????? ???,???135??,GREENMECH,Eco 135,90%,OK
?????,??? 3055,GROVE,GMK 3055,95%,OK
?????,??? 4100 ?,GROVE,GMK 4100L,95%,OK
???????????,??? 12 24,GROENEWEGEN,DRO 12-24,90%,OK
???????????,??? 14 27,GROENEWEGEN,DRO 14-27,90%,OK
???????????,?? 16 27 ??,GROENEWEGEN,RO 16-27 PC,90%,OK
??????????,??? ?,GROENEWOLD,TSP L,80%,OK
??????????,???? ??,GROENEWOLD,TSPH LK,80%,OK
??????????,? 152,GROENEWOLD,H 152,80%,OK
???????,?2,GROMEX,L2,80%,OK
???????,?3,GROMEX,L3,80%,OK
??????????,??????????? ???? 1002,GROENEWEGEN,GRVA 1002,90%,OK
??????????,?? 1010 ??,GROENEWEGEN,RA 1010 PC,90%,OK
???,600,GRU,600,OK,NEEDS_REVIEW
?????,? 3303,GRUAU,A 3303,90%,OK
?????,? 3700,GRUAU,A 3700,90%,OK
?????,?4202,GRUAU,A 4202,90%,OK
?????,? 4000,GRUAU,B 4000,90%,OK
?????,?3802,GRUAU,B 3802,90%,OK
??????????,2700,GRUNDMEIER,2700,80%,OK
???????????,??? 10 18,GROENEWEGEN,DRA 10-18,90%,OK
???,?? ?? 3500,GRUAU,PS PT 3500,OK,NEEDS_REVIEW
??,?? 2000,GS,AN 2000,OK,NEEDS_REVIEW
?????,???? 260,GSMOON,XYST 260,85%,OK
??????,18000,GSODAM,18000,85%,OK
??????,2???18,GSODAM,2ARA18,85%,OK
??????,3???,GSODAM,3ARA,85%,OK
??????,4400,GSODAM,4400,85%,OK
??????,????2??,GSODAM,GSTB2HK,85%,OK
??????,?2?,GSODAM,H2T,85%,OK
?? ?????,??55,GT UNION,PX55,90%,OK
?? ?????,?????,GT UNION,Retro,90%,OK
?? ?????,????? ?,GT UNION,Sonic X,90%,OK
?? ?????,??50?? 19?,GT UNION,TY50QT-19D,90%,OK
????,???2,GTMC,GTM2,OK,NEEDS_REVIEW
???,???? 50,GTS,Wyki 50,80%,OK
???,???????? 50,GTS,Cappucino 50,90%,OK
???,??? 09,GTS,PJL 09,80%,OK
???,??? 18,GTS,PTT 18,80%,OK
???,???????,GTS,Toscana,90%,OK
????????,??????,GUANGZHOU,Tianma,85%,OK
??????,0,GUEVER,0,OK,NEEDS_REVIEW
??????,??? 380,GUEVER,SCM 380,OK,NEEDS_REVIEW
??????,?? 3,GUILEN,SP 3,OK,NEEDS_REVIEW
??????,??? 350,GOURDON,GPA 350,90%,OK
????????,??? 2 18 ?,GFÖLLNER,AKU 2 18 L,90%,OK
????????,??? 1 10 ?,GFÖLLNER,SKO 1 10 L,90%,OK
??????,713,GOEBEL,713,80%,OK
????? ???????,1???,GÜNEY KARAVAN,1GNI,85%,OK
????????,??? 08,GÜNEYSAN,GNS 08,85%,OK
?????? ??????,?? 155,GÜNTHER BAUSCHER,RT 155,80%,OK
?????????,???399,GÜRLESENYIL,GTT399,90%,OK
? ????,??5?3?1111??700,D-TEC,EM5U3M1111BB700,OK,NEEDS_REVIEW
? ???,?????????,D-TEC,Euroflex,95%,OK
? ???,???????????????,D-TEC,Containercarrier,95%,OK
? ???,?? 3 ?,D-TEC,MT 3 L,90%,OK
? ???,?????????????,D-TEC,Flexitrailer,95%,OK
? ???,?? 43 03 ?,D-TEC,FT 43 03 V,95%,OK
? ??????,33 ???????,D.CHAMUIN,33 Ribeiro,80%,OK
? ??????,???????? 250,D.CHAMUIN,Blackwolf 250,85%,OK
? ??????,???,D.CHAMUIN,Easy,85%,OK
? ??????,???????50,D.CHAMUIN,Crystal 50,85%,OK
? ??????,??250,D.CHAMUIN,RT 250,85%,OK
?? ????,??,DA PONT,BV,80%,OK
?? ????,??,DA PONT,SS,80%,OK
???,???????,DAF,Limburg,OK,NEEDS_REVIEW
???? ??????,?? 150 ? 1,DADO MOTORS,DD150T-1,85%,OK
??????,??????,DAELIM,Bonita,95%,OK
??????,???250,DAELIM,VJF 250,95%,OK
??????,?? 125 ?,DAELIM,VL 125 F,95%,OK
??????,?? 125 ?,DAELIM,VS 125 F,95%,OK
??????,?? 125 ?,DAELIM,VT 125 F,95%,OK
??????,?? 50 ??,DAELIM,GZ 50 GF,95%,OK
??????,?? 250,DAELIM,ET 250,95%,OK
??????,????? 50,DAELIM,Cordi 50,95%,OK
??????,?? 125,DAELIM,NS 125,95%,OK
??????,?????,DAELIM,Otello,95%,OK
??????,? ????,DAELIM,S-Five,95%,OK
??????,?1 125,DAELIM,S1 125,95%,OK
??????,?2 250,DAELIM,S2 250,95%,OK
??????,??125 ?3,DAELIM,SV 125 S3,95%,OK
??????,??250,DAELIM,SV 250,95%,OK
??????,?? 125 ?,DAELIM,SG 125 F,95%,OK
??????,?? 125 ??,DAELIM,SG 125 FK,95%,OK
??????,?? 125 ???????,DAELIM,SQ 125 Freewing,95%,OK
??????,??250,DAELIM,SQ 250,95%,OK
??????,?? 125 ?,DAELIM,SL 125 U,95%,OK
??????,??125,DAELIM,SC 125,95%,OK
???????,??????? ????,DAIMLER,Limousine Auto,80%,OK
???,?? ?? 65,DAF,CF 65,95%,OK
???,?? ?? 75,DAF,CF 75,95%,OK
???,?? ?? 75.310,DAF,CF 75,95%,OK
???,?? ?? 85,DAF,CF 85,95%,OK
???,??75 ?? 360,DAF,CF 75,95%,OK
???,??? 75 ?? 250,DAF,CF 75,95%,OK
???,??? ?? 75,DAF,CF 75,95%,OK
???,??? ?? 85,DAF,CF 85,95%,OK
???,??? ?? 85.410,DAF,CF 85,95%,OK
???,??? ?? 85.460,DAF,CF 85,95%,OK
???,??? ??105,DAF,XF 105,95%,OK
???,???? 45220?12,DAF,LF 45,90%,OK
???,????4522??12,DAF,LF 45,90%,OK
???,??? ??,DAF,XF,95%,OK
???,??? ?? 105,DAF,XF 105,95%,OK
???,??? ??,DAF,CF,95%,OK
???,?????85 360?,DAF,CF 85,95%,OK
???,??? 75.300,DAF,CF 75,95%,OK
???,??? ?? 105,DAF,XF 105,95%,OK
???,??? ?? 105.410,DAF,XF 105,95%,OK
???,??? ??,DAF,CF,95%,OK
???,??? ?? 85,DAF,CF 85,95%,OK
???,?????75,DAF,CF 75,95%,OK
???,??? ??,DAF,XF,95%,OK
???,??? ?? 85 510?,DAF,CF 85,95%,OK
???,??? 95.430,DAF,95,90%,OK
???,??? ?? 85,DAF,CF 85,95%,OK
???,??? ??85,DAF,CF 85,95%,OK
???,?? ??,DAF,XF,95%,OK
???,?? ?? 105,DAF,XF 105,95%,OK
???,?? ?? 105 510 ?,DAF,XF 105,95%,OK
???,?? ?? 105 ??? ???,DAF,XF 105,95%,OK
???,?? ?? 105.410,DAF,XF 105,95%,OK
???,?? ?? 105.460,DAF,XF 105,95%,OK
???,?? ?? 105.460?,DAF,XF 105,95%,OK
???,?? ?? 105.510,DAF,XF 105,95%,OK
???,?? ?? 85.410,DAF,CF 85,95%,OK
???,??? ?? 105,DAF,XF 105,95%,OK
???,???? 105.410?,DAF,XF 105,95%,OK
???,?? 210 ??,DAF,XB,95%,OK
???,?? 230 ??,DAF,XB,95%,OK
???,?? 290 ??,DAF,XB,95%,OK
???,?? 310 ??,DAF,XB,95%,OK
???,?? 430 ??,DAF,XG,95%,OK
???,?? 450 ??,DAF,XG,95%,OK
???,?? 480 ???,DAF,XG,95%,OK
???,?? 480 ???,DAF,XG,95%,OK
???,?? 480 ??,DAF,XG,95%,OK
???,?? 480 ???,DAF,XG,95%,OK
???,?? 530 ??,DAF,XG,95%,OK
???,?? 530 ???,DAF,XG,95%,OK
???,?? ???? 530 ??,DAF,XG+,95%,OK
???,?? 370 ???,DAF,XD,95%,OK
???,?? 450 ???,DAF,XD,95%,OK
???,?? 450 ???,DAF,XD,95%,OK
???,??? 450 ???,DAF,XDC,95%,OK
???,??,DAF,XF,95%,OK
???,?? 105,DAF,XF 105,95%,OK
???,?? 105.460,DAF,XF 105,95%,OK
???,?? 410 ???,DAF,XF,95%,OK
???,?? 410 ??,DAF,XF,95%,OK
???,?? 430 ??,DAF,XF,95%,OK
???,?? 440 ??,DAF,XF,95%,OK
???,?? 450 ???,DAF,XF,95%,OK
???,?? 450 ??,DAF,XF,95%,OK
???,?? 450 ???,DAF,XF,95%,OK
???,?? 460 ??,DAF,XF,95%,OK
???,?? 460 ???,DAF,XF,95%,OK
???,?? 460 ??,DAF,XF,95%,OK
???,?? 480 ???,DAF,XF,95%,OK
???,?? 480 ???,DAF,XF,95%,OK
???,?? 480 ??,DAF,XF,95%,OK
???,?? 480 ???,DAF,XF,95%,OK
???,?? 480 ???,DAF,XF,95%,OK
???,?? 510 ???,DAF,XF,95%,OK
???,?? 510 ??,DAF,XF,95%,OK
???,?? 530,DAF,XF,95%,OK
???,?? 530 ??,DAF,XF,95%,OK
???,??? 480 ??? ???,DAF,XFC,95%,OK
???,?? 290 ??,DAF,CF,95%,OK
???,?? 310 ???,DAF,CF,95%,OK
???,?? 340 ??,DAF,CF,95%,OK
???,?? 370 ???,DAF,CF,95%,OK
???,?? 370 ??,DAF,CF,95%,OK
???,?? 400,DAF,CF,95%,OK
???,?? 400 ??,DAF,CF,95%,OK
???,?? 410 ???,DAF,CF,95%,OK
???,?? 410??,DAF,CF,95%,OK
???,?? 440 ??,DAF,CF,95%,OK
???,?? 440 ??,DAF,CF,95%,OK
???,?? 450 ??,DAF,CF,95%,OK
???,?? 460 ??,DAF,CF,95%,OK
???,?? 480 ??,DAF,CF,95%,OK
???,?? 75,DAF,CF 75,95%,OK
???,?? 75.310 ?,DAF,CF 75,95%,OK
???,?? 85,DAF,CF 85,95%,OK
???,?? 85.340,DAF,CF 85,95%,OK
???,?? 85.380,DAF,CF 85,95%,OK
???,?? 85.430,DAF,CF 85,95%,OK
???,??85.410,DAF,CF 85,95%,OK
??? ??????,?? 480 ???,DAF,XF,90%,OK
??????,??? 110 3 ?,DAFIER,DFE 110,85%,OK
?????,1300,DACIA,1300,99%,OK
?????,1304 (?????),DACIA,1304,99%,OK
?????,1305,DACIA,1305,99%,OK
?????,1307,DACIA,1307,99%,OK
?????,???????,DACIA,Bigster,99%,OK
?????,??????,DACIA,Jogger,99%,OK
?????,?????,DACIA,Dokker,99%,OK
?????,??????,DACIA,Duster,99%,OK
?????,?????,DACIA,Logan,99%,OK
?????,????? 1.4,DACIA,Logan,99%,OK
?????,????? 1.5 ?,DACIA,Logan,99%,OK
?????,????? 1.6,DACIA,Logan,99%,OK
?????,????? ???,DACIA,Logan Van,99%,OK
?????,?????,DACIA,Lodgy,99%,OK
?????,????,DACIA,Nova,99%,OK
?????,???????,DACIA,Sandero,99%,OK
?????,??????,DACIA,Spring,99%,OK
?????,?? 125 ? 7,DAYANG,DY125T-7,90%,OK
?? ????????,?? 320,DE ANGELIS,DA 320,95%,OK
?? ????,??? 3005,DE BLOCK,REM 3005,85%,OK
?? ???,??3,DE BUF,ST3,90%,OK
?? ????,?????????,GEIDOBLER,De Rama,OK,NEEDS_REVIEW
?? ????,??? 06,DE REMA,ZAA 06,OK,NEEDS_REVIEW
?? ???,?? ??? 3,DE RIJK,3,80%,OK
?? ???,300,DE ROC,300,80%,OK
?? ??? ?????????,?? 1200 244 ?,DE FOOR,VA 1200,80%,OK
?? ??? ?????????,?? 1703 2003,DE FOOR,VA 1703,80%,OK
??? ?????? ?????,? 1 ? 71,DEA,R 1 S 71,OK,NEEDS_REVIEW
??? ?????? ?????,? 4 ? 21,DEA,R 4 S 21,OK,NEEDS_REVIEW
??????,? ????,DAELIM,S-Five,95%,OK
??????,??125 ?3,DAELIM,SV 125,90%,OK
??????,?? 125 ?,DAELIM,SL 125,90%,OK
??????,?? 125 ?????,DAELIM,Besbi 125,95%,OK
?????,??? 1600,DEBON,SCK 1600,85%,OK
??????,3500,DEVERS,3500,80%,OK
???????,?? 3500,DE VRIES,IV 3500,85%,OK
????? ????????,??215,DEGON TRAILERS,TL 215,90%,OK
????? ????????,??115,DEGON TRAILERS,TM 115,90%,OK
????? ????????,??116,DEGON TRAILERS,TM 116,90%,OK
????? ????????,??217,DEGON TRAILERS,TM 217,90%,OK
????? ????????,??228,DEGON TRAILERS,TM 228,90%,OK
????? ????????,??115,DEGON TRAILERS,TP 115,90%,OK
????? ????????,?? 114,DEGON TRAILERS,TT 114,90%,OK
????? ????????,??115,DEGON TRAILERS,TT 115,90%,OK
???????,?? 9030,DECKWERTH,JX 9030,80%,OK
?????,? 75,DELGEY,T 75,OK,NEEDS_REVIEW
????????,??? 12,DELOREAN,DMC-12,99%,OK
??????????,?? 72,DELSPERGER,MT 72,85%,OK
?????,4300 ??,DELTA,4300 MD,85%,OK
?????,4900,DELTA,4900,85%,OK
?????,??? 21,DELTA,RBA 21,85%,OK
????? ????????,1035,DELTA,1035,90%,OK
????? ????????,1040,DELTA,1040,90%,OK
????? ????????,1043,DELTA,1043,90%,OK
????? ????????,403?,DELTA,403D,90%,OK
????? ????????,443?,DELTA,443D,90%,OK
?????,?? 50 1,DEMAG,AC 50-1,95%,OK
?????,? 4212,DEMAG,K 4212,90%,OK
??????,?? 25,DEMICO,SR 25,85%,OK
?????,???? 2,DENNIS EAGLE,Elite 2,95%,OK
???????,?? 25 ???,DENNISON,EF 25 SCA,90%,OK
???????,??25,DENNISON,MF 25,90%,OK
?????,????????,DERBI,Atlantis,99%,OK
?????,???????? 50,DERBI,Atlantis 50,99%,OK
?????,????????,DERBI,Boulevard,99%,OK
?????,???????? 50,DERBI,Boulevard 50,99%,OK
?????,???????? 50 2 ?,DERBI,Boulevard 50,99%,OK
?????,????? ?,DERBI,Vamos G,95%,OK
?????,??????? 50 ?????,DERBI,Variant 50 Sport,95%,OK
?????,??????? ?????,DERBI,Variant Start,95%,OK
?????,?? 1 125,DERBI,GP1 125,95%,OK
?????,?? 1 50,DERBI,GP1 50,95%,OK
?????,??? 50,DERBI,GPR 50,95%,OK
?????,??????? 125,DERBI,Mulhacen 125,95%,OK
?????,?????,DERBI,Paddock,95%,OK
?????,???????? 02,DERBI,Predator,95%,OK
?????,?????? 125,DERBI,Rambla 125,95%,OK
?????,?????? 250,DERBI,Rambla 250,95%,OK
?????,??? 50,DERBI,SDR 50,95%,OK
?????,?????,DERBI,Senda,99%,OK
?????,????? ?,DERBI,Senda R,99%,OK
?????,????? ??,DERBI,Senda SM,99%,OK
?????,????? ?? 125 4 ?,DERBI,Senda SM 125,99%,OK
?????,?????? ?,DERBI,Senda R,95%,OK
?????,?????? 50,DERBI,Hunter 50,95%,OK
?????,????,DERKS,Alko,85%,OK
?????,?? 10 10,DERKS,AN 10-10,85%,OK
???????,3??,DETHLEFFS,3LF,95%,OK
???????,3??,DETHLEFFS,3TL,95%,OK
???????,425 ?,DETHLEFFS,425 B,95%,OK
???????,5 ??,DETHLEFFS,5 DC,95%,OK
???????,5 ??,DETHLEFFS,5 ET,95%,OK
???????,510,DETHLEFFS,510,95%,OK
???????,540,DETHLEFFS,540,95%,OK
???????,5841?,DETHLEFFS,5841L,95%,OK
???????,670 ?? ??????,DETHLEFFS,Beduin 670 DB,95%,OK
???????,? 5881,DETHLEFFS,A 5881,95%,OK
???????,? 6881,DETHLEFFS,A 6881,95%,OK
???????,????????,DETHLEFFS,Advantage,95%,OK
???????,????,DETHLEFFS,Aero,95%,OK
???????,? 5,DETHLEFFS,B 5,90%,OK
???????,?????? ? 460,DETHLEFFS,Beduin L 460,95%,OK
???????,?????? ?530??,DETHLEFFS,Beduin L 530 TK,95%,OK
???????,?????? ???????????,DETHLEFFS,Beduin Scandinavia,95%,OK
???????,?,DETHLEFFS,G,80%,OK
???????,???????? ?? ? 007,DETHLEFFS,Globebus GT T 007,95%,OK
???????,??????????? ? 652,DETHLEFFS,Globetrotter A 652,95%,OK
???????,??5,DETHLEFFS,DB5,90%,OK
???????,?? 5,DETHLEFFS,DD 5,90%,OK
???????,????? ??? ? 7055 ???,DETHLEFFS,Just Go T 7055 EBL,95%,OK
???????,????? ?7052 ??? ??,DETHLEFFS,Just T 7052 DBM EB,95%,OK
???????,?? 530,DETHLEFFS,DL 530,90%,OK
???????,?? 5,DETHLEFFS,DC 5,90%,OK
???????,??2,DETHLEFFS,EG2,90%,OK
???????,?? 3,DETHLEFFS,EK 3,90%,OK
???????,?? 3,DETHLEFFS,EL 3,90%,OK
???????,??2,DETHLEFFS,EM2,90%,OK
???????,?? 3,DETHLEFFS,EN 3,90%,OK
???????,?? 5,DETHLEFFS,ET 5,90%,OK
???????,?? 2,DETHLEFFS,EF 2,90%,OK
???????,?? 3,DETHLEFFS,EX 3,90%,OK
???????,?? 1,DETHLEFFS,EC 1,90%,OK
???????,?? 2,DETHLEFFS,EC 2,90%,OK
???????,?6336,DETHLEFFS,I 6336,90%,OK
???????,?????? 350 ??,DETHLEFFS,Camper 350 HK,95%,OK
???????,?????? 420 ?,DETHLEFFS,Camper 420 T,95%,OK
???????,?????? 500 ??,DETHLEFFS,Camper 500 SK,95%,OK
???????,?????? 540 ??,DETHLEFFS,Camper 540 SK,95%,OK
???????,???????? 002,DETHLEFFS,Campster 002,90%,OK
???????,?? 600,DETHLEFFS,KV 600,90%,OK
???????,?? 601,DETHLEFFS,KV 601,90%,OK
???????,???? ???? ?6671 ?691 1,DETHLEFFS,Lifestyle A 6671,90%,OK
???????,????? ?????? 1,DETHLEFFS,Magic Edition 1,95%,OK
???????,????? 570,DETHLEFFS,Nomad 570,95%,OK
???????,????,DETHLEFFS,Poessl,85%,OK
???????,?? 2,DETHLEFFS,RB 2,90%,OK
???????,?? 2?,DETHLEFFS,RB 2A,90%,OK
???????,?? 5,DETHLEFFS,RB 5,90%,OK
???????,?? 4,DETHLEFFS,RG 4,90%,OK
???????,?? 6,DETHLEFFS,RG 6,90%,OK
???????,?? 1 ?,DETHLEFFS,RD 1A,90%,OK
???????,?? 2,DETHLEFFS,RD 2,90%,OK
???????,?? 3,DETHLEFFS,RD 3,90%,OK
???????,?? 4,DETHLEFFS,RD 4,90%,OK
???????,?? 5,DETHLEFFS,RD 5,90%,OK
???????,?? 5 ?,DETHLEFFS,RD 5A,90%,OK
???????,?? 6,DETHLEFFS,RD 6,90%,OK
???????,?? 7,DETHLEFFS,RD 7,90%,OK
???????,?? 8,DETHLEFFS,RD 8,90%,OK
???????,?? 2,DETHLEFFS,RM 2,90%,OK
???????,?? 4,DETHLEFFS,RM 4,90%,OK
???????,?? 5 ?,DETHLEFFS,RM 5A,90%,OK
???????,??2?,DETHLEFFS,RM2A,90%,OK
???????,??3,DETHLEFFS,RM3,90%,OK
???????,?? 2,DETHLEFFS,RN 2,90%,OK
???????,?? 3,DETHLEFFS,RN 3,90%,OK
???????,?? 5,DETHLEFFS,RN 5,90%,OK
???????,?? 7,DETHLEFFS,RN 7,90%,OK
???????,?? 2,DETHLEFFS,RT 2,90%,OK
???????,?? 2 ?,DETHLEFFS,RT 2A,90%,OK
???????,?? 6874,DETHLEFFS,RT 6874,90%,OK
???????,?? 3,DETHLEFFS,RF 3,90%,OK
???????,?? 6,DETHLEFFS,RF 6,90%,OK
???????,?? 2,DETHLEFFS,RC 2,90%,OK
???????,?? 3,DETHLEFFS,RC 3,90%,OK
???????,?? 4,DETHLEFFS,RC 4,90%,OK
???????,?? 5,DETHLEFFS,RC 5,90%,OK
???????,?? 7,DETHLEFFS,RC 7,90%,OK
???????,?5841,DETHLEFFS,T 5841,90%,OK
???????,?7052 ???,DETHLEFFS,T 7052 DBM,95%,OK
???????,?7055 ?? ????? ??,DETHLEFFS,Just Go T 7055 EB,95%,OK
???????,?? 3,DETHLEFFS,TM 3,90%,OK
???????,????? ? 7057 ??,DETHLEFFS,Trend I 7057 EB,95%,OK
???????,????? ? 7057,DETHLEFFS,Trend T 7057,95%,OK
???????,????? ? 7057 ??? ???,DETHLEFFS,Trend T 7057 DBL EBL,95%,OK
???????,????? ? 7057 ??? ??,DETHLEFFS,Trend T 7057 DBM EB,95%,OK
???????,???????,DETHLEFFS,Woplist,OK,NEEDS_REVIEW
???????,? ??,DETHLEFFS,c'go,95%,OK
???????,?15 1013,DETHLEFFS,C15 1013,90%,OK
???????,?15 1094,DETHLEFFS,C15 1094,90%,OK
???????,?16 1037,DETHLEFFS,C16 1037,90%,OK
???????,?20-1137,DETHLEFFS,C20-1137,90%,OK
???,??????,DAEWOO,Evanda,98%,OK
???,?????,DAEWOO,Kalos,98%,OK
???,????,DAEWOO,Klan,90%,OK
???,???????,DAEWOO,Korando,98%,OK
???,?????,DAEWOO,Lanos,98%,OK
???,??????,DAEWOO,Lacetti,98%,OK
???,??????,DAEWOO,Lublin,98%,OK
???,?????,DAEWOO,Matiz,98%,OK
???,???? 2.9 ??,DAEWOO,Musso,98%,OK
???,??????,DAEWOO,Nubira,98%,OK
???,????,DAEWOO,Rezzo,98%,OK
???,??????,DAEWOO,Tacuma,98%,OK
???,??? ?? 4 ???,DAEWOO,Lanos,OK,NEEDS_REVIEW
????????? ???,????,DEFINITIVE CLM,Fly,90%,OK
???????,???????,JAEGERS,Twinark,80%,OK
?????,??750?,JEDI,FR750B,90%,OK
???? ?? ??,??????,SUZUKI,Vitara,OK,NEEDS_REVIEW
???? ?? ??,??????,GMC,Safari,85%,OK
??????,315 ???? ???? ?????,JAYCO,North Point 315RLTS,95%,OK
??????,351???? ???? ?????,JAYCO,North Point 351RSQS,95%,OK
???????,?? 125? 21,ZHEJIANG,HL125T-21,90%,OK
???????? ????????,?? 34 ??,GENERAL TRAILERS,TX 34 TB,90%,OK
???????? ????????,?? 34 ?,GENERAL TRAILERS,TX 34 C,90%,OK
???????? ????????,????????,GENERAL TRAILERS,Fruehauf,95%,OK
????,2000,JET,2000,80%,OK
????,??05,JET,JS05,80%,OK
???? ??????,???,JET LOADER,Big,95%,OK
???? ??????,??????? 1,JET LOADER,Junior 1,95%,OK
???? ??????,??????? 3,JET LOADER,Junior 3,95%,OK
???? ??????,?????,JET LOADER,Double,95%,OK
???? ??????,???? ?????? 07,JET LOADER,Small Yakjet 07,90%,OK
???? ??????,????????,JET LOADER,Standard,95%,OK
????,??????,DJJD,Cashmere,95%,OK
???????,?? 125 ?,JIANSHE,JS 125 G,95%,OK
??????,?? ???? 01,GG,BG TMUP 01,80%,OK
??????,?????? ??5,GEELY,EX5,95%,OK
??????,??5,GEELY,EX5,95%,OK
??????,??????,GEELY,Coolray,98%,OK
??????,???????,GEELY,Monjaro,98%,OK
??????,???????,GEELY,Cityray,98%,OK
??????,???? ???,GEELY,Star Wish,98%,OK
??????,???????,GEELY,Starray,98%,OK
??????,??????? 2.0,GEELY,Starray,98%,OK
??????,??????? ?? ?,GEELY,Starray,98%,OK
??????,??11,GEELY,SX11,95%,OK
???????,250,GILERA,250,90%,OK
???????,?? 800,GILERA,GP 800,98%,OK
???????,??? 125,GILERA,DNA 125,98%,OK
???????,??? 50,GILERA,Eco 50,95%,OK
???????,? 46,GILERA,M46,90%,OK
???????,? 61,GILERA,M61,90%,OK
???????,??????,GILERA,Nexus,98%,OK
???????,??????,GILERA,Piaggio,80%,OK
???????,?????,GILERA,Runner,98%,OK
???????,????? 50,GILERA,Runner 50,98%,OK
???????,????? 50 ??,GILERA,Runner 50 SP,98%,OK
???????,??? 50,GILERA,SMT 50,98%,OK
???????,???????,GILERA,Stalker,98%,OK
???????,????? 500,GILERA,Fuoco 500,98%,OK
?????,?????? ? 8,GEELY,B8,80%,OK
???????,?? 50 ? 6,JILING,JL 50 Q-6,90%,OK
?????,?? 34,GENIE,TZ-34,95%,OK
??????,?? 250-1?,JINYI,JY 250-1A,90%,OK
??????,?? ??057,JINYI,JY ES057,90%,OK
??????,??1??45,JINYI,CS1BS45,90%,OK
????????,??? 21 ?,JINLING,JLA-21B,95%,OK
????????,??? 24?,JINLING,JLA-24E,95%,OK
????????,??? 931?,JINLING,JLA-931E,95%,OK
????,???????,JEEP,Avenger,98%,OK
????,???????,JEEP,Wagoneer,98%,OK
????,????????,JEEP,Wrangler,98%,OK
????,???????? ?????????,JEEP,Wrangler Unlimited,98%,OK
????,???????? ???????,JEEP,Wrangler Rubicon,98%,OK
????,???????? ??????? 392,JEEP,Wrangler Rubicon 392,98%,OK
????,???????? ??????,JEEP,Wrangler Sahara,98%,OK
????,???????? ????? 4??,JEEP,Wrangler Sport,98%,OK
????,?????????,JEEP,Gladiator,98%,OK
????,????? ???????,JEEP,Grand Wagoneer,98%,OK
????,????? ??????,JEEP,Grand Cherokee,98%,OK
????,????? ?????? 2.7 ???,JEEP,Grand Cherokee,98%,OK
????,????? ?????? 3.0 ???,JEEP,Grand Cherokee,98%,OK
????,????? ?????? 4.7,JEEP,Grand Cherokee,98%,OK
????,????? ?????? ???,JEEP,Grand Cherokee SRT,98%,OK
????,????? ?????? ???8,JEEP,Grand Cherokee SRT8,98%,OK
????,????? ?????? ????????,JEEP,Grand Cherokee Trackhawk,98%,OK
????,????????,JEEP,Commander,98%,OK
????,???????? 3.0 ???,JEEP,Commander,98%,OK
????,??????,JEEP,Compass,98%,OK
????,?????? 2 ?,JEEP,Compass,98%,OK
????,?????? 2.0 ???,JEEP,Compass,98%,OK
????,?????? 2.4 ?,JEEP,Compass,98%,OK
????,?????? ??????? 2.4 ?,JEEP,Compass,98%,OK
????,???????,JEEP,Liberty,98%,OK
????,???????,JEEP,Patriot,98%,OK
????,??????? 2.4 ?,JEEP,Patriot,98%,OK
????,???????,JEEP,Renegade,98%,OK
????,??????? ???????? ?-????,JEEP,Renegade,98%,OK
????,?? 5,JEEP,CJ-5,98%,OK
????,?? 7,JEEP,CJ-7,98%,OK
????,??????,JEEP,Cherokee,98%,OK
????,?????? 2.5 ???,JEEP,Cherokee,98%,OK
????,?????? 2.8 ???,JEEP,Cherokee,98%,OK
????,?????? ???????,JEEP,Cherokee,98%,OK
????,?????? ?????,JEEP,Cherokee,98%,OK
???????,?? 250 ??,JOYNER,JN 250 DA,95%,OK
???????? ???????,??201,JOHNSTON SWEEPERS,CX201,98%,OK
???????,?? 05 ?,JONWAY,AA 05 F,95%,OK
???????,? ? ?,JONWAY,M I H,90%,OK
???????? ??????????,???????? 750,GEORGIA STAVROPOULOU,Strailer 750,90%,OK
???????,50,JORDON,50,80%,OK
?????????,?10,JUZDJEIT,R10,OK,NEEDS_REVIEW
?????????,?2,JUZDJEIT,R2,OK,NEEDS_REVIEW
?????????,?3,JUZDJEIT,R3,OK,NEEDS_REVIEW
??????,????,JUMBO,Caro,90%,OK
??????,?? 200 ? 1,JUMBO,MV 200 L 1,90%,OK
?????,2600,DIMCO,2600,90%,OK
????????,????,DYNATEST,FWD,85%,OK
??????,??18 3,DINKEL,AK18-3,90%,OK
??????,????? 39000,DINKEL,DSAMV 39000,90%,OK
??????,???? 19000,DINKEL,DTAJ 19000,90%,OK
?????,450 ???????,DINLI,450 Special,95%,OK
?????,???? 700,DINLI,Ares 700,95%,OK
?????,??74,DINLI,J74,90%,OK
?????,?? 601 100,DINLI,DL 601-100,90%,OK
?????,?? 801,DINLI,DL 801,95%,OK
?????,?????? 450,DINLI,Thrasher 450,95%,OK
?????,??????? 800,DINLI,Centhor 800,95%,OK
?????? ??????,?????? 22,DIETRICH GERBUS,Prodig 22,85%,OK
?????? ??????,?????? 33,DIETRICH GERBUS,Prodig 33,85%,OK
???,200,DKW,200,95%,OK
???,?????????,DKW,Auto Union,95%,OK
???,???,DKW,DKW,90%,OK
???,???3000 ?,DME,DME3000 A,80%,OK
?????,?? 10 36,DNEPR,MT-10-36,95%,OK
???????????,?? ??? ?????,DOBO RACING,EV Four Wheeler,OK,NEEDS_REVIEW
????,????????,DODGE,Avenger,99%,OK
????,? 500,DODGE,W500,85%,OK
????,?????? ??? 10,DODGE,Viper SRT-10,99%,OK
????,?????,DODGE,Viper,99%,OK
????,????? ???????,DODGE,Grand Caravan,99%,OK
????,? 150,DODGE,D150,95%,OK
????,???????,DODGE,Daytona,99%,OK
????,??????,DODGE,Dakota,99%,OK
????,????,DODGE,Dart,99%,OK
????,??????,DODGE,Journey,99%,OK
????,?????? ???,DODGE,Journey,99%,OK
????,???????,DODGE,Durango,99%,OK
????,??????? ???,DODGE,Durango,99%,OK
????,??????? ????????,DODGE,Durango,99%,OK
????,???????,DODGE,Caliber,99%,OK
????,??????? 2.0 ?,DODGE,Caliber,99%,OK
????,??????? ???,DODGE,Caliber,99%,OK
????,???????,DODGE,Caravan,99%,OK
????,???????,DODGE,Coronet,99%,OK
????,?????,DODGE,Nitro,99%,OK
????,????? 4 ?,DODGE,Nitro,99%,OK
????,??? 1500,DODGE,Ram 1500,99%,OK
????,??? 1500 ???,DODGE,Ram 1500,99%,OK
????,??? 2500,DODGE,Ram 2500,99%,OK
????,??? ???,DODGE,Ram Van,99%,OK
????,??? ??? 10,DODGE,Ram SRT-10,99%,OK
????,??? ????,DODGE,Ram,95%,OK
????,????????,DODGE,Sprinter,99%,OK
????,???????,DODGE,Stratus,99%,OK
????,??????? ????,DODGE,Fleetwood Pulse,90%,OK
????,??????,DODGE,Hornet,99%,OK
????,???????,DODGE,Charger,99%,OK
????,??????? ???,DODGE,Charger,99%,OK
????,??????? ??? 8,DODGE,Charger SRT-8,99%,OK
????,?????????,DODGE,Challenger,99%,OK
????,????????? 392,DODGE,Challenger,99%,OK
????,????????? ? ?,DODGE,Challenger R/T,99%,OK
????,????????? ??? ??????,DODGE,Challenger SRT Hellcat,99%,OK
????,????????? ???,DODGE,Challenger,99%,OK
???? ???,1500 ??? 10,DODGE,Ram 1500 SRT-10,99%,OK
????? ????,244,FIAT,Ducato,80%,OK
???,2 ?? 20,DOLL,2 DN 20,95%,OK
???,? 135,DOLL,A 135,95%,OK
???,?120,DOLL,A120,95%,OK
???,?131,DOLL,A131,95%,OK
???,?3? 9,DOLL,A3P 9,95%,OK
???,??? 004,DOLL,XSU 004,90%,OK
???,?183?,DOLL,M183N,90%,OK
???,? 2 ? ? 3,DOLL,T2-S3,90%,OK
???,?3? ?3,DOLL,T3-S3,90%,OK
???,??????,DOLL,Fischbach,90%,OK
??????,? 2112 75 ??,DONATE,D 2112 75 MU,OK,NEEDS_REVIEW
???????,??? ?????,DONGWEI,RDB Roxy,85%,OK
????????,????,DONGFENG,Box,95%,OK
????????,???????? 500 ???? ????,DONGFENG,Dongfang 500cc Go Kart,80%,OK
????????,???????? ???? ????,DONGFENG,Dongfang Mini Truck,85%,OK
????????,?????? 1,DONGFENG,M-Hero 1,95%,OK
????????,?????,DONGFENG,Mage,95%,OK
????????,????? ?? ????,DONGFENG,M-Hero,90%,OK
????????,???? 01,DONGFENG,Nammi 01,95%,OK
????????,??? 6,DONGFENG,Rich 6,95%,OK
????????,?7,DONGFENG,S7,95%,OK
????????,????,DONGFENG,Huge,95%,OK
????????,????,DONGFENG,Shine,95%,OK
????????,???? ??,DONGFENG,Shine GS,95%,OK
??????,720,DOOSAN,720,85%,OK
??????,?? 08 ?12,DOOHAN,DH-08 L12,90%,OK
????????,? 2000 ??,DORNWARD,D 2000 KB,85%,OK
????????,?? 5000 ??,DORNWARD,DT 5000 OZ,85%,OK
????,????????,DOTO,Original,80%,OK
???????,750,DOHRING,750,85%,OK
??,5,DR,5,95%,OK
??,?? ????,DR,Zero,95%,OK
??,??1,DR,1,95%,OK
??,??3,DR,3,95%,OK
??,??4,DR,4,95%,OK
??,??6,DR,6,95%,OK
??,??03,DR,Evo 3,95%,OK
??,???5,DR,Evo 5,95%,OK
?? ?????,???????,DR MOTOR,Victory,90%,OK
?? ?????,?? 1,DR MOTOR,DR 1,95%,OK
?? ?????,?? 5,DR MOTOR,DR 5,95%,OK
???????? ??????????,450??,DRAGONER,Aristokrat 450CE,90%,OK
???????,??? 105?? ?? ?01 3?5,DRAXER,RBM 105AF MR K01 3M5,90%,OK
???????,??? 350?? ?? ?02 7?,DRAXER,RBM 350AF MR M02 7M,90%,OK
????,?? 5 5 7,DRAF,PE 5 5 7,85%,OK
???????,252,DREAMER,252,90%,OK
??????,???700?,DRESEL,IFM700R,90%,OK
??????,3500 3,DRIWAL,3500 3,85%,OK
??????,????,DRIWAL,Box,85%,OK
???????,430,DROMEAS,430,85%,OK
???????,500,DROMEAS,500,85%,OK
???????,501 ??,DROMEAS,501 RV,85%,OK
??,3,DS,3,99%,OK
??,3 ???????,DS,3 Crossback,99%,OK
??,4,DS,4,99%,OK
??,5,DS,5,99%,OK
??,7,DS,7,99%,OK
??,7 ???????,DS,7 Crossback,99%,OK
??,9,DS,9,99%,OK
??,? 4,DS,4,95%,OK
??,? 8,DS,8,90%,OK
???,??????,DTS,Milano,90%,OK
????,???,DUDA,HPU,80%,OK
????,? 1.35,DUIS,P 1.35,85%,OK
??????,(??????),DUCATI,Ducati,90%,OK
??????,1000 ??,DUCATI,1000 DS,99%,OK
??????,1098,DUCATI,1098,99%,OK
??????,1198,DUCATI,1198,99%,OK
??????,1199 ????????,DUCATI,1199 Panigale,99%,OK
??????,1299 ????????,DUCATI,1299 Panigale,99%,OK
??????,600 ???????,DUCATI,Monster 600,99%,OK
??????,749 ????,DUCATI,749 Dark,99%,OK
??????,749 ?,DUCATI,749 S,99%,OK
??????,750 ??,DUCATI,750 SS,99%,OK
??????,848,DUCATI,848,99%,OK
??????,848 ???,DUCATI,848 Evo,99%,OK
??????,899 ????????,DUCATI,899 Panigale,99%,OK
??????,959 ????????,DUCATI,959 Panigale,99%,OK
??????,996 ???????,DUCATI,996 Biposto,99%,OK
??????,999?,DUCATI,999S,99%,OK
??????,?????? ?,DUCATI,DesertX,99%,OK
??????,??????,DUCATI,Diavel,99%,OK
??????,?????? 1260 ?,DUCATI,Diavel 1260 S,99%,OK
??????,?????? ?4,DUCATI,Diavel V4,99%,OK
??????,?????? ?4 ??,DUCATI,Diavel V4 RS,99%,OK
??????,?????? ??????,DUCATI,Diavel Carbon,99%,OK
??????,?????? ??????,DUCATI,Diavel Strada,99%,OK
??????,?????? ??? ??????,DUCATI,Diavel for Bentley,99%,OK
??????,??? 600 ? 2 ?,DUCATI,Monster 600,90%,OK
??????,? 5,DUCATI,Monster,90%,OK
??????,? 750 ???????,DUCATI,Monster 750,99%,OK
??????,? 900 ???????,DUCATI,Monster 900,99%,OK
??????,???????,DUCATI,Monster,99%,OK
??????,??????? 1200 ?,DUCATI,Monster 1200 S,99%,OK
??????,??????? 620,DUCATI,Monster 620,99%,OK
??????,??????? 821,DUCATI,Monster 821,99%,OK
??????,??????? ?4,DUCATI,Monster M4,95%,OK
??????,??????? ??,DUCATI,Monster SP,99%,OK
??????,??????? 1100,DUCATI,Monster 1100,99%,OK
??????,??????? 1200?,DUCATI,Monster 1200 R,99%,OK
??????,??????? 696,DUCATI,Monster 696,99%,OK
??????,??????? 797,DUCATI,Monster 797,99%,OK
??????,??? 620,DUCATI,Multistrada 620,99%,OK
??????,???1000,DUCATI,Multistrada 1000,99%,OK
??????,???????????,DUCATI,Multistrada,99%,OK
??????,??????????? 1200 ???,DUCATI,Multistrada 1200,99%,OK
??????,??????????? 1200 ??????,DUCATI,Multistrada 1200 Enduro,99%,OK
??????,??????????? 1200 ?,DUCATI,Multistrada 1200 S,99%,OK
??????,??????????? 1260,DUCATI,Multistrada 1260,99%,OK
??????,??????????? 620,DUCATI,Multistrada 620,99%,OK
??????,??????????? 950,DUCATI,Multistrada 950,99%,OK
??????,??????????? ?2,DUCATI,Multistrada V2,99%,OK
??????,??????????? ?4,DUCATI,Multistrada V4,99%,OK
??????,??????????? ?4 ???? ???,DUCATI,Multistrada V4 Pikes Peak,99%,OK
??????,??????????? ?4 ??,DUCATI,Multistrada V4 RS,99%,OK
??????,??????????? ?4 ?,DUCATI,Multistrada V4 S,99%,OK
??????,??????????? ?4 ? ????? ???,DUCATI,Multistrada V4 S Grand Tour,99%,OK
??????,?????????? ?2 ?,DUCATI,Multistrada V2 S,99%,OK
??????,??900?,DUCATI,MH900e,99%,OK
??????,???????? ?2,DUCATI,Panigale V2,99%,OK
??????,???????? ?2 ?,DUCATI,Panigale V2 S,99%,OK
??????,???????? ?4,DUCATI,Panigale V4,99%,OK
??????,???????? ?4 ?,DUCATI,Panigale V4 R,99%,OK
??????,???????? ?4 ?,DUCATI,Panigale V4 S,99%,OK
??????,???????? ?,DUCATI,Panigale R,99%,OK
??????,?????????,DUCATI,Scrambler,99%,OK
??????,????????? 1100,DUCATI,Scrambler 1100,99%,OK
??????,????????? ???? ????,DUCATI,Scrambler Icon Dark,99%,OK
??????,????????? ????????,DUCATI,Scrambler Nightshift,99%,OK
??????,?????????,DUCATI,Scrambler,99%,OK
??????,??? ? 3,DUCATI,Monster M3,90%,OK
??????,??? ?4,DUCATI,Monster M4,90%,OK
??????,?? 2,DUCATI,ST2,99%,OK
??????,?? 3,DUCATI,ST3,99%,OK
??????,???????????? 848,DUCATI,Streetfighter 848,99%,OK
??????,???????????? ?2 ?,DUCATI,Streetfighter V2 S,99%,OK
??????,????????????,DUCATI,Streetfighter,99%,OK
??????,???????????? ?2,DUCATI,Streetfighter V2,99%,OK
??????,???????????? ?4,DUCATI,Streetfighter V4,99%,OK
??????,???????????? ?4?,DUCATI,Streetfighter V4 S,99%,OK
??????,??????????,DUCATI,Supersport,99%,OK
??????,?????????? 950 ?,DUCATI,Supersport 950 S,95%,OK
??????,?????????? ?,DUCATI,Supersport S,95%,OK
??????,? ??????,DUCATI,XDiavel,99%,OK
??????,???????????? 939,DUCATI,Hyperstrada 939,99%,OK
??????,??????? ?4,DUCATI,Diavel V4,95%,OK
??????,??????? ?,DUCATI,XDiavel S,98%,OK
??????,???????????,DUCATI,Hypermotard,99%,OK
??????,??????????? 698 ????,DUCATI,Hypermotard 698 Mono,99%,OK
??????,??????????? 796,DUCATI,Hypermotard 796,99%,OK
??????,??????????? 950,DUCATI,Hypermotard 950,99%,OK
??????,??????????? ?2,DUCATI,Hypermotard V2,90%,OK
??????,???? ?? ????,DURANT,Coupe De Luxe,85%,OK
?????,??? 3,DURST,TSA 3,80%,OK
???,?70,DFM,E70,95%,OK
???,?05 13,DFM,K05,90%,OK
????,580,DFSK,580,99%,OK
????,???? ?5,DFSK,E5,95%,OK
????,???6471??3?,DFSK,DHK6471AC3H,85%,OK
????,?01?,DFSK,K01H,95%,OK
????,???? ???? 1.3,DFSK,Mini Truck,90%,OK
????,????? 3,DFSK,Seres 3,99%,OK
????,????? 3 ?,DFSK,Seres 3,95%,OK
????,?????? 5,DFSK,Fengon 5,99%,OK
????,?????? 500,DFSK,Fengon 500,99%,OK
????,?????? 600,DFSK,Fengon 600,99%,OK
????,?32,DFSK,C32,99%,OK
????,??,DFSK,CL,80%,OK
??,79????,DH,79bike,OK,NEEDS_REVIEW
?????,?280 ??? ????,MERCEDES-BENZ,E 280,OK,NEEDS_REVIEW
????,1200,DUIS,1200,OK,NEEDS_REVIEW
????,????,DUIS,SdAh,OK,NEEDS_REVIEW
? ???????,?????,E-COMFORT,Ebero,OK,NEEDS_REVIEW
? ????,??1???,E-MAX,VS1 Pro,90%,OK
? ???? ???,??,E-RIDE PRO,SR,90%,OK
? ???? ???,??2.5,E-RIDE PRO,SS2.5,85%,OK
? ???? ???,??3.0,E-RIDE PRO,SS3.0,85%,OK
? ???,?????? ??,E-TON,Vector ST,95%,OK
? ???,?????? ?? 300,E-TON,Vector ST 300,95%,OK
? ???,? ??,E-TON,E-Mo,95%,OK
? ???,??? 150,E-TON,EXL 150,95%,OK
? ???,???? 150,E-TON,Yukon 150,95%,OK
????,?? 811,EASYLINE,IL 811,80%,OK
?????,??????????? ?,EBECO,Tieflader,OK,NEEDS_REVIEW
?????,???? ???????,EBECO,Wall Trailer,90%,OK
????,?400 ???,EBRO,S400 HEV,95%,OK
????,?700,EBRO,S700,95%,OK
????,?700 ???,EBRO,S700 HEV,95%,OK
????,?800,EBRO,S800,95%,OK
????,?900 ????,EBRO,S900 PHEV,95%,OK
??????,??3,EVEASY,EV3,95%,OK
??????,??????,EVEASY,Eveasy,80%,OK
???????????,??????? 400,EVERKARAVAN,Porkula 400,OK,NEEDS_REVIEW
?????,??? 3 5 2,EVERS,EKB 3.5 2,OK,NEEDS_REVIEW
??????,405,EVOBUS,O405,95%,OK
??????,530,EVOBUS,O530,95%,OK
??????,0530 ?,EVOBUS,O530 G,95%,OK
??????,? 550,EVOBUS,O550,95%,OK
??????,????? ? 316 ??,EVOBUS,Setra S 316 UL,95%,OK
??????,450,EUROPA,450,OK,NEEDS_REVIEW
?????? ??????,??????,EUROPA CAMPER,Europa,85%,OK
???? ??????,????,EVUM MOTORS,aCar,99%,OK
????,466,EGER,466,OK,NEEDS_REVIEW
?????,??? 12 ??,EGERS,ZPT 12 ZL,OK,NEEDS_REVIEW
????,??????????,EGET,Boat Trailer,OK,NEEDS_REVIEW
?????????,????????? 500 ? 5,EGIMOTORS,Sportsman 500 F5,90%,OK
????????,????203 1,EGL MOTOR,Lyda203-1,95%,OK
????,?? 2500,EDER,AL 2500,90%,OK
????,?? 2014 ??,EDER,AT 2014 LB,90%,OK
????,??2008??,EDER,AT 2008 LB,90%,OK
??????,2615 750 2,EDUARD,2615,90%,OK
??????,4,EDUARD,4,OK,NEEDS_REVIEW
??????,?4,EDUARD,A4,80%,OK
??????,?4,EDUARD,K4,90%,OK
??????,?5,EDUARD,K5,90%,OK
??????,?? 2720,EDUARD,LA 2720,90%,OK
??????,? 4,EDUARD,P4,90%,OK
??????,?1,EDUARD,P1,90%,OK
??????,?2,EDUARD,P2,90%,OK
??????,?3,EDUARD,P3,90%,OK
??????,?5,EDUARD,P5,90%,OK
??????,?? 2720,EDUARD,PL 2720,90%,OK
???????,????? ?????,EDUARDS,Apollo Atlas,80%,OK
???????,????? 4?2.0,EDUARDS,Atlas,85%,OK
???????,?4,EDUARDS,P4,90%,OK
?? ??????,??? 180 ?? 110,EZ LOADER,TAR 180 CE 110,90%,OK
?????,?8,EZNEN,R8,85%,OK
????????,? 06,EVELATE,E06,OK,NEEDS_REVIEW
??????????????,??? 4,EINACHSANHAENGER,PKW 4,90%,OK
??????,??400,EINHELL,EH 400,85%,OK
????????? ??,750,EIRIAVION OY,750,80%,OK
????????,2000,EIGENBAU,2000,95%,OK
????????,360,EIGENBAU,360,95%,OK
????????,400,EIGENBAU,400,95%,OK
????????,450,EIGENBAU,450,95%,OK
????????,500,EIGENBAU,500,95%,OK
????????,600,EIGENBAU,600,95%,OK
????????,650,EIGENBAU,650,95%,OK
????????,???,EIGENBAU,ZSB,90%,OK
????????,?????,EIGENBAU,Sidecar,OK,NEEDS_REVIEW
????????,??,EIGENBAU,UB,90%,OK
????????,??????????,EIGENBAU,Ungeklaert,95%,OK
????????,??????,EIGENBAU,Scharmer,85%,OK
????????,??????????,EIGENBAU,Schmizberger,85%,OK
??? ?????,????????,ACE AWARD,Twinstar,95%,OK
????????,450,EIFELLAND,450,95%,OK
????????,5103 ???????,EIFELLAND,Holiday 5103,95%,OK
????????,5403,EIFELLAND,5403,95%,OK
????????,7406,EIFELLAND,7406,95%,OK
????????,8004,EIFELLAND,8004,95%,OK
????????,8404,EIFELLAND,8404,95%,OK
????????,?350,EIFELLAND,E350,95%,OK
????????,?400,EIFELLAND,E400,95%,OK
????????,????? 380,EIFELLAND,Knaus 380,95%,OK
???????,??? 35,EICHHORN,EXT 35,OK,NEEDS_REVIEW
????,200 ?,EQUIP,200 C,OK,NEEDS_REVIEW
????,204 ?,EQUIP,204 A,OK,NEEDS_REVIEW
????,2504 ?,EQUIP,2504 K,OK,NEEDS_REVIEW
?????,????? 380,ECCLES,Topaz 380,95%,OK
?????,????? 440 ??,ECCLES,Topaz 440 EK,95%,OK
??? ????,??022 0,ECO ZONE,BN022,OK,NEEDS_REVIEW
??? ????,???????,ECO ZONE,Tianye,OK,NEEDS_REVIEW
???????,???,ECONELO,DTR,95%,OK
?????? ?????,?????????,ECOTEK FLEET,Powerpress,85%,OK
???????,?6,XPENG,G6,99%,OK
???????,?9,XPENG,G9,99%,OK
?????????,????? 50,EXPLORER,Iron 50,95%,OK
?????????,? 92,EXPLORER,B92,80%,OK
?????????,????? 50,EXPLORER,Kallio 50,95%,OK
?????????,?????? 50,EXPLORER,Kallio 50,95%,OK
?????????,?????? 50,EXPLORER,Cracker 50,95%,OK
?????????,??????,EXPLORER,Cruiser,90%,OK
?????????,???? ?? 50,EXPLORER,Race GT 50,95%,OK
?????????,????? 50,EXPLORER,Speed 50,95%,OK
?????????,???? 50,EXPLORER,Spin 50,95%,OK
?????????,?????? ?? 4,EXPLORER,Phantom GT4,95%,OK
?????????,?? 500 ?,EXPLORER,CF500-A,95%,OK
???????,??,ECKSTEIN,RE,80%,OK
???????? ????????,??235,EXTREMA TRAILERS,VV235,90%,OK
???????? ????????,??112,EXTREMA TRAILERS,KL112,90%,OK
???????? ????????,??113,EXTREMA TRAILERS,KL113,90%,OK
???????? ????????,?? 214,EXTREMA TRAILERS,KM 214,90%,OK
???????? ????????,?? 215,EXTREMA TRAILERS,KM 215,90%,OK
???????? ????????,?? 225,EXTREMA TRAILERS,KM 225,90%,OK
???????? ????????,??114,EXTREMA TRAILERS,KM114,90%,OK
???????? ????????,??114,EXTREMA TRAILERS,KT114,90%,OK
???????? ????????,??224,EXTREMA TRAILERS,TB224,90%,OK
???????? ????????,??113,EXTREMA TRAILERS,TF113,90%,OK
???????? ????????,????????,EXTREME TRAILERS,Extreme,90%,OK
????????,2,EXTREME,2,OK,NEEDS_REVIEW
????????,????,EXTREME,Boat,85%,OK
???? - ????,??? ????? ?,EQUI-TREK,Show Treka L,95%,OK
??????,? ?? 30 84 ?,ELBERO,N KL 30 84 E,80%,OK
????,?? 18,ELBO,PC 18,80%,OK
?????,1053,ELDDIS,1053,95%,OK
?????,350 2,ELDDIS,350/2,95%,OK
?????,370,ELDDIS,370,95%,OK
?????,414,ELDDIS,414,95%,OK
?????,470 2,ELDDIS,470/2,95%,OK
?????,530,ELDDIS,530,95%,OK
?????,??????,ELDDIS,Avante,95%,OK
?????,?????? 482,ELDDIS,Avante 482,95%,OK
?????,?????? 524,ELDDIS,Avante 524,95%,OK
?????,??????,ELDDIS,Aurora,95%,OK
?????,??????? 500 5,ELDDIS,Broadway 500/5,95%,OK
?????,??????????,ELDDIS,Gulfstream,95%,OK
?????,???? ?????? ?? 1000,ELDDIS,Jetstream XL 1000,95%,OK
?????,?????????,ELDDIS,Encounter,95%,OK
?????,??2000,ELDDIS,EX2000,95%,OK
?????,????????,ELDDIS,Crusader,95%,OK
?????,???????? ??????,ELDDIS,Crusader Sirocco,95%,OK
?????,??????,ELDDIS,Magnum,95%,OK
?????,?????? 432,ELDDIS,Odyssey 432,95%,OK
?????,?????? 482,ELDDIS,Odyssey 482,95%,OK
?????,?????? 524 ?,ELDDIS,Odyssey 524 L,95%,OK
?????,????? 524,ELDDIS,Omega 524,95%,OK
?????,????? 534,ELDDIS,Omega 534,95%,OK
?????,????? ?? 93,ELDDIS,Typhoon XL 93,90%,OK
?????,?????? ?? 93,ELDDIS,Typhoon GT 93,95%,OK
?????,?????? ?? 2000,ELDDIS,Typhoon EX 2000,95%,OK
?????,???????,ELDDIS,Tornado,95%,OK
?????,???? 300 2,ELDDIS,Wisp 300/2,95%,OK
?????,???????? ??,ELDDIS,Whirlwind XL,95%,OK
?????,??????????,ELDDIS,Firestorm,95%,OK
?????,????????,ELDDIS,Hurricane,95%,OK
?????,????????? 380,ELDDIS,Shadowline 380,95%,OK
?????,?11,ELLEBI,B11,90%,OK
?????,?? ? 570,ELLEBI,LBI 570,90%,OK
?????,??? 1450,ELLEBI,LBA 1450,90%,OK
?????,??? 1950 ?,ELLEBI,LBA 1950 A,90%,OK
?????,??? 04 ?,ELLEBI,LBM 04 A,90%,OK
?????,??? 400 ????,ELLEBI,LBM 400 Torq,90%,OK
?????,??? 02 ? ?? ? 290,ELLEBI,LBN 02 A LBN 290,90%,OK
?????,??? 12 ? ??? 480,ELLEBI,LBN 12 A LBN 480,90%,OK
?????,??? 1220,ELLEBI,LBN 1220,90%,OK
?????,??? 1250,ELLEBI,LBN 1250,90%,OK
?????,??? 1252,ELLEBI,LBN 1252,90%,OK
?????,??? 13 ?,ELLEBI,LBN 13 A,90%,OK
?????,??? 14 ?,ELLEBI,LBN 14 A,90%,OK
?????,??? 250,ELLEBI,LBN 250,90%,OK
?????,??? 350,ELLEBI,LBN 350,95%,OK
?????,??? 4501 ?? ????,ELLEBI,LBN 4501 SF Torque,95%,OK
?????,??? 475 ?,ELLEBI,LBN 475 R,95%,OK
?????,??? 500 ?? ??,ELLEBI,LBN 500 MA SF,95%,OK
?????,??? 5001 ?? ????,ELLEBI,LBN 5001 SF Torque,95%,OK
?????,??? 6001 ????,ELLEBI,LBN 6001 Torque,95%,OK
?????,??? 650,ELLEBI,LBN 650,95%,OK
?????,??? 720,ELLEBI,LBN 720,95%,OK
?????,??? 1200,ELLEBI,LBT 1200,95%,OK
?????,??? 421,ELLEBI,LBF 421,95%,OK
?????,??? 13 ?,ELLEBI,LBC 13 A,95%,OK
?????,??? 2000,ELLEBI,LBC 2000,95%,OK
?????,??? 740,ELLEBI,LBC 740,95%,OK
???????,?6421??,ELEGANT,E6421PA,85%,OK
???????????,???????,ELECTRORIDE,Econelo,90%,OK
??????????,?????,ELLESDORFER,Keine,80%,OK
???,????,ELI,Zero,95%,OK
??????,375,ELNAGH,375,95%,OK
??????,? 200,ELNAGH,M 200,95%,OK
??????,?250,ELNAGH,P250,95%,OK
??????,? ???? 582,ELNAGH,T-Loft 582,95%,OK
???????,??12?,ELSTNER,ST12T,85%,OK
???? ???,? 150,DOLL,A 150,90%,OK
???????,????,EMILIOS,Peva,85%,OK
?????????,??????? 1201,EMMINGHAUS,Pionier 1201,85%,OK
?????????,??????? 85 1,EMMINGHAUS,Pionier 85/1,85%,OK
????,???? 3000,EMCO,Nova 3000,95%,OK
????,?????,EMCO,Novette,95%,OK
????,?????,EMCO,Novum,95%,OK
????,???? 17 2,EMPL,TNKO 17-2,90%,OK
?????????,?? 420 ??,ENGELHARD,VK 420 EN,90%,OK
???????,??01,ENGTIAN,TX01,80%,OK
??????,??,ENERCO,NC,OK,NEEDS_REVIEW
???? ???????,??? 1,ERBA,KRV 1,90%,OK
????,102,ERDE,102,95%,OK
????,122,ERDE,122,95%,OK
????,143,ERDE,143,95%,OK
????,163,ERDE,163,95%,OK
????,1?,ERDE,1C,95%,OK
????,1?,ERDE,1T,95%,OK
????,????? ? 11,ERDE,Bagnf C 11,80%,OK
????,?????? 213,ERDE,Classic 213,95%,OK
????,?? 1,ERDE,NF 1,95%,OK
????,?? 310,ERDE,PM 310,95%,OK
????,?? 450,ERDE,CH 450,95%,OK
???????,????????,ERDUMAN,Sprinter,85%,OK
??????,??2,ERESTE,EB2,80%,OK
?????,392?,ERIBA,392B,95%,OK
?????,465?,ERIBA,465A,95%,OK
?????,491?,ERIBA,491A,95%,OK
?????,532,ERIBA,532,95%,OK
?????,545,ERIBA,545,95%,OK
?????,620 ?,ERIBA,620 A,95%,OK
?????,??? 515,ERIBA,Nova Light 515,90%,OK
?????,???? 390,ERIBA,Nova 390,95%,OK
?????,???? 391,ERIBA,Nova 391,95%,OK
?????,???? 460,ERIBA,Nova 460,95%,OK
?????,???? 490,ERIBA,Nova 490,95%,OK
?????,???? 521,ERIBA,Nova 521,95%,OK
?????,???? 530,ERIBA,Nova 530,95%,OK
?????,???? 580,ERIBA,Nova 580,95%,OK
?????,????? 510 ?,ERIBA,Taiga 510 B,95%,OK
?????,????,ERIBA,Troll,95%,OK
????? ?????,???? 490,HYMER,Eriba Nova 490,95%,OK
????? ?????,???? 540,HYMER,Eriba Nova 540,95%,OK
????,3.2 ?,ERKA,3.2 V,90%,OK
????,830,ERKA,830,90%,OK
????,848,ERKA,848,90%,OK
??????,?????,EROGLU,ERTRT,85%,OK
?? ??,3 ??? 18 30 1 ?,ES-GE,3 SOU 18 30 1 N,90%,OK
?? ??,4 ??? 25 40 4? 13,ES-GE,4 VOD 25 40 4X 13,90%,OK
?? ??,6 ??? 25 60 3?,ES-GE,6 SOU 25 60 3N,90%,OK
?? ??,????4?,ES-GE,STTM4N,90%,OK
????,???1400,ESVE,AWK1400,90%,OK
???????,?? 12,ESSELMANN,BP 12,90%,OK
????????,??????????,ESCAPADE,California,90%,OK
???????,?? 34,ESTEREL,RS 34,90%,OK
???????,?42,ESTEREL,S42,90%,OK
???????,?? 18 210,ESTERER,TA 18.210,90%,OK
???????,?? 18.186,ESTERER,TA 18.186,90%,OK
???????,????,ESTRIMA,Biro,95%,OK
?? ??? ?????? ?????,?4?11,DEYA,R4C11,85%,OK
???,??343?,ETA,SR343G,80%,OK
???,????? 3 ???,ETA,Srmer 3 Ksz,80%,OK
???????,? 6 9 ??,ETRUSCO,T 6.9 SF,95%,OK
???????,?6 9 ??,ETRUSCO,T 6.9 SB,95%,OK
???????,?6.9 ???,ETRUSCO,T 6.9 SBC,95%,OK
???????,?7300 ??,ETRUSCO,T 7300 SB,95%,OK
???????,?7400 ????,ETRUSCO,T 7400 QBC,95%,OK
???????,?7400 ??,ETRUSCO,T 7400 SB,95%,OK
???????,?? 600 ??,ETRUSCO,CV 600 DF,95%,OK
?????,2052,EUCAR,2052,80%,OK
???? ?????,411,EURA MOBIL,411,95%,OK
???? ?????,?????? ??? 690 ??,EURA MOBIL,Activa One 690 VB,95%,OK
???? ?????,?????? 495,EURA MOBIL,Duncan 495,95%,OK
???? ?????,?????? 535,EURA MOBIL,Duncan 535,95%,OK
???? ?????,?690???2,EURA MOBIL,I 690 HB L2,95%,OK
???? ?????,??????? 726 ??,EURA MOBIL,Profila T 726 EF,95%,OK
???? ?????,??? 660 ??,EURA MOBIL,Profila RS 660 HB,95%,OK
???? ?????,?? 730 ??,EURA MOBIL,Profila T 730 EB,95%,OK
???? ?????,?665??,EURA MOBIL,S 665 HB,95%,OK
???? ?????,?? 670 ??,EURA MOBIL,Terrestra T 670 SB,95%,OK
???? ?????,?? 650 ??,EURA MOBIL,Terrestra T 650 EB,95%,OK
????,????,EUROSTAR,Star,80%,OK
?????????,???????,EUROWAGON,Woplist,90%,OK
???????????,?????,EUROJUMPER,Mobil,OK,NEEDS_REVIEW
???????????,? 1326?,EUROPARTNER,B 1326H,OK,NEEDS_REVIEW
???????,???? ??,EUROPRO,EUPR CP,OK,NEEDS_REVIEW
???????????,??,EUROREMARQUE,NC,80%,OK
????????????,?????,EUROTRAILERS,Profil,85%,OK
?????,? 400,EFFEDI,B400,90%,OK
???,??4000,EFO,EV4000,85%,OK
????,???????,EFUN,E-Rider,90%,OK
????,??????100,EFUN,Tiger 100,90%,OK
????,??????? ?????,EFUN,Trinity Moped,90%,OK
????????,?? 2850 ??,EHEBAUER,EB 2850 TP,85%,OK
????????,???? 451100,EHEBAUER,ESBA 451100,85%,OK
????,? 200 ??,ECIM,E 200 AF,90%,OK
????,? 350 ?? 35,ECIM,E 350 AF 35,90%,OK
?????,125 ????,ECITY,125 Plus,85%,OK
??? ???????,??? 1? 12,ECHO TRAILER,EWC 1P 12,85%,OK
?????,2 ? 18 ??,ESCHLER,2 U 18 EB,85%,OK
?????,05 ??,JAECOO,5 EV,98%,OK
?????,07 ????,JAECOO,7 PHEV,98%,OK
?????,5,JAECOO,5,98%,OK
?????,?????5 ??,JAECOO,5 EV,98%,OK
?????,?????7,JAECOO,7,98%,OK
?????,??????5 ??????,JAECOO,5 Hybrid,98%,OK
?????,??????7 ??????,JAECOO,7 Hybrid,98%,OK
???,?30?,JAC,E30X,95%,OK
???,??? 8 ???,JAC,T8 Pro,95%,OK
???,?90,JAC,N90,95%,OK
???,?9 ??,JAC,T9 EV,95%,OK
?????,???????,JAMET,Arizona,90%,OK
?????,??????,JAMET,Canyon,90%,OK
??????,???,JEAN MIL,NVD,80%,OK
?? ????????,?,JD TRAVELER,K,80%,OK
?? ????????,?,JD TRAVELER,T,80%,OK
???,2 1000 2,JDC,2 1000 2,OK,NEEDS_REVIEW
?????,????1?750??,JEWITZ,THPO1S750CA,80%,OK
?????????,???,JETLOADER,Big,95%,OK
?????,??2000,JIAJI,JJ2000,80%,OK
??????,??50?? 13,JIAJUE,JJ50QT-13,90%,OK
??????,??50?? 17,JIAJUE,JJ50QT-17,90%,OK
??????,??50??-3,JIAJUE,JJ50QT-3,90%,OK
??????,??????,JIAYUAN,Eidola,90%,OK
????????,?? 50 ?? 7,JIANGMEN,ZY 50 QT-7,85%,OK
????????,?? 50 ??-?,JIANGMEN,HN 50 QT-K,85%,OK
???????,??????,JIANGSU,Linhai,85%,OK
?????,??9 66 ?????,ZHIJI,LS9 Ultra,85%,OK
??????? ????,?????,JIETONG AUTO,Pickup,80%,OK
??????,?? 125 - 11,JINLUN,JL125-11,90%,OK
??????,?? 125 ?,JINLUN,JL125P,90%,OK
??????,?? 150 5,JINLUN,JL150-5,90%,OK
??????,?? 50 ?? 5,JINLUN,JL50QT-5,90%,OK
???????,?? ?? 150,JINPENG,JL II 150,90%,OK
???????,? ?9 ???,JINPENG,YX9 Pro,90%,OK
???????,??,JINPENG,XY,90%,OK
??? ???,??,JONWAY,JY,90%,OK
??? ???,??,JONWAY,ZY,90%,OK
???,??????,JOS,Baeten,80%,OK
????? ????? ??,??? 35,JOSEF FINKL,SAV 35,85%,OK
???????,385,GIOTTILINE,385,95%,OK
???????,390,GIOTTILINE,390,95%,OK
???????,395,GIOTTILINE,395,95%,OK
???????,397,GIOTTILINE,397,95%,OK
???????,440,GIOTTILINE,440,95%,OK
???????,60 ?,GIOTTILINE,Giottivan 60B,95%,OK
???????,60?,GIOTTILINE,Giottivan 60B,95%,OK
???????,64?,GIOTTILINE,Giottivan 64G,95%,OK
???????,??? 60?,GIOTTILINE,Giottivan 60B,95%,OK
?? ???????,750,JT TRAILER,750,85%,OK
??????,?? 50 ?? 26,JUNENG,JN50QT-26,85%,OK
? ???????,?? 27 20 41??,Z-TRAILER,AT 27 20 41SV,85%,OK
?????,?? ?300,ZANDT,AT-P 300,90%,OK
?????,??? 18,ZAHNER,TPA 18,85%,OK
??????,? 6,ZASLAW,D 6,95%,OK
??????,? 651,ZASLAW,D 651,95%,OK
??????,? 651 ?,ZASLAW,D 651 A,95%,OK
??????,? 653,ZASLAW,D 653,95%,OK
??????,? 653?,ZASLAW,D 653A,95%,OK
??????,? 670?,ZASLAW,D 670A,95%,OK
??????,???11,ZASLAW,PKZ11,95%,OK
??????,???12,ZASLAW,PKZ12,95%,OK
??????,???22?,ZASLAW,PKZ22B,95%,OK
???????,10,ZASTAVA,10,98%,OK
???????,750,ZASTAVA,750,98%,OK
???????,850,ZASTAVA,850,98%,OK
???????,?????,ZBINDEN,Sensa,90%,OK
????????,? 100 ? 1250,ZWARTJES,M 100 E 1250,85%,OK
?????,??6 ????,ZEEHO,AE6 Lite,95%,OK
?????,??6 ????,ZEEHO,AE6 Plus,95%,OK
????,1,ZEEKR,1,98%,OK
????,7??,ZEEKR,007 GT,95%,OK
????,7?,ZEEKR,7X,98%,OK
????,?,ZEEKR,X,98%,OK
????????,??,ZELFBOUW,GS,80%,OK
??????,?????? 3,ZENDER,Tropic 3,80%,OK
??????,???,ZHENHUA,ZTR,90%,OK
??????,?? 250,ZHENHUA,ZH 250,90%,OK
??????,???? 250 7,ZHENHUA,ZHGT 250-7,90%,OK
??????,???? 250 7,ZHENHUA,ZHST 250-7,90%,OK
????,?3,ZERO,Z3,OK,NEEDS_REVIEW
????,?? ? ??15.6,ZERO,SR/S,95%,OK
????,?? ? ??14.4,ZERO,SR/F,95%,OK
????,??? 2?7.2,ZERO,FXE,95%,OK
??????,???224,ZIEGLER,VPT224,85%,OK
?????,????? 700,ZIDAR,Adria 700,OK,NEEDS_REVIEW
??? ??????????????,??? 353,ZIE BIJZONDERHEDEN,ACA 353,OK,NEEDS_REVIEW
???,130,ZIL,130,99%,OK
???,131,ZIL,131,99%,OK
???,131 ?,ZIL,131 B,99%,OK
???,157,ZIL,157,99%,OK
???,157 ?,ZIL,157 K,99%,OK
???,5301 0001015,ZIL,5301,95%,OK
????????,??? ??????? 1,ZIMMERMANN,Alu Special 1,90%,OK
????,???? 49,ZIPP,49,90%,OK
????,?? 125 ? 7,ZIPP,HN 125 T-7,90%,OK
??,500,ZN,500,OK,NEEDS_REVIEW
????,125,ZNEN,125,95%,OK
????,?? 125 ?-15,ZNEN,ZN125T-15,95%,OK
????,?? 125? ?,ZNEN,ZN125T-X,95%,OK
????,?? 50 ?? 11 ?,ZNEN,ZN50QT-11B,95%,OK
????,?? 50 ?? 8 ?,ZNEN,ZN50QT-8B,95%,OK
????,?? 50 ?? ?,ZNEN,ZN50QT-A,95%,OK
????,?? 50 ?? ?,ZNEN,ZN50QT-E,95%,OK
????,?? 50 ?? ?,ZNEN,ZN50QT-X,95%,OK
????,?? 50 ??-11 ?,ZNEN,ZN50QT-11C,95%,OK
????,??125? 19,ZNEN,ZN125T-19,95%,OK
????,??50?? 32,ZNEN,ZN50QT-32,95%,OK
????,??50?? 34,ZNEN,ZN50QT-34,95%,OK
????,??50?? 8?,ZNEN,ZN50QT-8H,95%,OK
????,??50?? ?5,ZNEN,ZN50QT-E5,95%,OK
????,??50?? ? 25,ZNEN,ZN50QT-F25,95%,OK
????,??50??? 15,ZNEN,ZN50QT-15,95%,OK
????,????? 50,ZNEN,Coral 50,95%,OK
?????,??,SOMMER,AP,90%,OK
?????,?? 18 ? ??,SOMMER,ZG 18 T PH,90%,OK
?????,??10? ??14,SOMMER,ZG 10 T PN14,90%,OK
?????,??,SOMMER,ZP,90%,OK
?????,?? 24 100 ? ??,SOMMER,SP 24 100 S CU,90%,OK
?????,?? 240,SOMMER,SP 240,90%,OK
?????,??24 125 ? ?? ??,SOMMER,SP 24 125 S AA CU,90%,OK
?????,????,SOMMER,TGSL,90%,OK
???????,???1200?,ZOOMLION,ZAT1200E,95%,OK
???????,???1600?,ZOOMLION,ZAT1600E,95%,OK
???? ????,?????? ?? 4,ZHONGNENG,Phantom GT 4,90%,OK
????????,?????? 125,ZHONGNENG,Falcon 125,95%,OK
???????,??500,ZONGSHEN,GF500,95%,OK
???????,???????,ZONGSHEN,Jingang,90%,OK
???????,?,ZONGSHEN,Z,OK,NEEDS_REVIEW
???????,???? ??? ?? 50 ?? 4,ZONGSHEN,ZS50QT-4,95%,OK
???????,??250?? 3,ZONGSHEN,ZS250GY-3,95%,OK
???????,????,ZONGSHEN,Nora,90%,OK
??????,??125 ?1,ZONTES,ZT125-G1,98%,OK
??????,??125 ?,ZONTES,ZT125-U,98%,OK
??????,??310 ? 1,ZONTES,ZT310-R1,98%,OK
??????,??310 ?,ZONTES,ZT310-X,98%,OK
??????,??368?-?,ZONTES,ZT368T-G,98%,OK
??????,??368?-?,ZONTES,ZT368T-D,98%,OK
??????,??368?-?,ZONTES,ZT368T-E,98%,OK
??????,??368?-?,ZONTES,ZT368T-K,98%,OK
??????,??703-??,ZONTES,ZT703-RR,98%,OK
??????,??703-?,ZONTES,ZT703-F,98%,OK
?????,? 131,ZREMB,P-131,90%,OK
?????,?? 130,ZREMB,PC-130,90%,OK
???,500,ZSB,500,OK,NEEDS_REVIEW
????,? 410?,ZSPN,N-410B,OK,NEEDS_REVIEW
???,1000,ZUK,1000,85%,OK
???,400,ZUK,400,85%,OK
???,??,ZUK,ZA,80%,OK
???????,50,ZUNDAPP,50,95%,OK
???????,??? 200,ZUNDAPP,DBK 200,95%,OK
???????,???50,ZUNDAPP,ZXM 50,95%,OK
????,???????,ZFYC,Kaihuan,OK,NEEDS_REVIEW
????,?? 50 ?? 3,YIBEN,YB50QT-3,95%,OK
????,??125? 12,YIBEN,YB125T-12,95%,OK
????,??50?? 3?,YIBEN,YB50QT-3B,95%,OK
???????,??0750??,IBERICA,IB0750LA,90%,OK
???????,?? 500,IBERICA,IR 500,90%,OK
???????,?? 750,IBERICA,IR 750,90%,OK
???,130 ???,IBI,130 AFB,OK,NEEDS_REVIEW
???,????? 50,IVA,Venti 50,95%,OK
???,?04,IVA,G04,95%,OK
???,???? 50,IVA,Jet 50,95%,OK
???,?????,IVA,Ibiza,95%,OK
???,????50,IVA,Lux 50,95%,OK
???,?? 9015,IVA,RA 9015,95%,OK
???,??9011,IVA,RA9011,95%,OK
?????,0,IVECO,Unknown,OK,NEEDS_REVIEW
?????,029 ? 10,IVECO,Daily 29L10,95%,OK
?????,100 ? 15,IVECO,EuroCargo 100E15,95%,OK
?????,100 ? 15 ?,IVECO,EuroCargo 100E15R,95%,OK
?????,100 ? 17,IVECO,EuroCargo 100E17,95%,OK
?????,100 ? 18,IVECO,EuroCargo 100E18,95%,OK
?????,100 ? 21,IVECO,EuroCargo 100E21,95%,OK
?????,100 ? 21 ?,IVECO,EuroCargo 100E21R,95%,OK
?????,100?,IVECO,EuroCargo 100E,95%,OK
?????,109.14,IVECO,109.14,95%,OK
?????,110??,IVECO,EuroCargo 110EL,95%,OK
?????,120 ?,IVECO,EuroCargo 120E,95%,OK
?????,120 ? 15,IVECO,EuroCargo 120E15,95%,OK
?????,120 ? 18,IVECO,EuroCargo 120E18,95%,OK
?????,120 ? 23,IVECO,EuroCargo 120E23,95%,OK
?????,120 ? 24,IVECO,EuroCargo 120E24,95%,OK
?????,120 ??,IVECO,EuroCargo 120EL,95%,OK
?????,120?22,IVECO,EuroCargo 120E22,95%,OK
?????,120?25,IVECO,EuroCargo 120E25,95%,OK
?????,120??? ?,IVECO,EuroCargo 120ELGP,95%,OK
?????,130 ? 24,IVECO,EuroCargo 130E24,95%,OK
?????,140 ?,IVECO,EuroCargo 140E,95%,OK
?????,150 ? 23 ?,IVECO,EuroCargo 150E23R,95%,OK
?????,150?,IVECO,EuroCargo 150E,95%,OK
?????,150??,IVECO,EuroCargo 150EV,95%,OK
?????,160 ?,IVECO,EuroCargo 160E,95%,OK
?????,180 ?,IVECO,EuroCargo 180E,95%,OK
?????,180 ? 24,IVECO,EuroCargo 180E24,95%,OK
?????,180 ? 28,IVECO,EuroCargo 180E28,95%,OK
?????,190 26,IVECO,190.26,95%,OK
?????,190 32,IVECO,190.32,95%,OK
?????,190 42,IVECO,190.42,95%,OK
?????,190 ? 24,IVECO,EuroTech 190E24,95%,OK
?????,190.36 ?,IVECO,190.36P,95%,OK
?????,240 ? 42,IVECO,EuroTech 240E42,95%,OK
?????,260 ? 35,IVECO,EuroTech 260E35,95%,OK
?????,260 ? 42,IVECO,EuroTech 260E42,95%,OK
?????,260 ? 43,IVECO,EuroTech 260E43,95%,OK
?????,260 ??,IVECO,EuroTech 260E,90%,OK
?????,29 ? 10,IVECO,Daily 29L10,95%,OK
?????,29 ? 11,IVECO,Daily 29L11,95%,OK
?????,29 ? 12,IVECO,Daily 29L12,95%,OK
?????,29 ? 13,IVECO,Daily 29L13,95%,OK
?????,29 ? 13 ?,IVECO,Daily 29L13V,95%,OK
?????,29 ? 14 ?,IVECO,Daily 29L14D,95%,OK
?????,29 ? 9,IVECO,Daily 29L9,95%,OK
?????,29?12??,IVECO,Daily 29L12DE,95%,OK
?????,29?14?,IVECO,Daily 29L14V,95%,OK
?????,30 ? 10,IVECO,Daily 30E10,95%,OK
?????,30 ? 8,IVECO,Daily 30E8,95%,OK
?????,30 ? 8 35 ?,IVECO,Daily 30E8,95%,OK
?????,30.8,IVECO,Daily 30.8,95%,OK
?????,30?9 35??,IVECO,Daily 30E9,95%,OK
?????,33?15,IVECO,Daily 33S15,95%,OK
?????,340 36 ?,IVECO,EuroTrakker 340E36H,95%,OK
?????,340 ? 37,IVECO,EuroTrakker 340E37,95%,OK
?????,35 08,IVECO,Daily 35.08,95%,OK
?????,35 10,IVECO,Daily 35.10,95%,OK
?????,35 10.1 ????? ?????,IVECO,TurboDaily 35.10,95%,OK
?????,35 12,IVECO,Daily 35.12,95%,OK
?????,35 15 ?????,IVECO,Daily 35.15,95%,OK
?????,35 29,IVECO,Daily 35.29,90%,OK
?????,35 8.1,IVECO,Daily 35.8,95%,OK
?????,35 ?,IVECO,Daily 35E,95%,OK
?????,35 ? 10,IVECO,Daily 35E10,95%,OK
?????,35 ? 12,IVECO,Daily 35E12,95%,OK
?????,35 ?4,IVECO,Daily 35E4,95%,OK
?????,35 ? 11 ? 3 ?,IVECO,Daily 35J11,90%,OK
?????,35 ? 10,IVECO,Daily 35S10,95%,OK
?????,35 ? 10 ?,IVECO,Daily 35S10V,95%,OK
?????,35 ? 11,IVECO,Daily 35S11,95%,OK
?????,35 ? 11 ?,IVECO,Daily 35S11V,95%,OK
?????,35 ? 12,IVECO,Daily 35S12,95%,OK
?????,35 ? 12 ?,IVECO,Daily 35S12V,95%,OK
?????,35 ? 13,IVECO,Daily 35S13,95%,OK
?????,35 ? 13 ?,IVECO,Daily 35S13V,95%,OK
?????,35 ? 14,IVECO,Daily 35S14,95%,OK
?????,35 ? 14 ?,IVECO,Daily 35S14V,95%,OK
?????,35 ? 14?,IVECO,Daily 35S14N,95%,OK
?????,35 ? 15,IVECO,Daily 35S15,95%,OK
?????,35 ? 17,IVECO,Daily 35S17,95%,OK
?????,35 ? 18,IVECO,Daily 35S18,95%,OK
?????,35 ? 18 ?????,IVECO,Daily 35S18,95%,OK
?????,35 ? 21,IVECO,Daily 35S21,95%,OK
?????,35 ? 9,IVECO,Daily 35S9,95%,OK
?????,35 ?? 4,IVECO,Daily 35C4,90%,OK
?????,35 ?,IVECO,Daily 35C,95%,OK
?????,35 ? 10,IVECO,Daily 35C10,95%,OK
?????,35 ? 11,IVECO,Daily 35C11,95%,OK
?????,35 ? 12,IVECO,Daily 35C12,95%,OK
?????,35 ? 12 ?,IVECO,Daily 35C12V,95%,OK
?????,35 ? 12 ?,IVECO,Daily 35C12D,95%,OK
?????,35 ? 13,IVECO,Daily 35C13,95%,OK
?????,35 ? 13 ?,IVECO,Daily 35C13A,95%,OK
?????,35 ? 13 ?,IVECO,Daily 35C13V,95%,OK
?????,35 ? 13 ?,IVECO,Daily 35C13D,95%,OK
?????,35 ? 14,IVECO,Daily 35C14,95%,OK
?????,35 ? 14 ?,IVECO,Daily 35C14V,95%,OK
?????,35 ? 14 ?,IVECO,Daily 35C14G,95%,OK
?????,35 ? 14 ?,IVECO,Daily 35C14N,95%,OK
?????,35 ? 15,IVECO,Daily 35C15,95%,OK
?????,35 ? 15 ?,IVECO,Daily 35C15V,95%,OK
?????,35 ? 17,IVECO,Daily 35C17,95%,OK
?????,35 ? 17 ?,IVECO,Daily 35C17V,95%,OK
?????,35 ? 18,IVECO,Daily 35C18,95%,OK
?????,35 ? 21,IVECO,Daily 35C21,95%,OK
?????,35 ? 9,IVECO,Daily 35C9,95%,OK
?????,35 ? 9 ?,IVECO,Daily 35C9A,95%,OK
?????,35.1,IVECO,Daily 35.10,95%,OK
?????,35.10.1,IVECO,Daily 35.10.1,95%,OK
?????,35.11 ?????,IVECO,Daily 35.11,95%,OK
?????,35.13 ?????,IVECO,Daily,99%,OK
?????,35.8,IVECO,Daily,95%,OK
?????,3518 ?????,IVECO,Daily,99%,OK
?????,35?,IVECO,Daily,95%,OK
?????,35?14,IVECO,Daily,99%,OK
?????,35?16,IVECO,Daily,99%,OK
?????,35?18,IVECO,Daily,99%,OK
?????,35?18 ??,IVECO,Daily,95%,OK
?????,35?18?,IVECO,Daily,99%,OK
?????,35?14 ?????,IVECO,Daily,99%,OK
?????,35?16,IVECO,Daily,99%,OK
?????,35?17 ?????,IVECO,Daily,99%,OK
?????,35?9,IVECO,Daily,99%,OK
?????,40 10,IVECO,Daily,95%,OK
?????,40 10.1 ?,IVECO,Daily,90%,OK
?????,40 10.10,IVECO,Daily,95%,OK
?????,40 ? 14 ??,IVECO,Daily,99%,OK
?????,40 ? 10,IVECO,Daily,99%,OK
?????,40 ? 11,IVECO,Daily,99%,OK
?????,40 ? 12,IVECO,Daily,99%,OK
?????,40 ? 13,IVECO,Daily,99%,OK
?????,40 ? 13 ?,IVECO,Daily,95%,OK
?????,40 ? 17,IVECO,Daily,99%,OK
?????,40 ? 18 ?,IVECO,Daily,95%,OK
?????,40 ? 35,IVECO,Daily,99%,OK
?????,400 ? 34,IVECO,EuroTech,85%,OK
?????,40?,IVECO,Daily,95%,OK
?????,40?14 ?,IVECO,Daily,99%,OK
?????,40?14 ???,IVECO,Daily,99%,OK
?????,40?14?,IVECO,Daily,99%,OK
?????,40?14?,IVECO,Daily,99%,OK
?????,40?15,IVECO,Daily,99%,OK
?????,40?18,IVECO,Daily,99%,OK
?????,40?18 ?????,IVECO,Daily,99%,OK
?????,40?18?,IVECO,Daily,99%,OK
?????,40?18?,IVECO,Daily,99%,OK
?????,40?21,IVECO,Daily,99%,OK
?????,410,IVECO,Trakker,80%,OK
?????,42?14?,IVECO,Daily,95%,OK
?????,440 ? 48 ?,IVECO,Stralis,95%,OK
?????,45 ? 13,IVECO,Daily,99%,OK
?????,45 ? 15,IVECO,Daily,99%,OK
?????,49 10,IVECO,Daily,95%,OK
?????,49 10 35,IVECO,Daily,95%,OK
?????,49 12,IVECO,Daily,95%,OK
?????,49 12 ????? ?????,IVECO,Daily,99%,OK
?????,49 ? 12,IVECO,Daily,95%,OK
?????,49-10,IVECO,Daily,95%,OK
?????,49.12,IVECO,Daily,95%,OK
?????,50 10,IVECO,Daily,95%,OK
?????,50 ? 11,IVECO,Daily,99%,OK
?????,50 ? 13,IVECO,Daily,99%,OK
?????,50 ? 13 ?,IVECO,Daily,95%,OK
?????,50 ? 13 ?,IVECO,Daily,95%,OK
?????,50 ? 14,IVECO,Daily,99%,OK
?????,50 ? 14 ?,IVECO,Daily,95%,OK
?????,50 ? 14 ?,IVECO,Daily,95%,OK
?????,50 ? 15,IVECO,Daily,99%,OK
?????,50 ? 15 ?,IVECO,Daily,95%,OK
?????,50 ? 17,IVECO,Daily,99%,OK
?????,50 ? 17 ?,IVECO,Daily,95%,OK
?????,50 ? 18,IVECO,Daily,99%,OK
?????,50 ? 35,IVECO,Daily,99%,OK
?????,5010,IVECO,Daily,95%,OK
?????,50?,IVECO,Daily,95%,OK
?????,50? 35?,IVECO,Daily,95%,OK
?????,50?17,IVECO,Daily,99%,OK
?????,50?17?,IVECO,Daily,95%,OK
?????,50?21,IVECO,Daily,99%,OK
?????,55?18?,IVECO,Daily,95%,OK
?????,59 12,IVECO,Daily,95%,OK
?????,60 ? 12,IVECO,EuroCargo,95%,OK
?????,60 ? 15,IVECO,Daily,99%,OK
?????,60 ? 16,IVECO,Daily,99%,OK
?????,60 ? 17,IVECO,Daily,99%,OK
?????,60?18,IVECO,Daily,99%,OK
?????,65,IVECO,Daily,OK,NEEDS_REVIEW
?????,65 ? 14,IVECO,Daily,99%,OK
?????,65 ? 15,IVECO,Daily,99%,OK
?????,65 ? 15 ?,IVECO,Daily,95%,OK
?????,65 ? 17,IVECO,Daily,99%,OK
?????,65 ? 17 ?,IVECO,Daily,95%,OK
?????,65 ? 18,IVECO,Daily,99%,OK
?????,65 ? 18 ?,IVECO,Daily,95%,OK
?????,65.12 ????? ????,IVECO,Zeta,95%,OK
?????,6510,IVECO,Daily,85%,OK
?????,65?15?33?,IVECO,Daily,80%,OK
?????,65? 14?,IVECO,Daily,95%,OK
?????,70 ?,IVECO,Daily,95%,OK
?????,70 ? 14 ?,IVECO,Daily,95%,OK
?????,70 ? 15,IVECO,Daily,99%,OK
?????,70 ? 17,IVECO,Daily,99%,OK
?????,70 ? 21,IVECO,Daily,99%,OK
?????,70?18?,IVECO,Daily,95%,OK
?????,70?16,IVECO,Daily,99%,OK
?????,70?17?,IVECO,Daily,95%,OK
?????,70?18,IVECO,Daily,99%,OK
?????,72?14?,IVECO,Daily,95%,OK
?????,75 ? 12,IVECO,EuroCargo,95%,OK
?????,75 ? 14,IVECO,EuroCargo,95%,OK
?????,75 ? 15,IVECO,EuroCargo,95%,OK
?????,75 ? 15 ?,IVECO,EuroCargo,95%,OK
?????,75 ? 17,IVECO,EuroCargo,95%,OK
?????,75 ? 18,IVECO,EuroCargo,95%,OK
?????,75?,IVECO,EuroCargo,95%,OK
?????,79 12,IVECO,Zeta,90%,OK
?????,79 14,IVECO,Zeta,90%,OK
?????,79.14,IVECO,Zeta,90%,OK
?????,80,IVECO,EuroCargo,80%,OK
?????,80 ? 15,IVECO,EuroCargo,95%,OK
?????,80?,IVECO,EuroCargo,95%,OK
?????,80?22,IVECO,EuroCargo,95%,OK
?????,95 ? 15,IVECO,EuroCargo,95%,OK
?????,? 1 ??,IVECO,Daily,OK,NEEDS_REVIEW
?????,? 45.12,IVECO,Daily,90%,OK
?????,? 65 ? 15 ????,IVECO,Daily,90%,OK
?????,? 65 ? 18 ????,IVECO,Daily,90%,OK
?????,?50?17,IVECO,Daily,95%,OK
?????,?65?17 ????,IVECO,Daily,90%,OK
?????,?72?14?,IVECO,Daily,95%,OK
?????,?? 260 ? 27 ?,IVECO,Stralis,90%,OK
?????,?? 260 ?,IVECO,Trakker,95%,OK
?????,?? 260 ? 41,IVECO,Trakker,95%,OK
?????,?? 340?,IVECO,Trakker,95%,OK
?????,?? 380?,IVECO,Trakker,95%,OK
?????,?? 380??,IVECO,Trakker,95%,OK
?????,?? 410 ?,IVECO,Trakker,95%,OK
?????,?? 410 ? 44,IVECO,Trakker,95%,OK
?????,?? 410?45,IVECO,Trakker,95%,OK
?????,??190?,IVECO,Stralis,90%,OK
?????,??200?,IVECO,X-Way,90%,OK
?????,??260?? ?????,IVECO,Stralis,90%,OK
?????,??260?? ?,IVECO,Stralis,90%,OK
?????,??260?? ??,IVECO,Stralis,90%,OK
?????,??280?? ??,IVECO,X-Way,90%,OK
?????,??280?? ??,IVECO,X-Way,90%,OK
?????,??300??,IVECO,X-Way,90%,OK
?????,??300?? ??,IVECO,X-Way,90%,OK
?????,??360??,IVECO,X-Way,90%,OK
?????,??????? ???.4,IVECO,Andecar,OK,NEEDS_REVIEW
?????,?? 260 ?? ?? ??,IVECO,Stralis,90%,OK
?????,?? 440 ? 42 ? ?,IVECO,Stralis,95%,OK
?????,?? 440 ? 45,IVECO,Stralis,95%,OK
?????,?? 440 ? 48 ?,IVECO,Stralis,95%,OK
?????,?? 440 ? 50 ??,IVECO,Stralis,95%,OK
?????,?? 440 ?? ?,IVECO,Stralis,95%,OK
?????,?? 440 ?? ? ???,IVECO,Stralis,95%,OK
?????,?? 440 ?? ??,IVECO,Stralis,95%,OK
?????,?? 440 ? ?,IVECO,Stralis,95%,OK
?????,?? 440 ? ???,IVECO,Stralis,95%,OK
?????,?? 440? ?? ??,IVECO,Stralis,95%,OK
?????,?? 44? ?? ??,IVECO,Stralis,95%,OK
?????,??260?? ??,IVECO,Stralis,95%,OK
?????,??260?? ?? ?? ???,IVECO,Stralis,95%,OK
?????,??440 ?? ? ???,IVECO,Stralis,95%,OK
?????,??440 ?? ??,IVECO,Stralis,95%,OK
?????,??440?,IVECO,Stralis,95%,OK
?????,??440?46??,IVECO,Stralis,95%,OK
?????,??440?48?? ?,IVECO,Stralis,95%,OK
?????,??440?? ?,IVECO,Stralis,95%,OK
?????,??440?? ? ???,IVECO,Stralis,95%,OK
?????,??440?? ? ???,IVECO,Stralis,95%,OK
?????,??440?? ?? ??,IVECO,Stralis,95%,OK
?????,??440?? ?? ?? ???,IVECO,Stralis,95%,OK
?????,??440? ? ??,IVECO,Stralis,95%,OK
?????,??440?? ?,IVECO,X-Way,90%,OK
?????,??440??? ? ??,IVECO,X-Way,90%,OK
?????,?? 260 ?? ??,IVECO,Stralis,95%,OK
?????,?? 440 ? 42 ??,IVECO,Stralis,95%,OK
?????,?? 440 ??,IVECO,Stralis,95%,OK
?????,??190?42 ?,IVECO,Stralis,95%,OK
?????,??440??? ?,IVECO,Stralis,95%,OK
?????,??440?? ?,IVECO,X-Way,90%,OK
?????,????? 50? 17?,IVECO,Daily,99%,OK
?????,????? 50? 18?,IVECO,Daily,99%,OK
?????,?????,IVECO,Daily,99%,OK
?????,????? 29 ? 9,IVECO,Daily,99%,OK
?????,????? 30 8,IVECO,Daily,99%,OK
?????,????? 35 8,IVECO,Daily,99%,OK
?????,????? 35 ? 11,IVECO,Daily,99%,OK
?????,????? 35 ? 11 ?,IVECO,Daily,99%,OK
?????,????? 35 ? 12,IVECO,Daily,99%,OK
?????,????? 35 ?14,IVECO,Daily,99%,OK
?????,????? 35 ? 11,IVECO,Daily,99%,OK
?????,????? 35 ? 13,IVECO,Daily,99%,OK
?????,????? 35 ? 13 ?,IVECO,Daily,99%,OK
?????,????? 35 ? 15,IVECO,Daily,99%,OK
?????,????? 35.10,IVECO,Daily,99%,OK
?????,????? 35.8,IVECO,Daily,99%,OK
?????,????? 35?11???,IVECO,Daily,99%,OK
?????,????? 35?13,IVECO,Daily,99%,OK
?????,????? 35?17,IVECO,Daily,99%,OK
?????,????? 35?12,IVECO,Daily,99%,OK
?????,????? 35?17 ???,IVECO,Daily,99%,OK
?????,????? 35?18,IVECO,Daily,99%,OK
?????,????? 40?15,IVECO,Daily,99%,OK
?????,????? 40?17,IVECO,Daily,99%,OK
?????,????? 45?18?8,IVECO,Daily,99%,OK
?????,????? 50 ? 11,IVECO,Daily,99%,OK
?????,????? 50 ? 11 ?,IVECO,Daily,99%,OK
?????,????? 50 ? 13,IVECO,Daily,98%,OK
?????,????? 50 ? 18,IVECO,Daily,98%,OK
?????,????? 50? 15?,IVECO,Daily,98%,OK
?????,????? 55 ?. 18 ?,IVECO,Daily,98%,OK
?????,????? 65 ? 15 ?,IVECO,Daily,98%,OK
?????,????? 65 ? 17 ?,IVECO,Daily,98%,OK
?????,????? 65?18,IVECO,Daily,98%,OK
?????,????? 70 ? 14 ?,IVECO,Daily,98%,OK
?????,????? ? 4,IVECO,Daily,95%,OK
?????,?????? 90?,IVECO,Diparo,90%,OK
?????,???? ??????,IVECO,EuroTrakker,98%,OK
?????,?????????,IVECO,Eurocargo,98%,OK
?????,????????? 100 ? 18,IVECO,Eurocargo,98%,OK
?????,????????? 120 ? 21,IVECO,Eurocargo,98%,OK
?????,????????? 75?16,IVECO,Eurocargo,98%,OK
?????,????????? 80 ? 15,IVECO,Eurocargo,98%,OK
?????,????????? 80 ? 18,IVECO,Eurocargo,98%,OK
?????,????????? ?? 100 ? 18 ?,IVECO,Eurocargo,98%,OK
?????,????????? ?? 170 ? 27,IVECO,Eurocargo,98%,OK
?????,????????? ?? 75 ? 12,IVECO,Eurocargo,98%,OK
?????,????????? ?? ? 17,IVECO,Eurocargo,98%,OK
?????,????????,IVECO,EuroStar,98%,OK
?????,?????????,IVECO,Eurocargo,98%,OK
?????,?? 440 ? 43 ?,IVECO,EuroStar LD,90%,OK
?????,???????,IVECO,Magirus,95%,OK
?????,??????? 190 ??? ?4,IVECO,Magirus,90%,OK
?????,??????? 410 ??,IVECO,Magirus,90%,OK
?????,??????? 440 ??,IVECO,Magirus,90%,OK
?????,??????? ?? 340 ?44,IVECO,Trakker,95%,OK
?????,??????? ?? 410 ? 458 ? 4,IVECO,Trakker,95%,OK
?????,???? 2,IVECO,Mago,95%,OK
?????,?????,IVECO,Massif,98%,OK
?????,?? 100 ?,IVECO,Eurocargo,95%,OK
?????,?? 100 ? 17,IVECO,Eurocargo,95%,OK
?????,?? 100 ? 18 ?,IVECO,Eurocargo,95%,OK
?????,?? 100 ? 22,IVECO,Eurocargo,95%,OK
?????,?? 120 ? 18,IVECO,Eurocargo,95%,OK
?????,?? 120 ? 21,IVECO,Eurocargo,95%,OK
?????,?? 120 ? 24,IVECO,Eurocargo,95%,OK
?????,?? 120 ? 25 ?,IVECO,Eurocargo,95%,OK
?????,?? 120 ? 28 ?,IVECO,Eurocargo,95%,OK
?????,?? 120 ?? 17,IVECO,Eurocargo,95%,OK
?????,?? 120 ?? 21,IVECO,Eurocargo,95%,OK
?????,?? 120 ?? 22 ?,IVECO,Eurocargo,95%,OK
?????,?? 120?22,IVECO,Eurocargo,95%,OK
?????,?? 130 ?,IVECO,Eurocargo,95%,OK
?????,?? 130 ? 18 ? ?,IVECO,Eurocargo,95%,OK
?????,?? 130 ? 23,IVECO,Eurocargo,95%,OK
?????,?? 140 ? 24,IVECO,Eurocargo,95%,OK
?????,?? 140 ? 24 ?,IVECO,Eurocargo,95%,OK
?????,?? 150 ?,IVECO,Eurocargo,95%,OK
?????,?? 150 ? 21,IVECO,Eurocargo,95%,OK
?????,?? 150 ? 23,IVECO,Eurocargo,95%,OK
?????,?? 150 ? 24 ?,IVECO,Eurocargo,95%,OK
?????,?? 150 ? 28 ?,IVECO,Eurocargo,95%,OK
?????,?? 160 ? 24,IVECO,Eurocargo,95%,OK
?????,?? 180 ? 25,IVECO,Eurocargo,95%,OK
?????,?? 180 ? 28,IVECO,Eurocargo,95%,OK
?????,?? 190 ?? 25 ?,IVECO,Eurocargo,95%,OK
?????,?? 2?,IVECO,Eurocargo,90%,OK
?????,?? 65?,IVECO,Eurocargo,95%,OK
?????,?? 75 ?,IVECO,Eurocargo,95%,OK
?????,?? 75 ? 14,IVECO,Eurocargo,95%,OK
?????,?? 75 ? 15,IVECO,Eurocargo,95%,OK
?????,?? 75 ? 17,IVECO,Eurocargo,95%,OK
?????,?? 75 ? 18,IVECO,Eurocargo,95%,OK
?????,?? 80 ?,IVECO,Eurocargo,95%,OK
?????,?? 80 ? 15,IVECO,Eurocargo,95%,OK
?????,?? 80 ? 18,IVECO,Eurocargo,95%,OK
?????,?? 80 ? 21 ? ?,IVECO,Eurocargo,95%,OK
?????,??120?19?,IVECO,Eurocargo,95%,OK
?????,??75?16,IVECO,Eurocargo,95%,OK
?????,??75?17?,IVECO,Eurocargo,95%,OK
?????,??80?21,IVECO,Eurocargo,95%,OK
?????,??90?,IVECO,Eurocargo,95%,OK
?????,?? 260 ? 31 ?,IVECO,EuroTrakker,95%,OK
?????,?? 320 ? 34,IVECO,EuroTech,95%,OK
?????,?? 340 ? 37 ?,IVECO,EuroTrakker,95%,OK
?????,?? 190 ? 31 ??????,IVECO,EuroTech,95%,OK
?????,?? 260 ? 35 ?,IVECO,EuroTech,95%,OK
?????,? 3,IVECO,S3,OK,NEEDS_REVIEW
?????,? 35 3581,IVECO,Daily,90%,OK
?????,? 45,IVECO,Daily,90%,OK
?????,???????,IVECO,Stralis,98%,OK
?????,??????? ??190?27?,IVECO,Stralis,98%,OK
?????,??????? ?? 440 ? 45?,IVECO,Stralis,98%,OK
?????,??????? ?? 440 ? 42 ? ?,IVECO,Stralis,98%,OK
?????,??????,IVECO,Trakker,98%,OK
?????,????? ????? 35 ? 12,IVECO,TurboDaily,98%,OK
?????,????? ????? 35 ? 13,IVECO,TurboDaily,98%,OK
?????,????? ????? 35.10,IVECO,TurboDaily,98%,OK
?????,????? ????? 35.12,IVECO,TurboDaily,98%,OK
?????,????? ????? 40 10,IVECO,TurboDaily,98%,OK
?????,????? ????? 40.12,IVECO,TurboDaily,98%,OK
?????,????? ????? 59 12,IVECO,TurboDaily,98%,OK
?????,????,IVECO,Wing,95%,OK
?????,???? 159 17 ?,IVECO,Unic 159,90%,OK
?????,???? 190 30 5.0,IVECO,Fiat 190,90%,OK
?????,???? 40 ?? 35 ?,IVECO,Fiat 40 NC,90%,OK
?????,???? 60 11,IVECO,Fiat 60,90%,OK
?????,???? ? 49,IVECO,Fiat S49,90%,OK
?????,???? ?????????? 35.10,IVECO,TurboDaily,98%,OK
?????,?? 150 ??,IVECO,FF 150,90%,OK
?????,? ??? ?? 340?42,IVECO,Stralis X-Way,95%,OK
?????,? ??? ?? 340?46,IVECO,Stralis X-Way,95%,OK
?????,? 35.10,IVECO,Daily,90%,OK
?????,?? 100 ? ??,IVECO,CC100,90%,OK
?????,??150?24??,IVECO,CC150,90%,OK
????? ???,???????,IVECO BUS,Crossway,98%,OK
????? ???????,35?18 ???,IVECO,Daily,95%,OK
????? ???,70?21,IVECO,Daily,95%,OK
????? ?????,70?18,IVECO,Daily,95%,OK
???????????,750,IVOTRAILERS,750,95%,OK
???????????,??501,IVOTRAILERS,AL501,95%,OK
???????????,??601,IVOTRAILERS,AL601,95%,OK
???????????,?? 201,IVOTRAILERS,AP 201,95%,OK
???????????,?? 301,IVOTRAILERS,AP 301,95%,OK
???????????,?? 201,IVOTRAILERS,AT 201,95%,OK
???????????,?? 251,IVOTRAILERS,AT 251,95%,OK
???????????,??151,IVOTRAILERS,AT151,95%,OK
???????????,??351,IVOTRAILERS,BZ351,90%,OK
???????????,??601,IVOTRAILERS,BL601,95%,OK
???????????,??351,IVOTRAILERS,BP351,95%,OK
???????????,?? 752,IVOTRAILERS,DL 752,95%,OK
???????????,??102,IVOTRAILERS,DL102,95%,OK
???????????,??113,IVOTRAILERS,DL113,95%,OK
???????????,??902,IVOTRAILERS,DL902,95%,OK
???????????,?? 302,IVOTRAILERS,DP 302,95%,OK
???????????,??502,IVOTRAILERS,DP502,95%,OK
???????????,??803,IVOTRAILERS,DP803,95%,OK
???????????,???????????,IVOTRAILERS,Trailer,80%,OK
???????????,??602,IVOTRAILERS,CK602,95%,OK
???????????,?? 602,IVOTRAILERS,CL 602,95%,OK
???????????,??601,IVOTRAILERS,CL601,95%,OK
???????????,??702,IVOTRAILERS,CL702,95%,OK
???????????,??302,IVOTRAILERS,CT302,95%,OK
????,??? ????203?,EAGLE MOTORSPORTS,Lida 203E,95%,OK
????,???,EAGLE,Trailer,80%,OK
??,350,IZH,350,98%,OK
??,???????,IZH,Planeta,98%,OK
??? ??????,??125 17,EASY RIDER,JC125-17,95%,OK
???????,??,EASYLINE,CB,85%,OK
????? ???????????,??? ???? 203 ?,EAGLE MOTORSPORTS,Lida 203D,98%,OK
????? ???????????,??? ???? 203 ?,EAGLE MOTORSPORTS,Lida 203E,98%,OK
??????,256 54,IKARUS,256,98%,OK
??????,280.02,IKARUS,280,98%,OK
???,750,ILO,750,90%,OK
??????,740,ILLUSION,740,95%,OK
?? ??????,700,SLAPET,700,90%,OK
???,?????,IMV,Adria,95%,OK
???,????? 400 ?,IMV,Adria 400T,95%,OK
???,????? 4051 ??,IMV,Adria 4051 TD,95%,OK
???,????? 500,IMV,Adria 500,95%,OK
???,????? ?????? 470,IMV,Adria Optima 470,95%,OK
???,????? ????? 550,IMV,Adria Forma 550,95%,OK
???? ????????????,?????? 15,IMER,Booster 15,95%,OK
???,?72,IMZ,M-72,98%,OK
???,50,IMF,50,95%,OK
???,??? 2000,IMF,ANH 2000,85%,OK
???,???,IMF,ATK,95%,OK
???,?? 752512,IMF,KU 752512,95%,OK
?????? ??????,???? 20?? 090 00,INVEPE,RDPM 20MB 090 00,90%,OK
????,????????,INDE,Indetruk,85%,OK
??????????,120 ?,INDESPENSION,120C,90%,OK
???????????,2700,INDESPENSION,2700,98%,OK
???????????,3500,INDESPENSION,3500,98%,OK
???????????,500,INDESPENSION,500,98%,OK
???????????,760,INDESPENSION,760,98%,OK
???????????,?? 2000,INDESPENSION,AD 2000,95%,OK
???????????,??35106?,INDESPENSION,PL35106R,98%,OK
???????????,????? ???????,INDESPENSION,Plant Trailer,95%,OK
???????????,???? ???,INDESPENSION,Flatbed,95%,OK
??????,101 ?????,INDIAN,101 Scout,98%,OK
??????,??????? ???? ????,INDIAN,Vintage Dark Horse,98%,OK
??????,??????? ???? ????,INDIAN,Pursuit Dark Horse,98%,OK
??????,??????? ????,INDIAN,Pursuit Elite,98%,OK
??????,??????? ???????,INDIAN,Pursuit Limited,98%,OK
??????,?????????? ???? ????,INDIAN,Roadmaster Dark Horse,98%,OK
??????,??????????,INDIAN,Roadmaster,95%,OK
??????,????????? ????,INDIAN,Roadmaster Elite,98%,OK
??????,?????,INDIAN,Scout,98%,OK
??????,????? ????? ???????,INDIAN,Scout Bobber Limited,98%,OK
??????,????? ?????,INDIAN,Scout Bobber,98%,OK
??????,????? ????? ??????? ???,INDIAN,Scout Bobber Limited Tech,98%,OK
??????,????? ?????? ??????? ???? ???,INDIAN,Scout Classic Limited Plus Tech,95%,OK
??????,????? ??????,INDIAN,Scout Sixty,98%,OK
??????,????? ?????? ?????,INDIAN,Scout Sixty Bobber,98%,OK
??????,????? ????? ???????,INDIAN,Sport Scout Limited,98%,OK
??????,????? ????? ??????? ???,INDIAN,Sport Scout Limited Tech,98%,OK
??????,????? ????,INDIAN,Sport Chief,98%,OK
??????,??????????,INDIAN,Springfield,98%,OK
??????,?????????? ???? ?????,INDIAN,Springfield Dark Horse,98%,OK
??????,????? ????? ??????? ???,INDIAN,Super Scout Limited Tech,98%,OK
??????,????? ???? ???,INDIAN,Super Chief,98%,OK
??????,??? 1200,INDIAN,FTR 1200,98%,OK
??????,????????? ???? ????,INDIAN,Challenger Dark Horse,98%,OK
??????,????????? ????,INDIAN,Challenger Elite,98%,OK
??????,????????? ???????,INDIAN,Challenger Limited,98%,OK
??????,???? ????? ???? ????,INDIAN,Chief Bobber Dark Horse,98%,OK
??????,???? ???????,INDIAN,Chief Vintage,98%,OK
??????,???? ???? ????,INDIAN,Chief Dark Horse,95%,OK
??????,????,INDIAN,Chief,95%,OK
??????,???????? ????,INDIAN,Chieftain Elite,95%,OK
??????,??????? ???? ????,INDIAN,Chieftain Dark Horse,95%,OK
??????,??????? ???????,INDIAN,Chieftain Limited,95%,OK
??????,??????? ????????? ???? ????,INDIAN,Chieftain Powerplus Dark Horse,90%,OK
?????,?????????,INEOS,Grenadier,99%,OK
??????,??????,INESCA,Monaco,90%,OK
??????,???4,INZILE,Pro4,95%,OK
??? ???????,?? 10.13.01,INO TRAILER,IN 10.13.01,85%,OK
?????,?? 3.5 ?,INPRO,PV 3.5 B,85%,OK
????? ????,??,INTER CARS,NV,80%,OK
?????????,?? 440 ?,INTERCAMP,IC 440 N,90%,OK
?????????????,4300 ?????,INTERNATIONAL,4300 SBAlp,90%,OK
?????????????,4700,INTERNATIONAL,4700,95%,OK
????????,? 35,INFINITI,G35,99%,OK
????????,? 37,INFINITI,G37,99%,OK
????????,? 37 ????,INFINITI,G37 Coupe,99%,OK
????????,? 37 ?,INFINITI,G37S,99%,OK
????????,?? 30?,INFINITI,EX30d,99%,OK
????????,?? 35,INFINITI,EX35,99%,OK
????????,?? 37,INFINITI,EX37,99%,OK
????????,?? 35,INFINITI,JX35,99%,OK
????????,??35 ???,INFINITI,JX35,99%,OK
????????,?? 30,INFINITI,QX30,95%,OK
????????,?? 4,INFINITI,QX4,95%,OK
????????,?? 50,INFINITI,QX50,95%,OK
????????,?? 56,INFINITI,QX56,95%,OK
????????,?? 60,INFINITI,QX60,95%,OK
????????,?? 70,INFINITI,QX70,95%,OK
????????,?? 80,INFINITI,QX80,95%,OK
????????,?? 80 4??,INFINITI,QX80,95%,OK
????????,?? 30,INFINITI,Q30,99%,OK
????????,?? 50,INFINITI,Q50,99%,OK
????????,?? 60,INFINITI,Q60,99%,OK
????????,?? 70,INFINITI,Q70,99%,OK
????????,??30?,INFINITI,Q30S,99%,OK
????????,??50 ??????,INFINITI,Q50 Hybrid,99%,OK
????????,?,INFINITI,M,95%,OK
????????,? 35 ?,INFINITI,M35x,99%,OK
????????,?37,INFINITI,M37,99%,OK
????????,?? 30 ?,INFINITI,FX30d,99%,OK
????????,?? 35,INFINITI,FX35,99%,OK
????????,?? 37,INFINITI,FX37,99%,OK
????????,?? 45,INFINITI,FX45,99%,OK
????????,?? 50,INFINITI,FX50,99%,OK
????????,??35 ???,INFINITI,FX35,99%,OK
?? ???????,1500 ??,IO FAHRZEUG,1500 GT,90%,OK
?? ???????,?????? ???????,IO FAHRZEUG,Classic Florence,90%,OK
?????,? 61,IRBIT,M-61,95%,OK
??????,?6 12 35,IRIZAR,i6,95%,OK
??????,?6 12.35 ???????,IRIZAR,i6 Efficient,95%,OK
??????,?6 12.35 ????,IRIZAR,i6 Light,95%,OK
??????,?8 13.22 3.75,IRIZAR,i8,95%,OK
???????,?????,IRISBUS,Axer,99%,OK
???????,?????,IRISBUS,Daily,99%,OK
???????,?????? ?,IRISBUS,Evadys H,95%,OK
???????,?? ? 45 ???,IRISBUS,Eurorider C45 SRI,85%,OK
???????,??.? 38,IRISBUS,Eurorider C38,85%,OK
???????,?????45 ?????????? ?,IRISBUS,Eurorider,OK,NEEDS_REVIEW
???????,?????????? ? 43,IRISBUS,Eurorider D43,95%,OK
???????,????? 50 ? 17,IRISBUS,Iveco Daily 50C17,95%,OK
???????,???????,IRISBUS,Crossway,99%,OK
???????,??????? ??? ?????,IRISBUS,Crossway Low Entry,99%,OK
???????,??????,IRISBUS,Recreo,95%,OK
???????,??? 116,IRISBUS,SFR 116,90%,OK
???????,???????,IRISBUS,Citelis,99%,OK
???? ???????,?? 600,ISTI TRAILER,NL 600,90%,OK
???????,?? 144,EASTRAIL,TN 144,80%,OK
?????,12 4?4,ISUZU,12 4x4,OK,NEEDS_REVIEW
?????,????,ISUZU,ATFR,85%,OK
?????,????,ISUZU,ATFS,85%,OK
?????,???,ISUZU,BTF,80%,OK
?????,???? ????,ISUZU,VehiCROSS,99%,OK
?????,??????,ISUZU,Visigo,99%,OK
?????,????? ???? ??,ISUZU,Grand Toro XL,99%,OK
?????,? ????,ISUZU,D-Max,99%,OK
?????,???????,ISUZU,Gemini,99%,OK
?????,??? 75,ISUZU,EXZ 75,90%,OK
?????,?21?,ISUZU,M21T,95%,OK
?????,????,ISUZU,Midi,99%,OK
?????,? ?????,ISUZU,N-Series,95%,OK
?????,?2?,ISUZU,N2R,90%,OK
?????,???,ISUZU,NKR,99%,OK
?????,??? 70 ?,ISUZU,NKR 70 P,95%,OK
?????,???77?,ISUZU,NKR 77 L,95%,OK
?????,????,ISUZU,NQR,95%,OK
?????,??? 85,ISUZU,NLR 85,95%,OK
?????,??? 85,ISUZU,NNR 85,95%,OK
?????,????,ISUZU,Novo,99%,OK
?????,????????,ISUZU,Novociti,99%,OK
?????,???,ISUZU,NPR,99%,OK
?????,??? 69 ?,ISUZU,NPR 69 L,95%,OK
?????,??? 77 ?,ISUZU,NPR 77 G,95%,OK
?????,??? 85 - 5??,ISUZU,NPR 85,95%,OK
?????,??? 85 ? 5??,ISUZU,NPR 85,95%,OK
?????,?????,ISUZU,Rodeo,99%,OK
?????,????? ?????? ???? ?? ? ?,ISUZU,Rodeo Denver Max LE,90%,OK
?????,???????,ISUZU,Citibus,99%,OK
?????,????????,ISUZU,Citiport,99%,OK
?????,??????,ISUZU,Trooper,99%,OK
?????,???,ISUZU,TFS,95%,OK
?????,??? 77 ?? ?,ISUZU,TFS 77,95%,OK
?????,??? 85,ISUZU,TFS 85,95%,OK
?????,??? 86,ISUZU,TFS 86,95%,OK
?????,???????,ISUZU,Turquoise,99%,OK
????????,??????????,ITALJET,Velocifero,99%,OK
????????,????????,ITALJET,Dragster,95%,OK
????????,???????? 700 ????,ITALJET,Dragster 700 Twin,95%,OK
????????,????????200,ITALJET,Dragster 200,99%,OK
????????,????????300,ITALJET,Dragster 300,99%,OK
????????,??????? 150,ITALJET,Torpedo 150,99%,OK
????????,??????? 50,ITALJET,Torpedo 50,99%,OK
??????,252,ITINEO,252,90%,OK
??????,700,ITINEO,700,95%,OK
??????,?700,ITINEO,P700,95%,OK
??????,??700,ITINEO,PS700,95%,OK
??????,?? 720,ITINEO,SB 720,95%,OK
???,??????????.?? 400.02,IFA,HP 400.02,90%,OK
???,? 50 ?,IFA,W50 L,95%,OK
???,? 60,IFA,L60,95%,OK
???,? 60 1218,IFA,L60 1218,95%,OK
???,? 9,IFA,F9,95%,OK
???,?? 400.02 32,IFA,HP 400.02,90%,OK
???,?? 401 01 06,IFA,HP 401,90%,OK
??????,? 325 ??,JENSEN,A325 DI,95%,OK
??????,?540??,JENSEN,A540 DI,95%,OK
??????,????? 1120,JENSEN-HEALEY,Healey,90%,OK
???????,?????? 50,YINGANG,Classic 50,95%,OK
??????,?,JOGREY,L,80%,OK
??????????,??41,OZTREYLER,BT41,95%,OK
??????????,??75,OZTREYLER,BT75,95%,OK
????????,???????,YONGKANG,Jinling,90%,OK
????????,?? 250,YONGKANG,LK 250,90%,OK
????????,?? 350 ??,YONGKANG,SP 350 BO,90%,OK
????,??? 2521 ??,ALKE,ATX 2521 AL,OK,NEEDS_REVIEW
????,??? 3540,YOTA,TAZ 3540,OK,NEEDS_REVIEW
????????,?? 2002,JOTAVERK,AT 2002,90%,OK
????????,?? 2502,JOTAVERK,AT 2502,90%,OK
?????????,?? 2003 ?,JOTAVERK,AT 2003 C,90%,OK
??????? ??????,?? 101,YUNLONG MOTORS,TC 101,90%,OK
? ? ? ???,??? 18 ?,K I G TEK,AFG 18 K,80%,OK
? ? ? ???,??? 18,K I G TEK,ZPA 18,80%,OK
???????,??,CABANON,DL,90%,OK
?????,55,CABBY,55,95%,OK
?????,582 ???,CABBY,582 GLX,95%,OK
?????,61,CABBY,61,95%,OK
????,???????,KABE,Briljant,95%,OK
????,???????? 600 ?? ??,KABE,Imperial 600 XL KS,95%,OK
????,???????? 780 ??? ??,KABE,Imperial 780 TDL KS,95%,OK
????,???????? 780?? ??,KABE,Imperial 780 TD KS,95%,OK
????,????? ? ??? ??,KABE,Safir E TDL KS,95%,OK
????,???????,KABE,Smaragd,95%,OK
????,???? 810 ????,KABE,Travel Master i810 LQB,90%,OK
????,????? 810 ???,KABE,Travel Master Classic 810 LGB,90%,OK
????,?? 532 ???,CABBY,GL 532 CTD,95%,OK
????????,(????????),KAWASAKI,Kawasaki,OK,NEEDS_REVIEW
????????,1000,KAWASAKI,1000,90%,OK
????????,1000 ???,KAWASAKI,GTR 1000,99%,OK
????????,1400 ???,KAWASAKI,GTR 1400,99%,OK
????????,250 ?,KAWASAKI,250 A,95%,OK
????????,454 ???,KAWASAKI,454 LTD,99%,OK
????????,500,KAWASAKI,500,95%,OK
????????,550,KAWASAKI,550,95%,OK
????????,600,KAWASAKI,600,95%,OK
????????,750,KAWASAKI,750,95%,OK
????????,900,KAWASAKI,900,95%,OK
????????,Z? 10,KAWASAKI,ZX-10,99%,OK
????????,?? 125 ?,KAWASAKI,BN 125 A,99%,OK
????????,?? 125 ???,KAWASAKI,BR 125 KKF,99%,OK
????????,?? 250 ???,KAWASAKI,BR 250 EFS,99%,OK
????????,? 800,KAWASAKI,W800,99%,OK
????????,?230,KAWASAKI,V230,95%,OK
????????,??????,KAWASAKI,Versys,99%,OK
????????,?????? 1000,KAWASAKI,Versys 1000,99%,OK
????????,?????? 1100,KAWASAKI,Versys 1100,99%,OK
????????,?????? 650,KAWASAKI,Versys 650,99%,OK
????????,?????? 650 ???,KAWASAKI,Versys 650,99%,OK
????????,?????? ? 300,KAWASAKI,Versys-X 300,99%,OK
????????,?? 15 ??,KAWASAKI,VN 15 SE,99%,OK
????????,?? 1500,KAWASAKI,VN 1500,99%,OK
????????,?? 1600 ?,KAWASAKI,VN 1600 A,99%,OK
????????,?? 1600 ???? ??????,KAWASAKI,VN 1600 Mean Streak,99%,OK
????????,?? 1700,KAWASAKI,VN 1700,99%,OK
????????,?? 1700 ??????? ???,KAWASAKI,VN 1700 Voyager,99%,OK
????????,?? 2000,KAWASAKI,VN 2000,99%,OK
????????,?? 700 ????,KAWASAKI,VN 700 Twin,99%,OK
????????,?? 750 ?,KAWASAKI,VN 750 A,99%,OK
????????,?? 750 ? ????,KAWASAKI,VN 750 A Twin,99%,OK
????????,?? 750 ????,KAWASAKI,VN 750 Twin,99%,OK
????????,?? 800,KAWASAKI,VN 800,99%,OK
????????,?? 800 ?????? ??????,KAWASAKI,VN 800 Vulcan Classic,99%,OK
????????,?? 900 ?,KAWASAKI,VN 900 D,99%,OK
????????,?? 900 ??????,KAWASAKI,VN 900 Classic,99%,OK
????????,?? 900 ??????,KAWASAKI,VN 900 Custom,99%,OK
????????,??1500?,KAWASAKI,VN 1500 G,99%,OK
????????,??1600,KAWASAKI,VN 1600,99%,OK
????????,??1700?,KAWASAKI,VN 1700 C,99%,OK
????????,??? 50 ?,KAWASAKI,VNT 50 A,99%,OK
????????,??? 50 ?,KAWASAKI,VNT 50 D,99%,OK
????????,??????,KAWASAKI,Vulcan,100%,OK
????????,?????? 1500,KAWASAKI,Vulcan 1500,100%,OK
????????,?????? 1700 ????? ???,KAWASAKI,Vulcan 1700 Nomad,95%,OK
????????,?????? 400,KAWASAKI,Vulcan 400,100%,OK
????????,?????? 900,KAWASAKI,Vulcan 900,100%,OK
????????,?????? ?,KAWASAKI,Vulcan S,100%,OK
????????,?????? ? ???,KAWASAKI,Vulcan S,100%,OK
????????,??? 1100,KAWASAKI,GPZ 1100,100%,OK
????????,??? 305 ???? ?????,KAWASAKI,GPZ 305 Belt Drive,95%,OK
????????,??? 500 ?,KAWASAKI,GPZ 500 S,100%,OK
????????,??? 600 ?,KAWASAKI,GPX 600 R,100%,OK
????????,??? 750 ?,KAWASAKI,GPX 750 R,100%,OK
????????,?? 550,KAWASAKI,GT 550,100%,OK
????????,? ?????? 150,KAWASAKI,D-Tracker 150,95%,OK
????????,??650 ?1,KAWASAKI,W650,90%,OK
????????,?? 250 ?,KAWASAKI,EL 250,95%,OK
????????,?? 250 ?,KAWASAKI,EL 250,95%,OK
????????,??????????,KAWASAKI,Eliminator,100%,OK
????????,?? 450 ?,KAWASAKI,EN 450,95%,OK
????????,?? 500,KAWASAKI,EN 500,100%,OK
????????,?? 500 ?,KAWASAKI,EN 500,100%,OK
????????,??650 ?????? ?,KAWASAKI,Vulcan S,95%,OK
????????,?? 5,KAWASAKI,ER-5,100%,OK
????????,?? 500 ?,KAWASAKI,ER-5,95%,OK
????????,?? 6 ?,KAWASAKI,ER-6n,100%,OK
????????,?? 6 ?,KAWASAKI,ER-6f,100%,OK
????????,?? 6 ? ???,KAWASAKI,ER-6f,100%,OK
????????,?? 650 ?,KAWASAKI,ER-6n,95%,OK
????????,?? 650 ???,KAWASAKI,ER-6n,90%,OK
????????,?? 400 ?,KAWASAKI,Ninja 400,95%,OK
????????,?? 500,KAWASAKI,EX500,100%,OK
????????,?? 500 ?,KAWASAKI,EX500,95%,OK
????????,?? 650,KAWASAKI,Ninja 650,95%,OK
????????,? 300,KAWASAKI,Z300,95%,OK
????????,? 300 ???,KAWASAKI,Z300,95%,OK
????????,?125 ???,KAWASAKI,Z125,95%,OK
????????,? 1000,KAWASAKI,Z1000,100%,OK
????????,? 1000 ???,KAWASAKI,Z1000,100%,OK
????????,? 1000 ??,KAWASAKI,Z1000SX,100%,OK
????????,? 1000 ?? ???,KAWASAKI,Z1000SX,100%,OK
????????,? 200,KAWASAKI,Z200,100%,OK
????????,? 250 ? 2,KAWASAKI,Z250,95%,OK
????????,? 300 ???,KAWASAKI,Z300,100%,OK
????????,? 400 ?,KAWASAKI,Z400,95%,OK
????????,? 440 ?,KAWASAKI,Z440,95%,OK
????????,? 500,KAWASAKI,Z500,100%,OK
????????,? 650,KAWASAKI,Z650,100%,OK
????????,? 750,KAWASAKI,Z750,100%,OK
????????,? 750 ???,KAWASAKI,Z750,100%,OK
????????,? 750 ? ???,KAWASAKI,Z750R,100%,OK
????????,? 800,KAWASAKI,Z800,100%,OK
????????,? 800 ???,KAWASAKI,Z800,100%,OK
????????,? ?2,KAWASAKI,Z H2,100%,OK
????????,?1100,KAWASAKI,Z1100,100%,OK
????????,?125,KAWASAKI,Z125,100%,OK
????????,?400,KAWASAKI,Z400,100%,OK
????????,?650,KAWASAKI,Z650,100%,OK
????????,?650 ???,KAWASAKI,Z650,100%,OK
????????,?650??,KAWASAKI,Z650RS,100%,OK
????????,?900,KAWASAKI,Z900,100%,OK
????????,?900 ???,KAWASAKI,Z900,100%,OK
????????,?900??,KAWASAKI,Z900RS,100%,OK
????????,?? 1200,KAWASAKI,Voyager XII,95%,OK
????????,??1400,KAWASAKI,1400GTR,95%,OK
????????,????? 1100,KAWASAKI,Zephyr 1100,100%,OK
????????,?? ? 1200,KAWASAKI,ZZR 1200,100%,OK
????????,?? ? 600,KAWASAKI,ZZR 600,100%,OK
????????,??? 1100,KAWASAKI,ZZR 1100,100%,OK
????????,??? 1400,KAWASAKI,ZZR 1400,100%,OK
????????,??? 1400 ???,KAWASAKI,ZZR 1400,100%,OK
????????,?? 500 ?,KAWASAKI,ZL 500,95%,OK
????????,?? 600 ??????????,KAWASAKI,ZL 600 Eliminator,100%,OK
????????,?? 1000,KAWASAKI,Z1000,95%,OK
????????,?? 550 ?,KAWASAKI,Zephyr 550,95%,OK
????????,?? 7,KAWASAKI,ZR-7,100%,OK
????????,?? 7 ?,KAWASAKI,ZR-7S,100%,OK
????????,?? 750 ?,KAWASAKI,Z750,95%,OK
????????,?? 750 ?,KAWASAKI,Z750,95%,OK
????????,?? 750 ?,KAWASAKI,ZR750,95%,OK
????????,?? 750 ?,KAWASAKI,Zephyr 750,95%,OK
????????,?? 800 ???,KAWASAKI,Z800,95%,OK
????????,?? 9 ?,KAWASAKI,ZX-9R,90%,OK
????????,?? 900 ???,KAWASAKI,Z900,95%,OK
????????,?? 900 ???,KAWASAKI,Z900,95%,OK
????????,?? 900 ???,KAWASAKI,Z900,95%,OK
????????,??1000?,KAWASAKI,Z1000,95%,OK
????????,??? 1100,KAWASAKI,ZRX 1100,100%,OK
????????,??? 1200 ?,KAWASAKI,ZRX 1200 S,100%,OK
????????,?? 10 ?,KAWASAKI,ZX-10R,100%,OK
????????,?? 1000 ???,KAWASAKI,Ninja 1000,95%,OK
????????,?? 1000 ?,KAWASAKI,ZX-10R,95%,OK
????????,?? 1000 ? 8 ??,KAWASAKI,ZX-10R,95%,OK
????????,?? 1000 ?9?,KAWASAKI,ZX-10R,95%,OK
????????,?? 1002 ?????,KAWASAKI,Ninja H2 SX,90%,OK
????????,?? 10? ??????,KAWASAKI,ZX-10R Ninja,100%,OK
????????,?? 1100 ?,KAWASAKI,ZX-11,95%,OK
????????,?? 12 ?,KAWASAKI,ZX-12R,100%,OK
????????,?? 1200 ? 3,KAWASAKI,ZZR 1200,95%,OK
????????,?? 1400 ?,KAWASAKI,ZZR 1400,95%,OK
????????,?? 4?,KAWASAKI,ZX-4R,100%,OK
????????,?? 500 ??,KAWASAKI,GPZ 500,95%,OK
????????,?? 6 ?,KAWASAKI,ZX-6R,100%,OK
????????,?? 600,KAWASAKI,ZX-6R,95%,OK
????????,?? 600 ?,KAWASAKI,ZX-6R,95%,OK
????????,?? 600 ?,KAWASAKI,ZX-6R,95%,OK
????????,?? 600 ?,KAWASAKI,ZX-6D,95%,OK
????????,?? 600 ?,KAWASAKI,ZZR 600,95%,OK
????????,?? 600 ?,KAWASAKI,ZX-6R,95%,OK
????????,?? 600 ?1,KAWASAKI,ZX-6R,95%,OK
????????,?? 600 ?,KAWASAKI,ZX-6R,95%,OK
????????,?? 600 ?,KAWASAKI,ZX-6R,95%,OK
????????,?? 636 ?1?,KAWASAKI,ZX-6R 636,95%,OK
????????,?? 636 ?,KAWASAKI,ZX-6R 636,95%,OK
????????,?? 636 ?????,KAWASAKI,ZX-6R 636,90%,OK
????????,?? 636 ?,KAWASAKI,ZX-6R 636,95%,OK
????????,?? 636 ?,KAWASAKI,ZX-6R 636,95%,OK
????????,?? 7 ? ??????,KAWASAKI,ZX-7R Ninja,100%,OK
????????,?? 9 ?,KAWASAKI,ZX-9R,100%,OK
????????,?? 900 ?,KAWASAKI,ZX-9R,95%,OK
????????,?? 900 ?,KAWASAKI,ZX-9R,95%,OK
????????,??1400 ??????,KAWASAKI,ZX-14R Ninja,100%,OK
????????,??? 750,KAWASAKI,ZXR 750,100%,OK
????????,???00?,KAWASAKI,ZX-10R,90%,OK
????????,?? 110,KAWASAKI,Kaze 110,90%,OK
????????,???? ?,KAWASAKI,Kaze R,95%,OK
????????,???400?,KAWASAKI,KVF400,95%,OK
????????,?? 550 ?,KAWASAKI,KZ 550,95%,OK
????????,?? 650 ?,KAWASAKI,KZ 650,95%,OK
????????,?? 250 ?,KAWASAKI,KLR 250,95%,OK
????????,?? 500 ?,KAWASAKI,KLE 500,90%,OK
????????,?? 600 ?,KAWASAKI,KLR 600,95%,OK
????????,?? 600 ?,KAWASAKI,KLR 600,95%,OK
????????,?? 650 ?,KAWASAKI,KLR 650,95%,OK
????????,?? 650 ?,KAWASAKI,KLR 650,95%,OK
????????,??? 1000,KAWASAKI,KLV 1000,100%,OK
????????,??? 500,KAWASAKI,KLE 500,100%,OK
????????,??? 650,KAWASAKI,Versys 650,100%,OK
????????,??? 250,KAWASAKI,KLR 250,100%,OK
????????,??? 600,KAWASAKI,KLR 600,100%,OK
????????,??? 650,KAWASAKI,KLR 650,100%,OK
????????,??? 125,KAWASAKI,KLX 125,100%,OK
????????,??? 250,KAWASAKI,KLX 250,100%,OK
????????,??? 250 ??,KAWASAKI,KLX 250,95%,OK
????????,??? 650,KAWASAKI,KLX 650,100%,OK
????????,???230,KAWASAKI,KLX 230,100%,OK
????????,???450,KAWASAKI,KLX 450,100%,OK
????????,???700,KAWASAKI,KSV 700,95%,OK
????????,??? 700,KAWASAKI,KFX 700,100%,OK
????????,?? 250 ?,KAWASAKI,KX 250F,100%,OK
????????,??500?,KAWASAKI,KLE 500,95%,OK
????????,??? 450,KAWASAKI,LTD 450,100%,OK
????????,?? 250 ?,KAWASAKI,LX 250,95%,OK
????????,??????,KAWASAKI,Ninja,100%,OK
????????,?????? 1000,KAWASAKI,Ninja 1000,100%,OK
????????,?????? 1000 ??,KAWASAKI,Ninja 1000SX,100%,OK
????????,?????? 1100??,KAWASAKI,Ninja 1100SX,100%,OK
????????,?????? 250,KAWASAKI,Ninja 250,100%,OK
????????,?????? 250 ?,KAWASAKI,Ninja 250R,100%,OK
????????,?????? 300,KAWASAKI,Ninja 300,100%,OK
????????,?????? 300 ???,KAWASAKI,Ninja 300,100%,OK
????????,?????? 400,KAWASAKI,Ninja 400,100%,OK
????????,?????? 500,KAWASAKI,Ninja 500,100%,OK
????????,?????? 650,KAWASAKI,Ninja 650,100%,OK
????????,?????? 650 ???,KAWASAKI,Ninja 650,100%,OK
????????,?????? ? 1,KAWASAKI,Ninja e-1,100%,OK
????????,?????? ?? -10? ???,KAWASAKI,Ninja ZX-10R,100%,OK
????????,?????? ?? 10 ?,KAWASAKI,Ninja ZX-10R,100%,OK
????????,?????? ?? 10??,KAWASAKI,Ninja ZX-10RR,100%,OK
????????,?????? ?? 12 ?,KAWASAKI,Ninja ZX-12R,100%,OK
????????,?????? ?? 4?,KAWASAKI,Ninja ZX-4R,100%,OK
????????,?????? ?? 6 ?,KAWASAKI,Ninja ZX-6R,100%,OK
????????,?????? ?? 6? ???,KAWASAKI,Ninja ZX-6R,100%,OK
????????,?????? ?? 7?,KAWASAKI,Ninja ZX-7R,100%,OK
????????,?????? ?? 9 ?,KAWASAKI,Ninja ZX-9R,100%,OK
????????,?????? ?2,KAWASAKI,Ninja H2,100%,OK
????????,?????? ?2 ??,KAWASAKI,Ninja H2 SX,100%,OK
????????,?? 125 ???? ??? ??????? ??,KAWASAKI,J125,90%,OK
????????,? 400 ?,KAWASAKI,Z400,90%,OK
?????,????,CAVAN,Lefu,80%,OK
?????,?1,CAVAN,C1,85%,OK
?????,?1 ????,CAVAN,C1 Plus,85%,OK
???????,50,CAGIVA,50,90%,OK
???????,? 16,CAGIVA,W16,95%,OK
???????,???? ?????? 900,CAGIVA,Gran Canyon 900,100%,OK
???????,?????????,CAGIVA,Navigator,100%,OK
???????,?????? 1000,CAGIVA,Raptor 1000,100%,OK
???????,?????? 650,CAGIVA,Raptor 650,100%,OK
???????,(???),CADILLAC,Unknown,OK,NEEDS_REVIEW
???????,314,CADILLAC,Type 314,90%,OK
???????,???,CADILLAC,ATS,100%,OK
???????,???,CADILLAC,BLS,100%,OK
???????,??? 320,CADILLAC,SRX,85%,OK
???????,?????,CADILLAC,DeVille,100%,OK
???????,???,CADILLAC,DTS,100%,OK
???????,????????,CADILLAC,Eldorado,100%,OK
???????,???,CADILLAC,ELR,100%,OK
???????,????????,CADILLAC,Escalade,100%,OK
???????,???????? ???,CADILLAC,Escalade ESV,100%,OK
???????,????? 450,CADILLAC,Lyriq,95%,OK
???????,????? 600 ?4,CADILLAC,Lyriq,95%,OK
???????,??????,CADILLAC,Seville,95%,OK
???????,???,CADILLAC,SRX,95%,OK
???????,???,CADILLAC,STS,95%,OK
???????,????????,CADILLAC,Fleetwood,95%,OK
???????,?????,CADILLAC,Hearse,85%,OK
???????,??4,CADILLAC,XT4,95%,OK
???????,??5,CADILLAC,XT5,95%,OK
???????,???,CADILLAC,XTS,95%,OK
???????,?? 5,CADILLAC,CT5,95%,OK
???????,??6,CADILLAC,CT6,95%,OK
???????,???,CADILLAC,CTS,95%,OK
???????,??? 3.6 ?6,CADILLAC,CTS,95%,OK
??????,?36,KAESER,M36,90%,OK
??????,?45,KAESER,M45,90%,OK
??????,???500,KAESER,Ono 500,OK,NEEDS_REVIEW
???????,?? ?8,KAINING,KN N8,85%,OK
??????,? 21,KAISER,M21,80%,OK
??????,?130,KAISER,M130,80%,OK
???????,???2?,KALEPAR,KLP2I,85%,OK
???????,???2?,KALEPAR,KLP2C,85%,OK
???????,??2?,KALEPAR,KT2M,85%,OK
????,1500,CALI,1500,OK,NEEDS_REVIEW
????,???,KALF,KBT,85%,OK
????,???????? 780,KALF,Trailing 780,85%,OK
???? ????????,???? 550 4084,KALF,Shark 550,85%,OK
?????,4208,KAMAZ,4208,95%,OK
?????,43101,KAMAZ,43101,95%,OK
??????,??01? 750??,CAMACHO,CM01S 750CA,85%,OK
????,??? 500 ?,CAMP-LET,500 R,90%,OK
???? ???,400 ??,CAMP-LET,400 GT,95%,OK
???? ???,750,CAMP-LET,750,95%,OK
???? ???,?????,CAMP-LET,Apollo,95%,OK
???? ???,??500,CAMP-LET,EU500,95%,OK
???? ???,???????,CAMP-LET,Concorde,95%,OK
???? ???,?? 500?,CAMP-LET,CL 500U,95%,OK
?????? ??,??0751,CAMPER BG,PK0751,OK,NEEDS_REVIEW
??????? ?????,???? ???,CAMPING NISSEN,Camp-let,85%,OK
???????,???99,CAMPCON,FRD99,85%,OK
???????,400 ??,CAMP-LET,400 GT,95%,OK
??????????,?? 7,CAMPTOURIST,CT 7,95%,OK
??????????,??? ?? 1,CAMPTOURIST,CFO LA 1,85%,OK
??? ??,????????? 650 ??,CAN-AM,Outlander 650 XT,95%,OK
??? ??,????????? 800,CAN-AM,Outlander 800,95%,OK
??? ??,???????,CAN-AM,Maverick,95%,OK
??? ??,??????,CAN-AM,Ryker,95%,OK
??? ??,??????? 500,CAN-AM,Renegade 500,95%,OK
??? ??,??????? 800,CAN-AM,Renegade 800,95%,OK
??? ??,??????? 850,CAN-AM,Renegade 850,95%,OK
??? ??,??????? 1330 ?3,CAN-AM,Spyder F3,95%,OK
??? ??,??????? ??,CAN-AM,Spyder ST,95%,OK
???????,15,KANGAROO,15,OK,NEEDS_REVIEW
???????,??? 250 ? 11,KANGCHAO,ATV 250 S 11,85%,OK
?????,?? 1000 ??? 2,KANDI,KD 1000 GKA 2,90%,OK
??????,???? 125,KANUNI,Resa 125,90%,OK
?????,??50?? 16,CAPRI,RI50QT 16,85%,OK
?????,??,CAPRI,CL,OK,NEEDS_REVIEW
??????,? 361,CAPRON,A 361,90%,OK
??????,?461,CAPRON,A461,90%,OK
??????,?68 ?361 ?695,CAPRON,A68,80%,OK
??????,?70 ?464,CAPRON,A70,80%,OK
??????,?70 ?464 ?723,CAPRON,A70,80%,OK
??????,?67?,CAPRON,I67S,90%,OK
??????,?????? ? 164 ?,CAPRON,Carado C 164 L,90%,OK
??????,?????? ?161?,CAPRON,Carado C161L,90%,OK
??????,??????? 67,CAPRON,Sunlight 67,90%,OK
??????,??????? ?69,CAPRON,Sunlight T69,90%,OK
??????,? 449,CAPRON,T449,90%,OK
??????,?337,CAPRON,T337,90%,OK
??????,?338,CAPRON,T338,90%,OK
??????,?448,CAPRON,T448,90%,OK
??????,?57,CAPRON,T57,90%,OK
??????,?58 ?135 ?601,CAPRON,T58,80%,OK
??????,?65,CAPRON,T65,90%,OK
??????,?67 ?448,CAPRON,T67,80%,OK
??????,?670?,CAPRON,T670S,90%,OK
??????,?68,CAPRON,T68,90%,OK
??????,?68? ?457,CAPRON,T68C,80%,OK
??????,?690? ?449?,CAPRON,T690L,80%,OK
??????,?69?? ?459,CAPRON,T69LC,80%,OK
??????,?417,CAPRON,C417,90%,OK
??????,???600,CAPRON,CVE600,90%,OK
????????,??? 235 ?,CARAVAGGI,Bio 235 D,90%,OK
???????,473 ????,CARAVAN,473 King,OK,NEEDS_REVIEW
???????,? 2450,CARAVAN,V 2450,OK,NEEDS_REVIEW
???????,??????? ????????,CARAVAN TRAILERS,Caravan,OK,NEEDS_REVIEW
???????,?????? ????,COMPASS,Mega,85%,OK
???????,?????? ??? 220,CARAVAN,Ponton KPS 220,OK,NEEDS_REVIEW
???????,??????? 390,CARAVAN,Premier 390,OK,NEEDS_REVIEW
??????? ????????,??????,CARAVAN TRAILERS,Carrier,85%,OK
??????? ????????,??? 1250 ????,CARAVAN TRAILERS,Move 1250 Long,85%,OK
??????? ????????,???,CARAVAN TRAILERS,TRA,80%,OK
???????? ????,?????? 443,WILK,Safari 443,90%,OK
???????? ????,? 530,WILK,F 530,90%,OK
???????? ?????,????????,CI,Granduca,90%,OK
???????? ????????,????????? 15,CI,Autoroller 15,90%,OK
????????,? 40 ? 0,CARAVELLE,A 40 A 0,OK,NEEDS_REVIEW
????????,???????? 330,CARAVELAIR,Brasilia 330,90%,OK
?????????,480,CARAVELAIR,480,95%,OK
?????????,550?,CARAVELAIR,550T,95%,OK
?????????,? 0422?,CARAVELAIR,A 0422C,95%,OK
?????????,? 3302,CARAVELAIR,A 3302,95%,OK
?????????,? 3303,CARAVELAIR,A 3303,95%,OK
?????????,? 3501,CARAVELAIR,A 3501,95%,OK
?????????,? 4000,CARAVELAIR,A 4000,95%,OK
?????????,? 4002,CARAVELAIR,A 4002,95%,OK
?????????,? 4004,CARAVELAIR,A 4004,95%,OK
?????????,? 4202,CARAVELAIR,A 4202,95%,OK
?????????,? 4205,CARAVELAIR,A 4205,95%,OK
?????????,? 4209,CARAVELAIR,A 4209,95%,OK
?????????,? 5402 ??,CARAVELAIR,A 5402 ZO,95%,OK
?????????,?3700,CARAVELAIR,A3700,95%,OK
?????????,?4001,CARAVELAIR,A4001,95%,OK
?????????,?45?1,CARAVELAIR,A45A1,95%,OK
?????????,????,CARAVELAIR,Alba,95%,OK
?????????,???????? ???? 400,CARAVELAIR,Ambiance Style 400,90%,OK
?????????,??????? 375,CARAVELAIR,Antares 375,95%,OK
?????????,??????? 425,CARAVELAIR,Antares 425,95%,OK
?????????,? 3300,CARAVELAIR,B 3300,95%,OK
?????????,? 4001,CARAVELAIR,B 4001,95%,OK
?????????,? 4002,CARAVELAIR,B 4002,95%,OK
?????????,? 4206,CARAVELAIR,B 4206,95%,OK
?????????,? 4207,CARAVELAIR,B 4207,95%,OK
?????????,? 4501 ??,CARAVELAIR,B 4501 PI,95%,OK
?????????,? 4702,CARAVELAIR,B 4702,95%,OK
?????????,?4000,CARAVELAIR,B4000,95%,OK
?????????,???????? 506,CARAVELAIR,Brasilia 506,95%,OK
?????????,?????????? ? 3701,CARAVELAIR,B 3701,95%,OK
?????????,?4503,CARAVELAIR,N4503,95%,OK
?????????,?????? 480,CARAVELAIR,Osiris 480,95%,OK
?????????,?????? 375,CARAVELAIR,Silver 375,95%,OK
?????????,?21??25413001300,CARAVELAIR,T21AB25413001300,90%,OK
?????,?? 2000 ?,KARBO,AT 2000 T,85%,OK
?????,?? 250 ?,KARBO,VK 250 E,85%,OK
?????,?? 370 ?,KARBO,VK 370 E,85%,OK
?????,????? 7520 11 ??,KARBO,Novel 7520 11 ST,85%,OK
?????,?? 2040,KARBO,HL 2040,85%,OK
?????,?? 1600,KARBO,CT 1600,85%,OK
?????,600,CARGO,600,80%,OK
?????,??????,CARGO,Connect,OK,NEEDS_REVIEW
?????,39 ? 3 ???,CARDI,39 S 3 SPB,90%,OK
??????,302,KAREAN,302,OK,NEEDS_REVIEW
???? ?? ???????,??? 5?8???,CARRY-ON TRAILER,TRA 5x8LCG,90%,OK
?????? ?????,????? 592,KARMANN MOBIL,Davis 592,95%,OK
?????? ?????,?????? 590,KARMANN MOBIL,Davis 590,95%,OK
?????? ?????,?????? 630 ?????????,KARMANN MOBIL,Davis 630 Lifestyle,95%,OK
?????????,360 ?? 6 13.60,CARMOSINO,360 SP 6,85%,OK
??????,??? ??,CARNEHL,CSS AA,95%,OK
??????,???? ?,CARNEHL,CHKS A,95%,OK
??????,???? ??,CARNEHL,CHKS AL,95%,OK
??????,???? ??,CARNEHL,CHKS AH,95%,OK
??????,???? ??,CARNEHL,CHKS HH,95%,OK
??????,??? ???,CARNEHL,CCS MHS,95%,OK
????,? 450,CARO,K 450,85%,OK
????,? 455,CARO,K 455,85%,OK
????,? 466,CARO,K 466,85%,OK
????,? 469,CARO,K 469,85%,OK
????,?450?,CARO,K450A,85%,OK
??????,??8 ?110,KAROSA,SA8 L110,80%,OK
?????,??? 2 25,CARRO,RLC 2 25,85%,OK
??????,?????,KARSAN,Jest,95%,OK
??????,? ????,KARSAN,e-Atak,95%,OK
??????,? ?????,KARSAN,e-Jest,95%,OK
????????,?? 1.6,KARSTENS,NK 1.6,85%,OK
???????,?????? ??? 600,CARTHAGO,Malibu Van 600,95%,OK
???????,?????? ? 430,CARTHAGO,Malibu T 430,95%,OK
???????,?????,CARTHAGO,Tourer,95%,OK
???????,? ??????????? ?143,CARTHAGO,c-compactline I 143,95%,OK
???????,? ????? ? 142,CARTHAGO,c-tourer I 142,95%,OK
???????,? ????? ? 143 ??,CARTHAGO,c-tourer I 143 LE,95%,OK
???????,? ????? ? 145 ??,CARTHAGO,c-tourer I 145 LE,95%,OK
???????,? ????? ? 148,CARTHAGO,c-tourer I 148,95%,OK
???????,? ????? ? 149,CARTHAGO,c-tourer I 149,95%,OK
???????,? ????? ? 150 ??,CARTHAGO,c-tourer I 150 QB,95%,OK
???????,? ????? ? 145?,CARTHAGO,c-tourer T 145 H,95%,OK
???????,? ????? ? 148 ?? ?,CARTHAGO,c-tourer T 148 LE H,95%,OK
???????,?1 ????? ? 141 ?? ??,CARTHAGO,c-tourer I 141 QB LE,95%,OK
???????,?2 ????? ? 145 ?? ??,CARTHAGO,c-tourer I 145 RB LE,95%,OK
???????,??? ? ???? ? 50 ??,CARTHAGO,Chic e-line I 50 LE,95%,OK
???????,??? ? ???? ? 51 ??,CARTHAGO,Chic e-line I 51 QB,95%,OK
???????,??? ? ???? ? 64 ?? ??,CARTHAGO,Chic e-line I 64 XL QB,95%,OK
???????,??? ?40,CARTHAGO,Chic I 40,95%,OK
???????,??? ? ???? ?50 ??,CARTHAGO,Chic s-plus I 50 LE,95%,OK
???????,??? ??? ????,CARTHAGO,Chic High-Line,95%,OK
???????,??? ? - ???? ? 4.9,CARTHAGO,Chic c-line I 4.9,95%,OK
???????,??? ? ???? ? 4.2,CARTHAGO,Chic c-line I 4.2,95%,OK
???????,??? ? ???? ? 4.9 ??,CARTHAGO,Chic c-line I 4.9 LE,95%,OK
???????,??? ? ???? ? 4.9 ?? ?,CARTHAGO,Chic c-line I 4.9 LE L,95%,OK
???????,??? ? ???? ? 5.0?? ?,CARTHAGO,Chic c-line I 5.0 QB L,95%,OK
???????,??? ? ???? ? 5.0 ??? ?,CARTHAGO,Chic c-line I 5.0 QB L,95%,OK
????????,?? 39,CARTWRIGHT,RF 39,90%,OK
????????,10,CASALINI,10,90%,OK
?????????,215 ? 44 ?,KAESSBOHRER,215 L 44 R,90%,OK
?????????,??? 003,KAESSBOHRER,APT 003,95%,OK
?????????,??? 007,KAESSBOHRER,APT 007,95%,OK
?????????,??? 012 ??? ? ??????????,KAESSBOHRER,APT 012,90%,OK
?????????,??? 12,KAESSBOHRER,ATP 12,95%,OK
?????????,?????,KAESSBOHRER,Basic,95%,OK
?????????,???14?,KAESSBOHRER,VKH14P,95%,OK
?????????,?????? ??,KAESSBOHRER,Intago TT,95%,OK
?????????,???????? ??? 001,KAESSBOHRER,APT 001,95%,OK
?????????,???????? ??? 003,KASSBOHRER,APT 003,95%,OK
?????????,???????? ??? 011,KASSBOHRER,APT 011,95%,OK
?????????,???????? ??? 012,KASSBOHRER,APT 012,95%,OK
?????????,???????? ??? 14,KASSBOHRER,APT 14,95%,OK
?????????,???????? ?????????? ???,KASSBOHRER,Variotrans Pro,95%,OK
?????????,???????? ??????,KASSBOHRER,Intago,90%,OK
?????????,???????? ?? 3,KASSBOHRER,LB 3,95%,OK
?????????,???????? ???????,KASSBOHRER,Maxima,95%,OK
?????????,???????? ?????? ???,KASSBOHRER,Metago Pro,95%,OK
?????????,???????? ???,KASSBOHRER,STB,95%,OK
?????????,???????? ??? 32,KASSBOHRER,STS 32,95%,OK
?????????,???????? ??????????,KASSBOHRER,Supertrans,95%,OK
?????????,???????? ?? ??,KASSBOHRER,HS RS,90%,OK
?????????,???????,KASSBOHRER,Kipsilo,95%,OK
?????????,?? 4,KASSBOHRER,LB 4,95%,OK
?????????,??3??,KASSBOHRER,LB3ST,95%,OK
?????????,??4??,KASSBOHRER,LB4ST,95%,OK
?????????,??????,KASSBOHRER,Lowbed,95%,OK
?????????,???????,KASSBOHRER,Maxima,95%,OK
?????????,?????? ??? 003,KASSBOHRER,Metago APT 003,95%,OK
?????????,???????,KASSBOHRER,Modolan,95%,OK
?????????,?????????,KASSBOHRER,Multicont,95%,OK
?????????,??????????,KASSBOHRER,Silolegend,95%,OK
?????????,??? 41 10 24,KASSBOHRER,STB 41 10 24,95%,OK
?????????,?????????? ????? 16,KASSBOHRER,Supertrans Model 16,95%,OK
?????????,????????????,KASSBOHRER,Tankauflieger,95%,OK
?????????,?????,KASSBOHRER,Tipper,95%,OK
?????????,???? ???????????,KASSBOHRER,Truck Transporter,95%,OK
?????????,??,KASSBOHRER,TT,95%,OK
?????,???? ??150,KASEA,Buggy TJ150,85%,OK
??????,470,CASITA,470,90%,OK
???????,???? 25,CASTERA,RSTP 25,85%,OK
???????,??,KASTNER,VK,80%,OK
???????,1200,CATMANN,1200,80%,OK
????????,????? ??,CATERHAM,Seven SV,95%,OK
????? ???,250,KYMCO,250,90%,OK
????? ???,50,KYMCO,50,90%,OK
????? ???,? 2,KYMCO,B2,85%,OK
????? ???,?? 1,KYMCO,GR1,85%,OK
????? ???,?????,KYMCO,Kymco,95%,OK
????? ???,????? ??,KYMCO,MX,95%,OK
????? ???,????????,KYMCO,Xciting,95%,OK
????? ???,???????? 250 ???,KYMCO,Xciting 250,95%,OK
????? ???,???????? 500,KYMCO,Xciting 500,95%,OK
????? ???,????? ?,KYMCO,People S,95%,OK
????? ???,?? 50 ??,KYMCO,PR 50 AD,85%,OK
????? ???,?4,KYMCO,S4,85%,OK
???????,???? ??????,KVANTEN,Jet Loader,80%,OK
???,?? 351,KVD,VK 351,85%,OK
????,500,QUICK,500,85%,OK
????,750,QUICK,750,85%,OK
????,?,KEIK,X,OK,NEEDS_REVIEW
??? ??? ??,??????,KGM,Actyon,95%,OK
??? ??? ??,???????,KGM,Korando,95%,OK
??? ??? ??,????,KGM,Musso,95%,OK
??? ??? ??,???? ?????,KGM,Musso Grand,95%,OK
??? ??? ??,???? ??,KGM,Musso EV,95%,OK
??? ??? ??,???????,KGM,Rexton,95%,OK
??? ??? ??,??????,KGM,Tivoli,95%,OK
??? ??? ??,?????,KGM,Torres,95%,OK
??? ??? ??,????? ???,KGM,Torres EVX,95%,OK
??? ????,? 11342,KEL-BERG,T 11342,95%,OK
??? ????,? 25,KEL-BERG,T 25,95%,OK
??? ????,???????,KEL-BERG,Woplist,80%,OK
????? ? ???????,???? 500,KELLER & KOVARIK,KKEB 500,85%,OK
??????,4,KEMPIK,4,80%,OK
?????,??? 35 3,KEMPF,SKM 35/3,95%,OK
?????,??? 39 3,KEMPF,SKM 39/3,95%,OK
?????,?? 35 3,KEMPF,SP 35/3,95%,OK
?????,??? 18,KEMPF,TPA 18,95%,OK
?????,?? 1330 ??,KENNIS,OP 1330 GB,90%,OK
??????? ????,????? ???? ??? 86?3,KENTUCKY CAMP,Luano Camp ABR 86V3,95%,OK
???????,?900 ?282??,KENWORTH,W900,90%,OK
???????,? 100 ?,KENWORTH,K100E,95%,OK
??????,?? 18 ??,KEPLER,ZA 18 LT,85%,OK
???????,?0750?,KERENZO,K0750E,95%,OK
???????,?0750?,KERENZO,K0750T,95%,OK
????????,????????,KERKHOVE,Kerkhove,85%,OK
????,?364,KERN,K364,85%,OK
????????,????????,KERSTNER,Kuhl Vito,90%,OK
????????,????????????,KERSTNER,Kuhl Sprinter,90%,OK
??????,??? 13 20 ????1,KARCHER,HDS 13/20,90%,OK
??,???????? ??? 50,QJMOTOR,Defender Evo 50,90%,OK
??,?83 0 1,QJMOTOR,P83,80%,OK
??,??2 0 0,QJMOTOR,PC2,80%,OK
??,??????? 50,QJMOTOR,Twister 50,90%,OK
???????,??? 125,QJMOTOR,ATR 125,95%,OK
???????,??? 50,QJMOTOR,LTR 50,95%,OK
???????,??? 125,QJMOTOR,MTX 125,95%,OK
???????,??? 300,QJMOTOR,MTX 300,95%,OK
???????,??? 650 ?,QJMOTOR,SVT 650 X,95%,OK
???????,?? 16,QJMOTOR,SQ 16,90%,OK
???????,??? 125,QJMOTOR,SRV 125,95%,OK
???????,??? 600 ?2,QJMOTOR,SRV 600 V2,95%,OK
???????,??? 600,QJMOTOR,SRK 600,95%,OK
???????,??? 600 ?,QJMOTOR,SRT 600 S,95%,OK
???????,??? 700 ??,QJMOTOR,SRT 700 SX,95%,OK
???????,??? 900 ??,QJMOTOR,SRT 900 SX,95%,OK
???????,???? 4.0,QJMOTOR,Fort 4.0,95%,OK
???,?????,KIA,Avella,95%,OK
???,????? ? 2,KIA,Bongo J2,95%,OK
???,?????3,KIA,Bongo 3,95%,OK
???,?????,KIA,Venga,95%,OK
???,?????,KIA,Joice,95%,OK
???,? ? 3,KIA,EV3,95%,OK
???,? ? 6,KIA,EV6,95%,OK
???,??2,KIA,EV2,95%,OK
???,??4,KIA,EV4,95%,OK
???,??4 ??,KIA,EV4 GT,95%,OK
???,??5,KIA,EV5,95%,OK
???,??6 ??,KIA,EV6 GT,95%,OK
???,??9,KIA,EV9,95%,OK
???,??9 ??,KIA,EV9 GT,95%,OK
???,?? ????,KIA,Ceed,95%,OK
???,? 2500 ???,KIA,K2500,95%,OK
???,? 2700,KIA,K2700,95%,OK
???,? 2900,KIA,K2900,95%,OK
???,? 7,KIA,K7,95%,OK
???,? 8,KIA,K8,95%,OK
???,?2700,KIA,K2700,95%,OK
???,?3,KIA,K3,95%,OK
???,?4,KIA,K4,95%,OK
???,?4 ???????????,KIA,K4 Sportswagon,95%,OK
???,?5,KIA,K5,95%,OK
???,?5 ??,KIA,K5 GT,95%,OK
???,?5 ??????,KIA,K5,95%,OK
???,?9,KIA,K9,95%,OK
???,?900,KIA,K900,95%,OK
???,???????,KIA,Capital,95%,OK
???,??????,KIA,Carens,95%,OK
???,????????,KIA,Carnival,95%,OK
???,????????,KIA,Magentis,95%,OK
???,???????,KIA,Morning,95%,OK
???,??????,KIA,Mohave,95%,OK
???,????,KIA,Niro,95%,OK
???,??????,KIA,Opirus,95%,OK
???,??????,KIA,Optima,95%,OK
???,??5,KIA,PV5,95%,OK
???,???????,KIA,Picanto,95%,OK
???,??????? ???????,KIA,Picanto,95%,OK
???,??????,KIA,Pregio,95%,OK
???,???????,KIA,Pro_cee'd,95%,OK
???,??????,KIA,Retona,95%,OK
???,???,KIA,Rio,95%,OK
???,??? 1.3,KIA,Rio,95%,OK
???,??? 1.4,KIA,Rio,95%,OK
???,??? 1.5,KIA,Rio,95%,OK
???,??? 1.5 ?,KIA,Rio,95%,OK
???,??? 1.6,KIA,Rio,95%,OK
???,??????,KIA,Sedona,95%,OK
???,????,KIA,Ceed,95%,OK
???,??????,KIA,Seltos,95%,OK
???,?????,KIA,Ceres,95%,OK
???,????,KIA,Ceed,95%,OK
???,???? 1.4 ????,KIA,Ceed,95%,OK
???,???? 1.6 ????,KIA,Ceed,95%,OK
???,??,KIA,SL,90%,OK
???,???????,KIA,Sorento,95%,OK
???,??????? ??,KIA,Sorento,95%,OK
???,??????? ??,KIA,Sorento,95%,OK
???,????,KIA,Soul,95%,OK
???,???? ??,KIA,Soul EV,95%,OK
???,????????,KIA,Sportage,95%,OK
???,???????? 2.0 ????,KIA,Sportage,95%,OK
???,???????? 2.0 ????,KIA,Sportage,95%,OK
???,???????? 2.7 ????,KIA,Sportage,95%,OK
???,???????? ?????,KIA,Sportage,95%,OK
???,???????,KIA,Stinger,95%,OK
???,??????,KIA,Stonic,95%,OK
???,????????,KIA,Telluride,95%,OK
???,?????,KIA,Forte,95%,OK
???,????? ??,KIA,Forte,95%,OK
???,? ????,KIA,XCeed,95%,OK
???,???? ??,KIA,Ceed SW,95%,OK
???,??????,KIA,Cerato,95%,OK
???,????,KIA,Shuma,95%,OK
??????,?????,KEEWAY,Agora,95%,OK
??????,???,KEEWAY,ARN,95%,OK
??????,??????,KEEWAY,Outlook,95%,OK
??????,?302?,KEEWAY,V302C,95%,OK
??????,?????? 125,KEEWAY,Vieste 125,95%,OK
??????,?? 11 0,KEEWAY,ZZ 110,90%,OK
??????,? ???? 125,KEEWAY,K-Light 125,95%,OK
??????,???00?,KEEWAY,KVB00C,95%,OK
??????,???????,KEEWAY,Matrix,95%,OK
??????,??3 ??? ?,KEEWAY,MT3 Pro X,95%,OK
??????,??,KEEWAY,PE,90%,OK
??????,?? 8,KEEWAY,RY8,95%,OK
??????,??6,KEEWAY,RY6,95%,OK
??????,??,KEEWAY,RK,95%,OK
??????,??? 125,KEEWAY,RKF 125,95%,OK
??????,???? 50,KEEWAY,Swan 50,95%,OK
??????,?????????,KEEWAY,Superlight,95%,OK
??????,????????? 125,KEEWAY,Superlight 125,95%,OK
??????,??? 2,KEEWAY,Tab 2,95%,OK
??????,????,KEEWAY,Tab M,95%,OK
??????,??????,KEEWAY,Target,95%,OK
??????,??125,KEEWAY,TX 125,95%,OK
??????,? ???,KEEWAY,F-Act,95%,OK
??????,????,KEEWAY,Flash,95%,OK
??????,?????,KEEWAY,Focus,95%,OK
??????,???????,KEEWAY,Hurricane,95%,OK
??????,????????? 1152?,KIEFER,Bokimobil 1152B,90%,OK
??????,?? 115 1?,KIEFER,HI 115 1B,80%,OK
????????????,1500 ??? 19,KÄLLINGEKÄRRAN,1500 HTB 19,85%,OK
????????,??????,KILLER BEE,Custom,90%,OK
????????,????,KILLER BEE,Roma,95%,OK
????????,??????,KILLER BEE,Torino,95%,OK
?????,50 ?? ?????,KYMCO,KB 50 Super,90%,OK
?????,???????,KYMCO,Agility,98%,OK
?????,??????? 125,KYMCO,Agility 125,98%,OK
?????,??????? 150,KYMCO,Agility 150,98%,OK
?????,??????? 16,KYMCO,Agility 16,95%,OK
?????,??????? 16 125,KYMCO,Agility 16 125,95%,OK
?????,??????? 16 200 ?,KYMCO,Agility 16 200i,95%,OK
?????,??????? 16 50 4?,KYMCO,Agility 16 50 4T,95%,OK
?????,??????? 16 ???? 350,KYMCO,Agility 16 Plus 350,95%,OK
?????,??????? 300,KYMCO,Agility 300,98%,OK
?????,??????? 50,KYMCO,Agility 50,98%,OK
?????,??????? ????,KYMCO,Agility Carry,98%,OK
?????,??????? ???? 125,KYMCO,Agility Carry 125,98%,OK
?????,??????? ???? 50,KYMCO,Agility Carry 50,98%,OK
?????,??????? ?,KYMCO,Agility S,98%,OK
?????,??????? ? 200,KYMCO,Agility S 200,98%,OK
?????,??????? ? 50,KYMCO,Agility S 50,98%,OK
?????,??????? ???? 125,KYMCO,Agility City 125,98%,OK
?????,?? 550,KYMCO,AK 550,98%,OK
?????,????? 50,KYMCO,Active 50,95%,OK
?????,? 2,KYMCO,B2,80%,OK
?????,? ? 125,KYMCO,BW 125,95%,OK
?????,??? ???,KYMCO,Bet & Win,95%,OK
?????,??? ??? 250,KYMCO,Bet & Win 250,95%,OK
?????,?????,KYMCO,Venox,98%,OK
?????,????? 125,KYMCO,Visar 125,98%,OK
?????,???????? 50,KYMCO,Vitality 50,98%,OK
?????,??50,KYMCO,VP50,98%,OK
?????,????? ???? 125,KYMCO,Grand Dink 125,98%,OK
?????,????? ???? 250,KYMCO,Grand Dink 250,98%,OK
?????,????? ???? 50,KYMCO,Grand Dink 50,98%,OK
?????,????????,KYMCO,Downtown,98%,OK
?????,???????? ????? ????,KYMCO,Downtown Super Dink,95%,OK
?????,??,KYMCO,DJ,95%,OK
?????,?? 50 ?,KYMCO,DJ 50 S,95%,OK
?????,??? 50,KYMCO,DJW 50,90%,OK
?????,????,KYMCO,Dink,98%,OK
?????,???? 125,KYMCO,Dink 125,98%,OK
?????,?? ?360,KYMCO,DT X360,98%,OK
?????,????,KYMCO,Zing,98%,OK
?????,?? 50,KYMCO,ZX 50,98%,OK
?????,??? 50,KYMCO,Yup 50,95%,OK
?????,? 12,KYMCO,K12,98%,OK
?????,? ???,KYMCO,K-XCT,98%,OK
?????,?? 50,KYMCO,KB 50,98%,OK
?????,?????,KYMCO,Cobra,98%,OK
?????,???????,KYMCO,Xciting,98%,OK
?????,??????? 400?,KYMCO,Xciting 400i,98%,OK
?????,??????? ?? 400,KYMCO,Xciting VS 400,98%,OK
?????,??????? ? 400,KYMCO,Xciting S 400,98%,OK
?????,???,KYMCO,KXR,98%,OK
?????,???? 50,KYMCO,Like 50,98%,OK
?????,????,KYMCO,Like,98%,OK
?????,???? 125,KYMCO,Like 125,98%,OK
?????,??? ???? 700 ?,KYMCO,Myroad 700i,98%,OK
?????,??????,KYMCO,Maxxer,98%,OK
?????,?????? 250,KYMCO,Maxxer 250,98%,OK
?????,?????? 300,KYMCO,Maxxer 300,98%,OK
?????,????? 50,KYMCO,MXer 50,98%,OK
?????,???? 125,KYMCO,Movie 125,98%,OK
?????,???,KYMCO,MXU,98%,OK
?????,??? 250,KYMCO,MXU 250,98%,OK
?????,??? 300,KYMCO,MXU 300,98%,OK
?????,??? 400,KYMCO,MXU 400,98%,OK
?????,??? 450?,KYMCO,MXU 450i,98%,OK
?????,??? 500 ???,KYMCO,MXU 500 IRS,98%,OK
?????,??? 500? ???,KYMCO,MXU 500i IRS,98%,OK
?????,?? ??????? ???? 125,KYMCO,New Agility City 125,98%,OK
?????,?? ??????? ???? 200?,KYMCO,New Agility City 200i,98%,OK
?????,?? ????? ????,KYMCO,New Grand Dink,98%,OK
?????,?? ????,KYMCO,New Like,98%,OK
?????,?? ?????? ?,KYMCO,New People S,98%,OK
?????,?? ????? ? 125,KYMCO,New People S 125,98%,OK
?????,?? ????? ? 200,KYMCO,New People S 200,98%,OK
?????,?? ?????,KYMCO,New Sento,98%,OK
?????,??????,KYMCO,People,98%,OK
?????,????? 125,KYMCO,People 125,98%,OK
?????,????? 150,KYMCO,People 150,98%,OK
?????,????? 50,KYMCO,People 50,98%,OK
?????,????? ??,KYMCO,People GT,98%,OK
?????,????? ?,KYMCO,People S,98%,OK
?????,????? ? 50 4?,KYMCO,People S 50 4T,98%,OK
?????,? 1,KYMCO,S1,90%,OK
?????,? 6,KYMCO,S6,90%,OK
?????,? 7,KYMCO,S7,90%,OK
?????,??????,KYMCO,Sector,98%,OK
?????,????? 50,KYMCO,Sento 50,98%,OK
?????,?????? 50 ??,KYMCO,Sniper 50 DD,98%,OK
?????,??????? 50,KYMCO,Spacer 50,98%,OK
?????,????? 8 50,KYMCO,Super 8 50,98%,OK
?????,????? 9,KYMCO,Super 9,98%,OK
?????,????? 9 50,KYMCO,Super 9 50,98%,OK
?????,????? 950 ??,KYMCO,Super 9 50 LC,95%,OK
?????,????? ???? 125 ???,KYMCO,Super Dink 125 ABS,98%,OK
?????,????? ??,KYMCO,Super ZX,98%,OK
?????,?? 10 ??,KYMCO,CX 10 AA,95%,OK
?????,?? ???? 40 ?,KYMCO,CX Vers 40A,OK,NEEDS_REVIEW
?????,?? 10 ??,KYMCO,SC 10 AS,90%,OK
?????,??? ??? 50,KYMCO,Top Boy 50,98%,OK
?????,? ???? 125?,KYMCO,X-Town 125i,98%,OK
?????,? ???? 300?,KYMCO,X-Town 300i,98%,OK
?????,? ???? ??,KYMCO,X-Town CT,98%,OK
?????,? ???? ??300,KYMCO,X-Town CT300,98%,OK
?????,??????? 125,KYMCO,Heroism 125,98%,OK
?????,??????? 250 ???,KYMCO,Xciting 250 AFI,98%,OK
?????,??????? 500,KYMCO,Xciting 500,98%,OK
?????,??????? ?? 400,KYMCO,Xciting VS 400,98%,OK
?????,??????? ? 300,KYMCO,Xciting R 300,98%,OK
?????,??????? ?400,KYMCO,Xciting S 400,98%,OK
?????,???????400?,KYMCO,Xciting 400i,98%,OK
?????,??3,KYMCO,CV3,98%,OK
?????,?? 50 ??-6?,KYMCO,CK 50 QT-6A,95%,OK
?????,??1,KYMCO,CK1,98%,OK
?????,?? ????? 50,KYMCO,CX Curio 50,98%,OK
?????,???? 125,KYMCO,Yager 125,98%,OK
?????,???? ?? 50,KYMCO,Yager GT 50,98%,OK
????,310,KING,310,OK,NEEDS_REVIEW
??????,? ????,QINGQI,V-Clic,95%,OK
??????,??????,QINGQI,Jinan,90%,OK
??????,?? 50 ?? 6,QINGQI,QM50QT-6,95%,OK
??????,??125? 10?,QINGQI,QM125T-10D,95%,OK
??????,??50? 10? ?,QINGQI,QM50T-10A(B),95%,OK
??????,??? 250 ?????,QINGQI,Yuki 250 Vista,95%,OK
??????,??125,KINLON,YB125,90%,OK
???????,?? 50,KINROAD,XT50,95%,OK
???????,??????,KINROAD,Cyclone,95%,OK
???,41?,KIP,41V,95%,OK
???,44?,KIP,44G,95%,OK
???,47???,KIP,47SGB,95%,OK
???,50??,KIP,50GB,95%,OK
???,50???,KIP,50HYB,95%,OK
???,? 390,KIP,K 390,95%,OK
???,?? 40 ??,KIP,KG 40 EK,95%,OK
???,?? 42,KIP,KG 42,95%,OK
???,?? 42 ??,KIP,KG 42 EK,95%,OK
???,?? 42 ?,KIP,KG 42 T,95%,OK
???,?? 44,KIP,KG 44,95%,OK
???,?? 45 ?,KIP,KG 45 T,95%,OK
???,?? 45 ???,KIP,KG 45 TLB,95%,OK
???,?? 47 ???,KIP,KG 47 TRZ,95%,OK
???,?? 48,KIP,KG 48,95%,OK
???,?? 48 ?,KIP,KG 48 T,95%,OK
???,?? 50 ???,KIP,KG 50 TDB,95%,OK
???,?? 33,KIP,KE 33,95%,OK
???,?? 38,KIP,KE 38,95%,OK
???,?? 42 ?,KIP,KE 42 T,95%,OK
???,?? 34 ??,KIP,KL 34 EK,95%,OK
???,?? 35 ??,KIP,KL 35 EK,95%,OK
???,?? 40 ??,KIP,KL 40 EK,95%,OK
???,?? 40 ?,KIP,KL 40 T,95%,OK
???,?? 42 ?,KIP,KL 42 T,95%,OK
???,?? 42 ???,KIP,KL 42 TTZ,95%,OK
???,?? 41,KIP,KS 41,95%,OK
???,?? 390,KIP,KT 390,95%,OK
???,?? 40 ??,KIP,KH 40 EK,95%,OK
???,?? 37 ??,KIP,MK 37 EK,95%,OK
??,?? ?6,KK,KK S6,OK,NEEDS_REVIEW
??,?? ?9,KK,KK S9,OK,NEEDS_REVIEW
?? ??? ???,18108,KK ANHÄNGERBAU,18108,85%,OK
?? ??? ???,2000,KK ANHÄNGERBAU,2000,85%,OK
?? ??? ???,23220,KK ANHÄNGERBAU,23220,85%,OK
??? ???????,???2,KKT TRAILER,KTT2,90%,OK
??,????? 125,KL,Brera 125,95%,OK
??,????? ?,KL,Brera X,95%,OK
??,????? ? 125,KL,Brera X 125,95%,OK
??,????,KL,Duel,95%,OK
??,??? 450,KL,KFX 450,90%,OK
?????,?0751,CLABO,K0751,85%,OK
?????,?0751,CLABO,L0751,85%,OK
?????,?0752,CLABO,L0752,85%,OK
??????,1700,KLAGIE,1700,85%,OK
??????,1900,KLAGIE,1900,85%,OK
??????,800,KLAGIE,800,85%,OK
?????????,1000,KLAESGENS,1000,85%,OK
????,?? 25 5??,CLAAS,HW 25 5KA,80%,OK
????,?? 26 6 ??,CLAAS,HW 26 6KA,80%,OK
?????,???????,KLEIN,Burgers,80%,OK
?????,?? 2,KLENK,AP 2,85%,OK
?????,??? 200,KLOSE,ATT 200,85%,OK
?????,???84,KLOSE,ATT 84,85%,OK
???,? 750,KMZ,K-750,98%,OK
??????,? 100,KNAPEN,K100,95%,OK
??????,? 200,KNAPEN,K200,95%,OK
?????,1202,KNAUS,1202,95%,OK
?????,1402,KNAUS,1402,95%,OK
?????,1504,KNAUS,1504,95%,OK
?????,2103,KNAUS,2103,95%,OK
?????,380,KNAUS,380,95%,OK
?????,4007,KNAUS,4007,95%,OK
?????,400708,KNAUS,400708,90%,OK
?????,4106,KNAUS,4106,95%,OK
?????,4107,KNAUS,4107,95%,OK
?????,4117,KNAUS,4117,99%,OK
?????,4205,KNAUS,4205,99%,OK
?????,4206,KNAUS,4206,99%,OK
?????,4207,KNAUS,4207,99%,OK
?????,4306,KNAUS,4306,99%,OK
?????,4307,KNAUS,4307,99%,OK
?????,4405,KNAUS,4405,99%,OK
?????,4407,KNAUS,4407,99%,OK
?????,440813,KNAUS,440813,99%,OK
?????,450,KNAUS,450,99%,OK
?????,4505,KNAUS,4505,99%,OK
?????,4507,KNAUS,4507,99%,OK
?????,4606,KNAUS,4606,99%,OK
?????,500,KNAUS,500,99%,OK
?????,530,KNAUS,530,99%,OK
?????,550,KNAUS,550,99%,OK
?????,580,KNAUS,580,99%,OK
?????,6301,KNAUS,6301,99%,OK
?????,6304,KNAUS,6304,99%,OK
?????,6402,KNAUS,6402,99%,OK
?????,650,KNAUS,650,99%,OK
?????,6504,KNAUS,6504,99%,OK
?????,7203,KNAUS,7203,99%,OK
?????,740 3,KNAUS,740 3,99%,OK
?????,7402,KNAUS,7402,99%,OK
?????,8003,KNAUS,8003,99%,OK
?????,8103,KNAUS,8103,99%,OK
?????,8104,KNAUS,8104,99%,OK
?????,8105,KNAUS,8105,99%,OK
?????,8203,KNAUS,8203,99%,OK
?????,8303,KNAUS,8303,99%,OK
?????,8304,KNAUS,8304,99%,OK
?????,830401,KNAUS,830401,99%,OK
?????,830404,KNAUS,830404,99%,OK
?????,8305,KNAUS,8305,99%,OK
?????,8403,KNAUS,8403,99%,OK
?????,8404,KNAUS,8404,99%,OK
?????,840407,KNAUS,840407,99%,OK
?????,8505,KNAUS,8505,99%,OK
?????,8603,KNAUS,8603,99%,OK
?????,860415,KNAUS,860415,99%,OK
?????,8804,KNAUS,8804,99%,OK
?????,8805,KNAUS,8805,99%,OK
?????,8903,KNAUS,8903,99%,OK
?????,???? 400,KNAUS,Azur 400,95%,OK
?????,???? 495,KNAUS,Azur 495,95%,OK
?????,???? 510,KNAUS,Azur 510,95%,OK
?????,???? 540,KNAUS,Azur 540,95%,OK
?????,???? 580,KNAUS,Azur 580,95%,OK
?????,???? 630 ??,KNAUS,Azur 630 TI,95%,OK
?????,???? 770,KNAUS,Azur 770,95%,OK
?????,? 04,KNAUS,B04,95%,OK
?????,? 04 450,KNAUS,B04 450,95%,OK
?????,?01,KNAUS,B01,95%,OK
?????,?05,KNAUS,B05,95%,OK
?????,?450,KNAUS,B450,95%,OK
?????,??? ???? 640 ???,KNAUS,Van Wave 640 MEG,95%,OK
?????,???? 475,KNAUS,Wolf 475,90%,OK
?????,? 500,KNAUS,E 500,95%,OK
?????,???????? 350,KNAUS,Eifelland 350,95%,OK
?????,???????? 560,KNAUS,Eifelland 560,95%,OK
?????,???????? ??????? 395,KNAUS,Eifelland Holiday 395,95%,OK
?????,???????? ??????? 495,KNAUS,Eifelland Sunshine 495,95%,OK
?????,???????? ??????? 495,KNAUS,Eifelland Holiday 495,95%,OK
?????,???????? ??????? 520 ???,KNAUS,Eifelland Holiday 520 TKM,95%,OK
?????,?? 4,KNAUS,L4,90%,OK
?????,??1025,KNAUS,L1025,90%,OK
?????,???? ???? 550,KNAUS,Eurostar 550,95%,OK
?????,???????? 620,KNAUS,Eurostar 620,95%,OK
?????,??????? 500,KNAUS,Südwind 500,98%,OK
?????,??????? 550,KNAUS,Südwind 550,98%,OK
?????,? 500,KNAUS,K 500,95%,OK
?????,?250 3,KNAUS,K250/3,95%,OK
?????,?? 01,KNAUS,KV 01,95%,OK
?????,?????? 395,KNAUS,Country 395,95%,OK
?????,??????? ?45,KNAUS,Orbiter R45,95%,OK
?????,?????,KNAUS,Passat,95%,OK
?????,? 07,KNAUS,R07,95%,OK
?????,? 11,KNAUS,R11,95%,OK
?????,? 17,KNAUS,R17,95%,OK
?????,? 18,KNAUS,R18,95%,OK
?????,? 22,KNAUS,R22,95%,OK
?????,? 6,KNAUS,R6,95%,OK
?????,?03,KNAUS,R03,95%,OK
?????,?12,KNAUS,R12,95%,OK
?????,?24,KNAUS,R24,95%,OK
?????,?68,KNAUS,R68,95%,OK
?????,???? 590,KNAUS,Royal 590,95%,OK
?????,????? 500,KNAUS,Sport 500,98%,OK
?????,????? ????????,KNAUS,Sport Traveller,98%,OK
?????,???????? 550??,KNAUS,Starclass 550 LF,95%,OK
?????,??????? 550 ???,KNAUS,Südwind 550 QUK,98%,OK
?????,???????? 485,KNAUS,Südwind 485,98%,OK
?????,???????? 530,KNAUS,Südwind 530,98%,OK
?????,???????,KNAUS,Südwind,98%,OK
?????,??????? 395,KNAUS,Südwind 395,98%,OK
?????,??????? 450,KNAUS,Südwind 450,98%,OK
?????,??????? 495 ?,KNAUS,Südwind 495 M,98%,OK
?????,??????? 551,KNAUS,Südwind 551,98%,OK
?????,?????? ??,KNAUS,Tabbert IM,90%,OK
?????,????? ??? 500 ??,KNAUS,Tourer Van 500 MQ,95%,OK
?????,???????,KNAUS,Waplist,OK,NEEDS_REVIEW
?????,?????? ???? ???? 600,KNAUS,Boxstar Family 600,95%,OK
?????,? 250 3,KNAUS,X250/3,95%,OK
????? ??????,??23,KNAUS TABBERT,AB23,95%,OK
????? ??????,?43 ?42,KNAUS TABBERT,V43 V42,95%,OK
????? ??????,? 04,KNAUS TABBERT,E04,95%,OK
????? ??????,???,KNAUS TABBERT,KUD,95%,OK
????? ??????,?08,KNAUS TABBERT,R08,95%,OK
????? ??????,?15 ?????,KNAUS TABBERT,R15 Knaus,95%,OK
??????,?????? 750,KNEZEV,Marine 750,90%,OK
????,?? 7 ?,KNOTT,VG 7 L,95%,OK
????,?????? ?? 2720,KNOTT,Eduards LA 2720,90%,OK
????,??? 27,KNOTT,ZHL 27,95%,OK
????,?? 20,KNOTT,KF 20,95%,OK
????,??? 35,KNOTT,KFG 35,95%,OK
???????,390 2 ???,COACHMAN,VIP 390/2,95%,OK
???????,460 4 ??????,COACHMAN,Genius 460/4,95%,OK
???????,460 4 ?????,COACHMAN,Mirage 460/4,95%,OK
???????,500 4 ???,COACHMAN,VIP 500/4,95%,OK
???????,520 4 ?????,COACHMAN,Genius 520/4,95%,OK
???????,??? 440-2,COACHMAN,VIP 440/2,95%,OK
???????,????? ????,COACHMAN,Mirage Lux,95%,OK
?????,?? 25,COBRA,VT 25,90%,OK
???? ??????,??800,COVA HOLLAND,ET800,95%,OK
????,450 ????,KOVE,450 Rally,99%,OK
????,510?,KOVE,510X,99%,OK
????,800????,KOVE,800 Rally,99%,OK
????,800?,KOVE,800X,99%,OK
????,800? ??,KOVE,800X GT,99%,OK
?????,? 3384 ?,CODER,S 3384 D,95%,OK
?????? ???????,?? 265018,KOENIG TRAILER,KH 265018,95%,OK
?????? ???????,??153015 1930 ?????,KOENIG TRAILER,KC153015 1930 Plywood,90%,OK
?????????,?????,KOENIGSEGG,Jesko,99%,OK
????????,????21,KOESTNER,NPSV21,95%,OK
????,? ??? ?? 4.2 35,KOCH,H Lohr HR 4.2 35,OK,NEEDS_REVIEW
?????,??????,KOLAT,Select,90%,OK
??????????,? ?? 250 1000,KOELBLINGER,A GE 250 1000,95%,OK
???????,??75,COLEMAN,SV75,95%,OK
??? ???,??? 1000 ?,COMFAB,PVT 1000 G,95%,OK
????? ????,500,COMBI-CAMP,500,95%,OK
????? ????,?? 4571,COMBI-CAMP,DK 4571,95%,OK
????? ????,???????,COMBI-CAMP,Prestige,95%,OK
????,?? 2,KOME,Oy 2,95%,OK
???????,??? 0404,COMPAIR,DLT 0404,95%,OK
???????,??? 0407,COMPAIR,DLT 0407,95%,OK
???????,??? 1303,COMPAIR,DLT 1303,95%,OK
???????,?? 40,COMPAIR,DS 40,95%,OK
???????,? 20,COMPAIR,C20,95%,OK
???????,? 25 10,COMPAIR,C25-10,95%,OK
???????,? 42,COMPAIR,C42,95%,OK
???????,? 50,COMPAIR,C50,95%,OK
???????,? 60 12,COMPAIR,C60-12,95%,OK
???????,? 95 12,COMPAIR,C95-12,95%,OK
??????,????,COMPASS,Alko,90%,OK
??????,?????? 505,COMPASS,Amazon 505,95%,OK
??????,???????? 440 4,COMPASS,Vintage 440/4,95%,OK
??????,??????? 430 4,COMPASS,Concourse 430/4,90%,OK
??????,????????? 400 2,COMPASS,Connoisseur 400/2,95%,OK
??????,??????,COMPASS,Corona,95%,OK
??????,?????? 534,COMPASS,Corona 534,95%,OK
??????,?????? 556,COMPASS,Corona 556,95%,OK
??????,???????,COMPASS,Liberte,95%,OK
??????,????? 340 2,COMPASS,Lynx 340/2,95%,OK
??????,?????? 524,COMPASS,Magnum 524,95%,OK
??????,?????? 534,COMPASS,Magnum 534,95%,OK
??????,?????,COMPASS,Omega,95%,OK
??????,????? 430,COMPASS,Omega 430,95%,OK
??????,????? 524,COMPASS,Omega 524,95%,OK
??????,????? 534,COMPASS,Omega 534,95%,OK
??????,???????,COMPASS,Pentara,95%,OK
??????,??????? 432,COMPASS,Pentara 432,95%,OK
??????,????,COMPASS,Rallye,95%,OK
??????,???? 460 2 ?,COMPASS,Rallye 460/2 L,95%,OK
??????,???? ??? 460 2,COMPASS,Rallye GTE 460/2,95%,OK
??????,???? ???????,COMPASS,Rallye Caravan,95%,OK
??????,???????,COMPASS,Rambler,95%,OK
??????,????????? 360 2 ???,COMPASS,Reflection 360/2 MPP,95%,OK
??????,?????? ??????? 460 2,COMPASS,Herald Clarion 460/2,95%,OK
?????,??,KONAR,JG,95%,OK
??????,???,CONWAY,CDL,95%,OK
??????,320,CONDOR,320,95%,OK
???????,?????? 771 ??,CONCORDE,Carver 771 HS,98%,OK
???????,?????? 821 ?,CONCORDE,Carver 821 M,98%,OK
???????,??????? 900 ?,CONCORDE,Charisma 900 L,98%,OK
???????,????? ? 835 ?,CONCORDE,Credo A 835 L,98%,OK
??????,??? 5,CONRAD,STC 5,95%,OK
??????????? ????????,?? 66 ??,CONSTRUCTIE VERGAUWE,OP 66 TR,95%,OK
?????????????,?? 3500,CONTINENTAL,RP 3500,90%,OK
??????,??1,KONTRA,CS1,95%,OK
??????,?? 500,CONWAY,WT 500,95%,OK
??????,??? 92,CONWAY,FRC 92,95%,OK
??????,??? 92,CONWAY,CDL 92,95%,OK
??????,???85,CONWAY,CGC 85,95%,OK
???????,???4,CONCEPT,CCT4,95%,OK
???????,???????,SSANGYONG,Korando Turismo,95%,OK
?????,??1?,QOROS,CF1X,90%,OK
???? ????,??3020,KORS SNAP,AT3020,80%,OK
???? ????,??3023,KORS SNAP,AT3023,80%,OK
???? ????,??3520,KORS SNAP,AT3520,80%,OK
???????,???1000,BRENDON,BBW1000,90%,OK
???????,???? ????? ?????? ??,VICTORY,Cross Roads Classic LE,95%,OK
??? ?????,? ?????? 2.0,DAYI MOTOR,E-Baldur,95%,OK
??? ?????,? ???? 1.0,DAYI MOTOR,E-Odin,95%,OK
??????? ????????,903.6,DAIMLERCHRYSLER,903.6,90%,OK
??????? ????????,922?,DAIMLERCHRYSLER,922L,90%,OK
??????? ????????,????? ??,HYMER,BM,85%,OK
???????,?? 50 ?,DAYTONA,DY 50 A,90%,OK
???????,???????? 125,DAYTONA,Sprinter 125,95%,OK
??????? ??????,450 ????,DAYTONA,450 Rally,95%,OK
??????? ??????,800?,DAYTONA,800X,95%,OK
??????? ??????,???? 300??,DAYTONA,Ares 300GT,95%,OK
??????? ??????,????? ?125,DAYTONA,Velos R125,95%,OK
??????? ??????,?????? 300,DAYTONA,Virtus 300,95%,OK
??????? ??????,??????? ?? 125 ?,DAYTONA,DY 125 R,95%,OK
??????? ??????,?? 125 ??,DAYTONA,DY 125 RS,95%,OK
??????? ??????,??????125,DAYTONA,Dimoto 125,90%,OK
??????? ??????,??????? 125,DAYTONA,Invador 125,95%,OK
??????? ??????,????? 125,DAYTONA,Orama 125,95%,OK
??????? ??????,???? 50,DAYTONA,Revo 50,95%,OK
??????? ??????,??????? 125,DAYTONA,Rockstar 125,95%,OK
??????? ??????,???????? 125,DAYTONA,Synergy 125,95%,OK
??????? ??????,???????? 125,DAYTONA,Sprinter 125,95%,OK
????????,1000,DAIHATSU,1000,80%,OK
????????,???,DAIHATSU,YRV,95%,OK
????????,?????,DAIHATSU,Copen,98%,OK
????????,?????,DAIHATSU,Cuore,98%,OK
????????,???????,DAIHATSU,Materia,98%,OK
????????,????,DAIHATSU,Move,98%,OK
????????,????,DAIHATSU,Rocky,98%,OK
????????,??????,DAIHATSU,Sirion,98%,OK
????????,?????? 1.3 ?,DAIHATSU,Sirion,98%,OK
????????,???? ? 60 ??,DAIHATSU,Taft F60,95%,OK
????????,??????,DAIHATSU,Terios,98%,OK
????????,?????? 1.5,DAIHATSU,Terios,98%,OK
????????,??????,DAIHATSU,Trevis,98%,OK
????????,???,DAIHATSU,YRV,98%,OK
????????,? 20,DAIHATSU,F20,95%,OK
????????,? 300,DAIHATSU,F300,95%,OK
????????,??????,DAIHATSU,Feroza,98%,OK
????????,???????,DAIHATSU,Hijet,98%,OK
????????,?????,DAIHATSU,Charade,98%,OK
???????,126,DAXARA,126,95%,OK
???????,157,DAXARA,157,95%,OK
??????,????????,DALLARA,Stradale,98%,OK
??????,??6000,DALTEC,JR6000,95%,OK
??????,????? 20,DALTEC,Cargo 20,95%,OK
??????,????? 25,DALTEC,Cargo 25,95%,OK
??????,????? 35 ???,DALTEC,Cargo 35 GRS,95%,OK
?????,??1 ?1,DAMCO,DK1 O1,90%,OK
??? ???????,500,DAN TRAILER,500,95%,OK
???????????,?401,DANGELMAIER,T401,90%,OK
??????,????? 4?4,DANGEL,Combo,95%,OK
????,? 3 ? 24,DAPA,P 3 X 24,90%,OK
??????,280 ??,DATSUN,280ZX,98%,OK
??????,????? 395,DATSUN,395,80%,OK
??????,????? 4 ??,DATSUN,Pickup,95%,OK
???,400,DAF,400,98%,OK
???,45.15,DAF,45.15,98%,OK
???,45.16,DAF,45.16,98%,OK
???,45.18,DAF,45.18,98%,OK
???,55 ?? 250,DAF,LF 55.250,95%,OK
???,65.210 ???,DAF,65.210 Ati,95%,OK
???,75.240 ???,DAF,75.240 Ati,95%,OK
???,75.31,DAF,75.31,98%,OK
???,800,DAF,800,98%,OK
???,95.43,DAF,95.43,98%,OK
???,?? 75 ??,DAF,AG 75 PC,90%,OK
???,?? 85 ??,DAF,AD 85 XC,90%,OK
???,?? 10 ?,DAF,AE 10 C,90%,OK
???,?? 15 ?? ? 4 36,DAF,AE 15 NS,85%,OK
???,?? 45,DAF,AE 45,90%,OK
???,?? 55 ??,DAF,AE 55 CE,90%,OK
???,?? 65 ??,DAF,AE 65 NC,90%,OK
???,?? 75 ??,DAF,AE 75 PC,90%,OK
???,?? 75 ??,DAF,AE 75 RC,90%,OK
???,??21??,DAF,AE21XT,90%,OK
???,?? 85 ??,DAF,AS 85 MC,90%,OK
???,??85?? 430,DAF,AT85XC 430,90%,OK
???,?2??3,DAF,L2EN3,90%,OK
???,?? 180 ??,DAF,LF 180 FA,95%,OK
???,?? 210 ??,DAF,LF 210 FA,95%,OK
???,?? 220 ??,DAF,LF 220 FA,95%,OK
???,?? 230 ??,DAF,LF 230 FA,95%,OK
???,?? 250 ??,DAF,LF 250 FA,95%,OK
???,?? 260,DAF,LF 260,95%,OK
???,?? 260 ??,DAF,LF 260 FA,95%,OK
???,?? 280 114 4?2,DAF,LF 280,95%,OK
???,?? 280 ??,DAF,LF 280 FA,95%,OK
???,?? 290 ??,DAF,LF 290 FA,95%,OK
???,?? 320 ??,DAF,LF 320 FA,95%,OK
???,?? 45.140,DAF,LF 45.140,98%,OK
???,?? 45.170,DAF,LF 45.170,98%,OK
???,?? 45.250,DAF,LF 45.250,98%,OK
???,?? 55.220,DAF,LF 55.220,98%,OK
???,??45,DAF,LF45,98%,OK
???,?4??3-????? ??,DAF,M4EN3,85%,OK
???,??? 480 ??,DAF,NGD 480 FT,90%,OK
???,?? 47 ??,DAF,TE 47 XS,90%,OK
???,?? 45.150,DAF,FA 45.150,95%,OK
???,?? 45220 ?12,DAF,FA 45.220,95%,OK
???,?? 55.180,DAF,FA 55.180,95%,OK
???,?? 75.270,DAF,FA 75.270,95%,OK
???,?? ?? 45,DAF,FA LF 45,95%,OK
???,?? ?? 45 ? 11,DAF,FA LF 45,90%,OK
???,?? ?? 45.150 ? 10,DAF,FA LF 45.150,95%,OK
???,?? ?? 45.220 ? 10,DAF,FA LF 45.220,95%,OK
???,?? ?? 55,DAF,FA LF 55,95%,OK
???,?? ?? 55 ? 18,DAF,FA LF 55,90%,OK
?????,??260 ?? ?????,IVECO,AD260S,85%,OK
???? ????,??4020,COHRS SCHNAP,AT4020,80%,OK
???? ????,??4023,COHRS SCHNAP,AT4023,80%,OK
??????,???,COSALT,ABI,90%,OK
????? ???,??5200??,KOTAN BAU,MM5200BS,85%,OK
????? ???,??5200???,KOTAN BAU,MM5200VBS,85%,OK
????? ???,??5200????,KOTAN BAU,MM5200RVBS,85%,OK
????????????,??? 218,KOTSCHENREUTHER,TPS 218,95%,OK
??????,?? 350?,COFISA,AG 350E,90%,OK
??????,??? 2 ? 25,COFISA,COF 2 E 25,90%,OK
???,2500,KOCH,2500,95%,OK
???,7.13,KOCH,7.13,95%,OK
???,800,KOCH,800,95%,OK
???,? 1 ?,KOCH,B 1 N,90%,OK
???,? 2 ?,KOCH,B 2 N,90%,OK
???,?2,KOCH,B2,90%,OK
???,?2 ?,KOCH,K2 C,90%,OK
???,? 275??,KOCH,U 275BN,90%,OK
???,? 600 ?,KOCH,U 600 N,90%,OK
???,? 750 ?,KOCH,U 750 N,90%,OK
???,?475??,KOCH,U475BN,90%,OK
???,?675??,KOCH,U675BN,90%,OK
???,?775??,KOCH,U775BN,90%,OK
??????,???? 31 51 6?,KOHLER,BSCH 31 51 6A,80%,OK
?????,???,COCHET,Uno,95%,OK
??????,530 4,COACHMAN,530/4,95%,OK
??????,????? 380 2,COACHMAN,Amara 380/2,95%,OK
??????,????? 450 2,COACHMAN,Amara 450/2,95%,OK
??????,????? 500 5,COACHMAN,Amara 500/5,95%,OK
??????,????? 520 4,COACHMAN,Amara 520/4,95%,OK
??????,????? 530 4,COACHMAN,Amara 530/4,95%,OK
??????,????? 580 4,COACHMAN,Amara 580/4,95%,OK
??????,??? 460 2,COACHMAN,VIP 460/2,95%,OK
??????,??????? 460 2,COACHMAN,Pastiche 460/2,95%,OK
??????,??????? 470 2,COACHMAN,Pastiche 470/2,95%,OK
??????,???????? ????? 520 4,COACHMAN,Festival Amara 520/4,95%,OK
????????,(????????),KREIDLER,Kreidler,80%,OK
????????,?????????? 125 ??,KREIDLER,Martinique 125 DD,95%,OK
????????,??? ? 50,KREIDLER,RMC-E 50,95%,OK
????????,?? 50,KREIDLER,RC 50,95%,OK
????????,?????????,KREIDLER,Supermoto,95%,OK
????????,????? 50,KREIDLER,Flory 50,95%,OK
????????,(???),CHRYSLER,Lek,OK,NEEDS_REVIEW
????????,200,CHRYSLER,200,98%,OK
????????,200?,CHRYSLER,200S,98%,OK
????????,300,CHRYSLER,300,98%,OK
????????,300 ?,CHRYSLER,300M,98%,OK
????????,300 ?,CHRYSLER,300C,98%,OK
????????,300 ?,CHRYSLER,300C,98%,OK
????????,300 ? 3.0 ???,CHRYSLER,300C,98%,OK
????????,300 ? ?,CHRYSLER,300C Touring,95%,OK
????????,300 ? ???? ???,CHRYSLER,300C Hemi SRT,98%,OK
????????,300 ? ???,CHRYSLER,300C,98%,OK
????????,????????,CHRYSLER,Voyager,98%,OK
????????,???????,CHRYSLER,Voyager,98%,OK
????????,???????,CHRYSLER,Voyager,98%,OK
????????,??????? 2.8 ??? ? ?,CHRYSLER,Voyager,98%,OK
????????,??????? 3.3 ?,CHRYSLER,Voyager,98%,OK
????????,????? ???????,CHRYSLER,Grand Voyager,98%,OK
????????,????? ??????? 3.8 ?,CHRYSLER,Grand Voyager,98%,OK
????????,????? ???????,CHRYSLER,Grand Caravan,95%,OK
????????,?????????,CHRYSLER,Crossfire,98%,OK
????????,????,CHRYSLER,Neon,98%,OK
????????,????????,CHRYSLER,Pacifica,98%,OK
????????,?? ???????,CHRYSLER,PT Cruiser,98%,OK
????????,?? ??????? 2.4 ?,CHRYSLER,PT Cruiser,98%,OK
????????,???????,CHRYSLER,Sebring,98%,OK
????????,??????? 2.4,CHRYSLER,Sebring,98%,OK
????????,??????? 2.7,CHRYSLER,Sebring,98%,OK
????????,???????,CHRYSLER,Stratus,98%,OK
????????,???? ? ?????? 3.8 ???,CHRYSLER,Town & Country,98%,OK
????????,???? ??????,CHRYSLER,Town & Country,98%,OK
??????,??,KRACKER,CF,90%,OK
??????,?? 200,KRACKER,CF 200,90%,OK
??????,?? 300,KRACKER,CF 300,90%,OK
??????,?? ?,KRACKER,CF Z,90%,OK
??????,?? 24 ??,KRAMER,SS 24 LL,90%,OK
??????,????,KRAMER,FSPT,90%,OK
????,12 2 3,KRESS,12 2 3,90%,OK
????,2 .1. 15,KRESS,2.1.15,90%,OK
????,2.1.1,KRESS,2.1.1,90%,OK
????,2.2.25,KRESS,2.2.25,90%,OK
????,202??,KRESS,202SB,90%,OK
??????,? 6,CRESCI,A6,95%,OK
??????,?1000?,CRESCI,N1000B,95%,OK
??????,?3500?,CRESCI,N3500L,95%,OK
??????,???????,CRESCI,Trailer,80%,OK
???????,?? 23000,CRYOLOR,SR 23000,95%,OK
??????? ?????,520,CRISTAL,Morea 520,95%,OK
???????? ??? ??????,?????? 23,CHRISTIAN ROCH KINSAU,Memsti 23,90%,OK
????????,???? 870 62,CHRISTMANN,PABT 870 62,90%,OK
????,??? 39.0 ???? 2,KROLL,TSA 39.0 Alfa 2,90%,OK
?????,??,KRONE,AD,95%,OK
?????,??,KRONE,AZ,95%,OK
?????,??? 18,KRONE,AZV 18,95%,OK
?????,??,KRONE,ZZ,95%,OK
?????,??? 18,KRONE,ZZV 18,95%,OK
?????,??? 18,KRONE,ZZP 18,95%,OK
?????,??? 18,KRONE,ZZF 18,95%,OK
?????,??? ??????,KRONE,Cool Liner,98%,OK
?????,??,KRONE,SD,95%,OK
?????,?? 27,KRONE,SD 27,95%,OK
?????,??? 27,KRONE,SDK 27,95%,OK
?????,??? 02,KRONE,SDP 02,95%,OK
?????,??? 27,KRONE,SDP 27,95%,OK
?????,??? 27 ???,KRONE,SDP 27 ELB,95%,OK
?????,??? 27,KRONE,SDR 27,95%,OK
?????,??? 27,KRONE,SDC 27,95%,OK
?????,??,KRONE,SE,95%,OK
?????,???9,KRONE,9-Sep,95%,OK
?????,??,KRONE,SZ,95%,OK
????????,??? 029??01,CROSSLAND,CTB 029GA01,90%,OK
???????????,???????,KRUKENMEIER,Delbrück,95%,OK
???????????,???? 5,KRUKENMEIER,ELPK 5,95%,OK
????,??? 3045,KRUPP,KMK 3045,98%,OK
????,??? 4080,KRUPP,KMK 4080,98%,OK
???????,13 ??? 25.12,KRÖGER,13 BTK 25.12,95%,OK
???????,???????,KRÖGER,Kröger,80%,OK
???????,?? 1,KRÖGER,TF 1,95%,OK
???????,?????? ? 2000,KRÖGER,Felix B 2000,95%,OK
????????,??7 ????,XIAOMI,SU7 Max,95%,OK
????????,??7 ?????,XIAOMI,SU7 Ultra,98%,OK
???????,?? 15 ?,XIAMEN,AY 15 V,OK,NEEDS_REVIEW
???????,???????? ?? 125 ?,XIAMEN XIASHING,XS 125 K,85%,OK
????????,????,XINGYUE,Kart,85%,OK
?????????,?? 150??,XINGLING,XL 150ZH,85%,OK
??? ????,????50,KSR MOTO,ZNBG50,90%,OK
??? ????,?? 125,KSR MOTO,TW 125,95%,OK
??? ????,?? 125,KSR MOTO,TR 125,95%,OK
??? ????,?? 50,KSR MOTO,TR 50,95%,OK
??? ???? ???????,???,KSR MOTO,GRS,95%,OK
??? ???? ???????,???,KSR MOTO,TTX,95%,OK
???,1050 ????????,KTM,1050 Adventure,98%,OK
???,1090 ????????,KTM,1090 Adventure,98%,OK
???,1090 ???????? ?,KTM,1090 Adventure R,98%,OK
???,1190 ????????,KTM,1190 Adventure,98%,OK
???,1190 ???????? ?,KTM,1190 Adventure R,98%,OK
???,1190 ?? 8,KTM,1190 RC8,98%,OK
???,125,KTM,125,95%,OK
???,125 ???,KTM,125 Duke,98%,OK
???,125 ??????,KTM,125 Enduro,98%,OK
???,125 ???,KTM,125 EXC,98%,OK
???,125 ??? ?,KTM,125 SMC R,90%,OK
???,1290 ????? ????????,KTM,1290 Super Adventure,98%,OK
???,1290 ????? ???????? ?,KTM,1290 Super Adventure R,98%,OK
???,1290 ????? ???????? ?,KTM,1290 Super Adventure S,98%,OK
???,1290 ????? ??? ??,KTM,1290 Super Duke GT,98%,OK
???,1290 ???????? ?,KTM,1290 Super Duke R,98%,OK
???,1390 ????? ???????? ?,KTM,1390 Super Adventure R,98%,OK
???,1390 ????? ???????? ?,KTM,1390 Super Adventure S,98%,OK
???,1390 ????? ???????? ? ???,KTM,1390 Super Adventure S Evo,98%,OK
???,1390 ????? ??? ?,KTM,1390 Super Duke R,98%,OK
???,150 ???,KTM,150 EXC,98%,OK
???,150 ??? ???,KTM,150 EXC TPI,98%,OK
???,200 ???,KTM,200 Duke,98%,OK
???,200 ???,KTM,200 EXC,98%,OK
???,250,KTM,250,95%,OK
???,250 ???,KTM,250 EXC,98%,OK
???,250 ??? ???,KTM,250 EXC TPI,98%,OK
???,250 ???-?,KTM,250 EXC-F,98%,OK
???,250 ? ????????,KTM,250 R Freeride,98%,OK
???,300 ???,KTM,300 EXC,98%,OK
???,300 ??? ???,KTM,300 EXC TPI,98%,OK
???,350 ??? ?,KTM,350 EXC-F,98%,OK
???,350 ???????,KTM,350 Freeride,98%,OK
???,350 ?? ?,KTM,350 XC-F,98%,OK
???,390 ????????,KTM,390 Adventure,98%,OK
???,390 ???????? ?,KTM,390 Adventure R,98%,OK
???,390 ???,KTM,390 Duke,98%,OK
???,390 ??????,KTM,390 Enduro,98%,OK
???,390 ??? ?,KTM,390 SMC R,90%,OK
???,4 ? ???,KTM,4T EGS,90%,OK
???,400 ???,KTM,400 EXC,98%,OK
???,400 ?? 4,KTM,400 LC4,98%,OK
???,450 ???,KTM,450 EXC,98%,OK
???,450 ??? ?,KTM,450 EXC-R,98%,OK
???,450 ??? ?,KTM,450 EXC-F,98%,OK
???,450 ??,KTM,450 SX,98%,OK
???,500 ??,KTM,500 GS,95%,OK
???,500 ???,KTM,500 EXC,98%,OK
???,500 ??? ?,KTM,500 EXC-F,98%,OK
???,520 ??? ???????,KTM,520 EXC Racing,98%,OK
???,525 ???,KTM,525 EXC,98%,OK
???,525 ??,KTM,525 XC,98%,OK
???,530 ???,KTM,530 EXC,98%,OK
???,530 ??? ?,KTM,530 EXC-R,98%,OK
???,600,KTM,600,95%,OK
???,620 ?? 4,KTM,620 LC4,98%,OK
???,625 ???,KTM,625 SXC,98%,OK
???,640 ??? 2,KTM,640 Duke II,98%,OK
???,640 ?? 4,KTM,640 LC4,98%,OK
???,690 ????,KTM,690 Duke,98%,OK
???,690 ??? ?,KTM,690 Duke R,98%,OK
???,690 ?????? ?,KTM,690 Enduro R,98%,OK
???,690 ??4,KTM,690 LC4,98%,OK
???,690 ??,KTM,690 SM,98%,OK
???,690 ??? ?,KTM,690 SMC R,98%,OK
???,790 ????????,KTM,790 Adventure,98%,OK
???,790 ???????? ?,KTM,790 Adventure R,98%,OK
???,790 ???,KTM,790 Duke,98%,OK
???,790 ??? ?,KTM,790 Duke L,98%,OK
???,890 ???????? ?,KTM,890 Adventure R,98%,OK
???,890 ????????,KTM,890 Adventure,98%,OK
???,890 ???,KTM,890 Duke,98%,OK
???,890 ??? ?,KTM,890 Duke R,98%,OK
???,890 ?? ?,KTM,890 SMT,98%,OK
???,950 ????????,KTM,950 Adventure,98%,OK
???,950 ?????????,KTM,950 Supermoto,98%,OK
???,990 ????????,KTM,990 Adventure,98%,OK
???,990 ???,KTM,990 Duke,98%,OK
???,990 ?? ?,KTM,990 RC R,98%,OK
???,990 ????????,KTM,990 Super Duke,98%,OK
???,990 ?????????,KTM,990 Supermoto,98%,OK
???,990 ????????? ?,KTM,990 Supermoto T,98%,OK
???,?? 50,KTM,Go 50,95%,OK
???,?? 400 ??,KTM,GS 400 RA,95%,OK
???,?? 620 ??,KTM,GS 620 RA,95%,OK
???,??? 2,KTM,Duke II,98%,OK
???,?? 350 ?? 4,KTM,ER 350 LC4,95%,OK
???,??? ???,KTM,EXC TPI,98%,OK
???,??? ? ????????,KTM,EXC-F Six Days,98%,OK
???,?? 4 625 ???,KTM,LC4 625 SXC,98%,OK
???,?? 8 ???,KTM,LC8 EFI,98%,OK
???,?? 125,KTM,RC 125,98%,OK
???,?? 390,KTM,RC 390,98%,OK
???,???????? 250 ?,KTM,Freeride 250 F,98%,OK
???,? ??? ?? ??,KTM,X-Bow GT-XR,98%,OK
?????????,300 ??,QUADZILLA,300 LB,95%,OK
?????????,320? 4?4 ???,QUADZILLA,320e 4x4 SUV,95%,OK
?????,???? 400,QUADDY,Cody 400,90%,OK
??????,3,QUADRO,3,98%,OK
??????,4,QUADRO,4,98%,OK
??????,??3,QUADRO,QV3,98%,OK
??????,??4,QUADRO,QV4,98%,OK
??????,?????,QUADRO,Qooder,98%,OK
???????,??? 70,QUALITY,OPL 70,80%,OK
????,??15000,KUBA,GL15000,95%,OK
????,??35000,KUBA,GL35000,95%,OK
????,????08,KUBA,Gree08,95%,OK
????,???????? ?????,KUBA,Eko Pikap Ultra,95%,OK
????,?????????,KUBA,Ekorider,95%,OK
????,???? ?????,KUBA,Light Cargo,95%,OK
????,??????? 2000?,KUBA,My Force 2000N,95%,OK
????,??????? 4000?,KUBA,My Force 4000E,95%,OK
????? ?????,????3 10,CUBAS SEGRE,SMTP3 10,95%,OK
???????,??50,KUVETLI,SK50,95%,OK
???????,??? 40,KUVETLI,SKS 40,95%,OK
???????,???76?,KUVETLI,SKS76A,95%,OK
??????,? 92,QJIANG,B 92,90%,OK
????,8760,KUYL,8760,85%,OK
??????,???,KUIPER,PLC,90%,OK
?????,?????,CUPRA,Ateca,99%,OK
?????,????,CUPRA,Born,99%,OK
?????,????,CUPRA,Leon,99%,OK
?????,???? ? ??????150,CUPRA,Leon e-Hybrid,98%,OK
?????,???? ??,CUPRA,Leon Sportstourer,95%,OK
?????,????????,CUPRA,Tavascan,99%,OK
?????,???????,CUPRA,Terramar,99%,OK
?????,??????? ? ??????,CUPRA,Terramar e-Hybrid,98%,OK
?????,?????????,CUPRA,Formentor,99%,OK
?????,????????? ?? ? ??????,CUPRA,Formentor VZ e-Hybrid,98%,OK
?????,????????? ? ??????,CUPRA,Formentor e-Hybrid,98%,OK
????????,????01,KUSTAFER,Kutr01,90%,OK
????????,????1,KUSTAFER,Kutr1,90%,OK
????????,????2,KUSTAFER,Kutr2,90%,OK
?????,?? 2000,KUFER,AT 2000,90%,OK
?????,??? 600,KUFER,ZKK 600,90%,OK
?????,?????,KUFER,Kufer,80%,OK
????? ??,??? ?,KUFER,Anh F,85%,OK
????? ??,?????,KUFER,Kufer,80%,OK
?? ??? ???,2000,KH ANHÄNGERBAU,2000,90%,OK
??????,??? 18,KÖGEL,AVE 18,98%,OK
??????,?? 18,KÖGEL,AN 18,98%,OK
??????,?? 18,KÖGEL,ZV 18,98%,OK
??????,??18 22 5,KÖGEL,ZV 18,95%,OK
??????,?? 18,KÖGEL,ZK 18,98%,OK
??????,???? 40 ????????,KÖGEL,Port 40 Simplex,98%,OK
??????,???? 40 ???????? 20,KÖGEL,Port 40 Simplex,95%,OK
??????,???? 45 ???????,KÖGEL,Port 45 Duplex,98%,OK
??????,???? 45 ????????,KÖGEL,Port 45 Simplex,98%,OK
??????,? 24,KÖGEL,S 24,98%,OK
??????,?? 24,KÖGEL,SV 24,98%,OK
??????,??? 24,KÖGEL,SVA 24,98%,OK
??????,??? 24,KÖGEL,SVT 24,98%,OK
??????,?? 18,KÖGEL,SK 18,98%,OK
??????,??? 18 40,KÖGEL,SKM 18,95%,OK
??????,???24,KÖGEL,SKM 24,98%,OK
??????,???24,KÖGEL,SKH 24,98%,OK
??????,??? 18 ?,KÖGEL,SLK 18 P,98%,OK
??????,?? 24,KÖGEL,SN 24,98%,OK
??????,??? 024,KÖGEL,SNC 24,98%,OK
??????,???09,KOEGEL,SNC 09,90%,OK
??????,???? 24,KOEGEL,SNCO 24,90%,OK
??????,???? 24 ?,KOEGEL,SNCO 24 P,90%,OK
??????,???? 24 ? 90,KOEGEL,SNCO 24 P 90,90%,OK
??????,???? 24,KOEGEL,SNCC 24,90%,OK
??????,???? 24,KOEGEL,SPKH 24,90%,OK
??????,?? 24,KOEGEL,SF 24,90%,OK
??????,????????,KOEGEL,Triplex,90%,OK
??????,1300,KOEPER,1300,85%,OK
??????,2000,KOEPER,2000,85%,OK
???????,??? 75,KOESTER,MOT 75,85%,OK
? ????,?????,L-CITY,Koffer,90%,OK
? ????,????? ?,L-CITY,Koffer S,90%,OK
?.?.?,??,LMP,Yak,OK,NEEDS_REVIEW
?? ??????,????,LA SOURIS,Alfa,95%,OK
?? ??????,?????????,LA SOURIS,Vespelini,95%,OK
?? ??????,???????,LA SOURIS,Designo,95%,OK
?? ??????,????,LA SOURIS,City,95%,OK
?? ??????,???????,LA SOURIS,Sourini,95%,OK
?? ??????,??????? ?? ???????,LA SOURIS,Sourini RS Limited,95%,OK
?? ??????,??????? ?,LA SOURIS,Sourini S,95%,OK
?? ??????,?????? ?????,LA SOURIS,Trendy Retro,95%,OK
?? ??????,?????? ?????,LA SOURIS,Futuro Retro,95%,OK
?? ??????,???? ?,LA STRADA,Nova M,95%,OK
???,???????,LAW,Limburg,80%,OK
??????,?? 2500,LAVETA,RX 2500,OK,NEEDS_REVIEW
???,0 3 34 ?,LAG,O 3 34 P,90%,OK
???,0 3 39 ???,LAG,O 3 39 KAL,90%,OK
???,0 3 39 ?,LAG,O 3 39 T,90%,OK
???,03 ??,LAG,O3 ST,90%,OK
???,03 ??,LAG,O3 CC,90%,OK
???,03 ?? ?7,LAG,O3 CC A7,90%,OK
???,0339??,LAG,O339FR,90%,OK
???,? 2 20,LAG,A 2 20,90%,OK
???,??? 18 ?,LAG,AMM 18 S,90%,OK
???,??? 24,LAG,GSA 24,90%,OK
???,? 3 ?? 50,LAG,O 3 GT 50,90%,OK
???,?-3-??,LAG,O-3-ST,90%,OK
???,?3 ?? ? 7,LAG,O3 CC A7,90%,OK
?????????,???? 40,LANGENDORF,SATU 40,95%,OK
?????????,??? ?? 24 32,LANGENDORF,SKS-HS 24 32,95%,OK
????,1117,LADA,1117,99%,OK
????,1118,LADA,1118,99%,OK
????,1119,LADA,1119,99%,OK
????,2121,LADA,2121,99%,OK
????,212140,LADA,212140,99%,OK
????,2192,LADA,2192,99%,OK
????,2194,LADA,2194,99%,OK
????,4?4 ??????,LADA,4x4 Bronto,99%,OK
????,4?4 ?????,LADA,4x4 Urban,99%,OK
????,?????,LADA,Vesta,99%,OK
????,??????,LADA,Granta,99%,OK
????,???? 4?4,LADA,4x4,99%,OK
????,????,LADA,Niva,99%,OK
????,???? 212140 ?,LADA,Niva 212140,95%,OK
????,???? 4?4,LADA,Niva 4x4,99%,OK
????,???? ?????? 4?4,LADA,Niva Legend,99%,OK
????,?????? 21230,LADA,Niva Travel,95%,OK
????? ??,?003,LADEA EV,A003,80%,OK
????? ??,?009,LADEA EV,A009,80%,OK
?????,? 1550,LADOG,T 1550,95%,OK
?????,?1700,LADOG,T 1700,95%,OK
?????,?????? 2,LAIKA,Ecovip 2,95%,OK
?????,?????? 600,LAIKA,Ecovip 600,95%,OK
?????,?????? 645,LAIKA,Ecovip 645,95%,OK
?????,?????? 709,LAIKA,Ecovip 709,95%,OK
?????,?????? ?3019,LAIKA,Ecovip L3019,95%,OK
?????,?????? ?4009,LAIKA,Ecovip L4009,95%,OK
?????,?????? ?4012??,LAIKA,Ecovip L4012 DS,95%,OK
?????,?????? ?3109,LAIKA,Ecovip H3109,95%,OK
?????,?????? ?4109,LAIKA,Ecovip H4109,95%,OK
?????,????? 209 ???????,LAIKA,Kosmo 209 Emblema,95%,OK
?????,????? 3002,LAIKA,Kreos 3002,95%,OK
?????,????? 3010,LAIKA,Kreos 3010,95%,OK
?????,????? 4009,LAIKA,Kreos 4009,95%,OK
?????,? 39,LAIKA,P 39,90%,OK
?????,? 52,LAIKA,T 52,90%,OK
?????,? 595?,LAIKA,X 595R,90%,OK
?????,? 696 ?,LAIKA,X 696 R,90%,OK
?????,? 700,LAIKA,X 700,90%,OK
?????,?694,LAIKA,X 694,90%,OK
????,???230,LAKO,SDT 230,90%,OK
????????,94??33,LAMBERET,94LK33,95%,OK
????????,???? 3,LAMBERET,LVFS 3,95%,OK
????????,???? 3 ?,LAMBERET,LVFS 3 F,95%,OK
????????,????3?4?,LAMBERET,LVFS3F4R,95%,OK
????????,?????????,LAMBERET,Semifrigo,95%,OK
????????,?? 2,LAMBERET,SR 2,95%,OK
???????????,140 ???????,LAMBORGHINI,Gallardo,95%,OK
???????????,?????????,LAMBORGHINI,Aventador,99%,OK
???????????,???????,LAMBORGHINI,Gallardo,99%,OK
???????????,??????,LAMBORGHINI,Diablo,99%,OK
???????????,????????,LAMBORGHINI,Revuelto,99%,OK
???????????,?????????,LAMBORGHINI,Temerario,99%,OK
???????????,????,LAMBORGHINI,Urus,99%,OK
???????????,???????,LAMBORGHINI,Huracan,99%,OK
????????,125?,LAMBRETTA,125 N,95%,OK
????????,?125 ??????? ?????,LAMBRETTA,V125 Special Flex,95%,OK
??????????,?????? 30 34,LANGENDORF,SATBUE 30 34,95%,OK
??????????,???? 40,LANGENDORF,SATU 40,95%,OK
??????????,??? 18 26,LANGENDORF,SKA 18 26,95%,OK
??????????,??? 24 27,LANGENDORF,SKA 24 27,95%,OK
??????????,??? 24 29,LANGENDORF,SKA 24 29,95%,OK
??????????,??? 24 30,LANGENDORF,SKA 24 30,95%,OK
??????????,??? ?? 24 28,LANGENDORF,SKS-HS 24 28,95%,OK
??????????,??? ?? 24 32,LANGENDORF,SKS-HS 24 32,95%,OK
??????????,??????????,LANGENDORF,Floatliner,95%,OK
????????,???24?8700,LANGFELD,LPA 24 L 8700,90%,OK
???? ?????,???? ?????,LAND ROVER,Land Rover,90%,OK
??????,401 ?,LANDER,401 A,90%,OK
??????,???????? 474,LANDER,Graziella 474,95%,OK
???? ?????,?? 18,LANZ MARTI,EU 18,90%,OK
??????,????,LANCIA,Beta,99%,OK
??????,???????,LANCIA,Voyager,99%,OK
??????,?????,LANCIA,Delta,99%,OK
??????,? 10,LANCIA,Y10,99%,OK
??????,?????????,LANCIA,Delta Integrale,95%,OK
??????,???????,LANCIA,Ypsilon,99%,OK
??????,??????? 1.3 ?,LANCIA,Ypsilon,95%,OK
??????,????,LANCIA,Kappa,99%,OK
??????,?????,LANCIA,Lybra,99%,OK
??????,????,LANCIA,Musa,99%,OK
??????,????? 2.0 ?? 20 ?,LANCIA,Thesis,95%,OK
??????,????? 2.4 20 ?,LANCIA,Thesis,95%,OK
??????,????,LANCIA,Thema,99%,OK
??????,?????,LANCIA,Thesis,99%,OK
??????,?,LANCIA,Y,95%,OK
??????,?????,LANCIA,Phedra,99%,OK
??????,??????,LANCIA,Flavia,99%,OK
??????,??????,LANCIA,Fulvia,99%,OK
???????,? 2?,LARINOA,R 2E,80%,OK
??????,??????,LASALLE,Phaeton,90%,OK
?????,?? 500?,LASKI,VD 500P,95%,OK
?????,?? 160 ?,LASKI,LS 160 P,95%,OK
?????,?? 160 ??,LASKI,LS 160 PB,95%,OK
?????,?? 160 ???,LASKI,LS 160 PPB,95%,OK
?????? ????????,750,LASTNA IZDELAVA,750,85%,OK
???,??? 3500 ??,LAU,ATX 3500 TB,80%,OK
??? ??????,??? 3000 ??,LAU PEITZ,ATX 3000 TB,80%,OK
????????,???????,LAFUENTE,Cazorla,95%,OK
??????,??06????,LVNENG,LH06 Max,95%,OK
??????,??4,LVNENG,LH4,95%,OK
???,400 ??????,LDV,Convoy 400,95%,OK
???,??????,LDV,Convoy,95%,OK
???,??????,LDV,Maxus,95%,OK
???,? 1 ? ? 37,LDS,N 1 P A 37,80%,OK
???,??? 33,LDS,NPA 33,80%,OK
?????,??40????,LOEWEN,LK40LPSH,80%,OK
??????,?? 34,LEGRAS,DV 34,95%,OK
??????,?? 34,LEGRAS,DV 34,95%,OK
??????,???2220,LEGRAS,SBS 2220,95%,OK
??????,??3?,LEGRAS,SR3M,95%,OK
???????,? 1 1,LEIBING,R 1 1,85%,OK
???????,?????? ??6 ?? ????,LEYLAND,Triumph TR6,90%,OK
????????,??????? 125,LEXMOTO,Arizona 125,95%,OK
????????,????? 125 ??,LEXMOTO,Venom 125,95%,OK
????????,?????? 125,LEXMOTO,Diablo 125,95%,OK
????????,??? 50 ?4,LEXMOTO,Echo 50,95%,OK
????????,??? 125 ??? ??,LEXMOTO,ZSB 125,95%,OK
????????,??? 125 ?? 125 10,LEXMOTO,LXR 125,95%,OK
????????,??? 125,LEXMOTO,LXS 125,95%,OK
????????,??????? 125,LEXMOTO,Michigan 125,95%,OK
??????,?? 300,LEXUS,GS 300,99%,OK
??????,?? 300 ?,LEXUS,GS 300h,99%,OK
??????,?? 350,LEXUS,GS 350,99%,OK
??????,?? 430,LEXUS,GS 430,99%,OK
??????,?? 450 ?,LEXUS,GS 450h,99%,OK
??????,?? 460,LEXUS,GS 460,99%,OK
??????,?? ?,LEXUS,GS F,99%,OK
??????,?? 460,LEXUS,GX 460,99%,OK
??????,?? 470,LEXUS,GX 470,99%,OK
??????,??550,LEXUS,GX 550,99%,OK
??????,?? 300,LEXUS,ES 300,99%,OK
??????,?? 350,LEXUS,ES 350,99%,OK
??????,??300?,LEXUS,ES 300h,99%,OK
??????,?? 200,LEXUS,IS 200,99%,OK
??????,?? 200 ?,LEXUS,IS 200t,99%,OK
??????,?? 220 ?,LEXUS,IS 220d,99%,OK
??????,?? 250,LEXUS,IS 250,99%,OK
??????,?? 250 ?,LEXUS,IS 250C,99%,OK
??????,?? 300,LEXUS,IS 300,99%,OK
??????,?? 300 ?,LEXUS,IS 300h,99%,OK
??????,?? 350,LEXUS,IS 350,99%,OK
??????,?? ?,LEXUS,IS F,99%,OK
??????,???,LEXUS,LBX,99%,OK
??????,??350?,LEXUS,LM 350h,99%,OK
??????,?? 400,LEXUS,LS 400,99%,OK
??????,?? 430,LEXUS,LS 430,99%,OK
??????,?? 460,LEXUS,LS 460,99%,OK
??????,?? 600 ?,LEXUS,LS 600h,99%,OK
??????,?? 600 ??,LEXUS,LS 600h L,99%,OK
??????,??500,LEXUS,LS 500,99%,OK
??????,??500?,LEXUS,LS 500h,99%,OK
??????,?? 450,LEXUS,LX 450,99%,OK
??????,?? 470,LEXUS,LX 470,99%,OK
??????,?? 570,LEXUS,LX 570,99%,OK
??????,??600,LEXUS,LX 600,99%,OK
??????,??500,LEXUS,LC 500,99%,OK
??????,??500?,LEXUS,LC 500h,99%,OK
??????,?? 200,LEXUS,NX 200,99%,OK
??????,?? 200?,LEXUS,NX 200t,98%,OK
??????,?? 250,LEXUS,NX 250,98%,OK
??????,?? 300,LEXUS,NX 300,98%,OK
??????,?? 300 ?,LEXUS,NX 300h,98%,OK
??????,?? 350,LEXUS,NX 350,98%,OK
??????,?? 350 ???,LEXUS,NX 350,95%,OK
??????,?? 350 ? ???,LEXUS,NX 350h,95%,OK
??????,??350?,LEXUS,NX 350h,98%,OK
??????,??450?,LEXUS,NX 450h,98%,OK
??????,??450? ????,LEXUS,NX 450h+,95%,OK
??????,??350?,LEXUS,RZ 350e,98%,OK
??????,??450?,LEXUS,RZ 450e,98%,OK
??????,??500?,LEXUS,RZ 500e,95%,OK
??????,??550?,LEXUS,RZ 550e,95%,OK
??????,?? 300,LEXUS,RX 300,98%,OK
??????,?? 330,LEXUS,RX 330,98%,OK
??????,?? 350,LEXUS,RX 350,98%,OK
??????,?? 350 ???,LEXUS,RX 350,95%,OK
??????,?? 400,LEXUS,RX 400,95%,OK
??????,?? 400 ?,LEXUS,RX 400h,98%,OK
??????,?? 450 ?,LEXUS,RX 450h,98%,OK
??????,??350,LEXUS,RX 350,98%,OK
??????,??350?,LEXUS,RX 350h,98%,OK
??????,??450? ????,LEXUS,RX 450h+,95%,OK
??????,??450??,LEXUS,RX 450hL,98%,OK
??????,??500?,LEXUS,RX 500h,98%,OK
??????,?? 350,LEXUS,RC 350,98%,OK
??????,??300,LEXUS,RC 300,98%,OK
??????,?? 200 ?,LEXUS,CT 200h,95%,OK
??????,?? 430,LEXUS,SC 430,98%,OK
??????,?? 350,LEXUS,TX 350,98%,OK
??????,?? 500 ?,LEXUS,TX 500h,98%,OK
??????,?? 200,LEXUS,UX 200,98%,OK
??????,??250?,LEXUS,UX 250h,98%,OK
??????,??300?,LEXUS,UX 300e,98%,OK
??????,??300?,LEXUS,UX 300h,98%,OK
??????,?? 250 ?,LEXUS,HS 250h,98%,OK
??????,?? 200 ?,LEXUS,CT 200h,98%,OK
???????,?? 310 ? 44 ?,LENARTS,BB 310 T 44 T,OK,NEEDS_REVIEW
???? ?????,109,LAND ROVER,109,90%,OK
???? ?????,110,LAND ROVER,110,90%,OK
???? ?????,88,LAND ROVER,88,90%,OK
???? ?????,90,LAND ROVER,90,90%,OK
???? ?????,??????,SUZUKI,Vitara,OK,NEEDS_REVIEW
???? ?????,???????? 110 ?????,LAND ROVER,Defender 110,95%,OK
???? ?????,???????? 110 ??????? ?????,LAND ROVER,Defender 110,95%,OK
???? ?????,???????? 90 ?????,LAND ROVER,Defender 90,95%,OK
???? ?????,???????? 90 ???? ???,LAND ROVER,Defender 90,95%,OK
???? ?????,?????????,LAND ROVER,Discovery,98%,OK
???? ?????,????????? ?????,LAND ROVER,Discovery Sport,98%,OK
???? ?????,????????,LAND ROVER,Defender,98%,OK
???? ?????,?,LAND ROVER,L,OK,NEEDS_REVIEW
???? ?????,???? ????? ????????,LAND ROVER,Defender,98%,OK
???? ?????,???? ????? ???????? 110,LAND ROVER,Defender 110,98%,OK
???? ?????,???? ????? ???????? 130,LAND ROVER,Defender 130,98%,OK
???? ?????,???? ????? ???????? 90 2.5,LAND ROVER,Defender 90,95%,OK
???? ?????,???? ????? ????????? 3,LAND ROVER,Discovery 3,98%,OK
???? ?????,???? ????? ????????? 2.5 ? ??,LAND ROVER,Discovery,95%,OK
???? ?????,???? ????? ????????? 4,LAND ROVER,Discovery 4,98%,OK
???? ?????,???? ????? ????????? ?????,LAND ROVER,Discovery Sport,98%,OK
???? ?????,???? ????? ????????? ?? ? 6 ?? ??,LAND ROVER,Discovery,90%,OK
???? ?????,???? ????? ??2 ??,LAND ROVER,LR2,95%,OK
???? ?????,???? ????? ?????? ?????,LAND ROVER,Range Rover,98%,OK
???? ?????,???? ????? ?????? ????? ??,LAND ROVER,Range Rover,95%,OK
???? ?????,???? ????? ?????? ?????? ?????,LAND ROVER,Range Rover Velar,98%,OK
???? ?????,???? ????? ?????????,LAND ROVER,Freelander,98%,OK
???? ?????,???? ????? ????????? 1.8,LAND ROVER,Freelander,95%,OK
???? ?????,???? ????? ????????? 2,LAND ROVER,Freelander 2,98%,OK
???? ?????,???? ????? ????????? 2.0 ?,LAND ROVER,Freelander,95%,OK
???? ?????,???? ????? ????????? 2-2.2 ??,LAND ROVER,Freelander 2,95%,OK
???? ?????,??3 4??,LAND ROVER,LR3,95%,OK
???? ?????,??4,LAND ROVER,LR4,98%,OK
???? ?????,?????? ?????,LAND ROVER,Range Rover,98%,OK
???? ?????,?????? ????? ?????,LAND ROVER,Range Rover Velar,98%,OK
???? ?????,?????? ????? ?????,LAND ROVER,Range Rover Evoque,98%,OK
???? ?????,?????? ????? ?????,LAND ROVER,Range Rover Sport,98%,OK
???? ?????,?????? ????? ????? ???,LAND ROVER,Range Rover Sport,95%,OK
???? ?????,?????? ?????? ????? 2.7 ??? 6,LAND ROVER,Range Rover Sport,95%,OK
???? ?????,????? ????? ???????????,LAND ROVER,Range Rover,90%,OK
???? ?????,????? 3,LAND ROVER,Series III,95%,OK
???????,? 20 ? 2,LENHARDT,W 20 R 2,OK,NEEDS_REVIEW
???????,??? 1024 ?,LENHARDT,SKG 1024 L,OK,NEEDS_REVIEW
???????,??? 14 18?,LENHARDT,SKM 14 18L,OK,NEEDS_REVIEW
????,3 ? 20,LECITRAILER,3.00E+20,80%,OK
???? ???????,????????,LECITRAILER,Garvives,OK,NEEDS_REVIEW
??????,1,LEHNEN,1,OK,NEEDS_REVIEW
???????????,3 ? 19 ?? 0 ?,LECITRAILER,3.00E+19,85%,OK
???????????,3 ? 20,LECITRAILER,3.00E+20,90%,OK
???????????,3?20???0?,LECITRAILER,3.00E+20,85%,OK
???????????,??? ??? ??? ? ????,LECITRAILER,LTP Gen,OK,NEEDS_REVIEW
???????????,???? 3 ?,LECITRAILER,LTFR 3E,85%,OK
???????????,?2?,LECITRAILER,P2C,80%,OK
???????????,?? 3 ?,LECITRAILER,SR 3E,85%,OK
???????,40??,LIBERTY,40TD,OK,NEEDS_REVIEW
???????,? 3501,LIBERTY,B 3501,OK,NEEDS_REVIEW
???????,??????? 510,LIBERTY,Welcome 510,OK,NEEDS_REVIEW
??????,??? 1025,LIEBHERR,LTM 1025,98%,OK
??????,??? 1030 2.1,LIEBHERR,LTM 1030-2.1,98%,OK
??????,??? 1040 2.1,LIEBHERR,LTM 1040-2.1,98%,OK
??????,??? 1050,LIEBHERR,LTM 1050,98%,OK
??????,??? 1055 1 ???73,LIEBHERR,LTM 1055,90%,OK
??????,??? 1055 3.1,LIEBHERR,LTM 1055-3.1,98%,OK
??????,??? 1055 3.2,LIEBHERR,LTM 1055-3.2,98%,OK
??????,??? 1060,LIEBHERR,LTM 1060,98%,OK
??????,??? 1070 4.2,LIEBHERR,LTM 1070-4.2,98%,OK
??????,??? 1090 4.1,LIEBHERR,LTM 1090-4.1,98%,OK
??????,??? 1120 4.1,LIEBHERR,LTM 1120-4.1,98%,OK
??????,??? 1130 5.1,LIEBHERR,LTM 1130-5.1,98%,OK
??????,??? 1150 6.1,LIEBHERR,LTM 1150-6.1,98%,OK
??????,??? 1220 5 2,LIEBHERR,LTM 1220-5.2,98%,OK
??????,??? 1230,LIEBHERR,LTM 1230,98%,OK
??????,??? 1500 8.1 ??? 680,LIEBHERR,LTM 1500-8.1,95%,OK
??????,???1250 6.1,LIEBHERR,LTM 1250-6.1,98%,OK
??????,??? 480,LIEBHERR,UMK 480,90%,OK
??????,??? 520,LIEBHERR,UTM 520,90%,OK
??????,??? 730,LIEBHERR,UTM 730,90%,OK
??????,??? 735,LIEBHERR,UTM 735,90%,OK
??????,??? 760,LIEBHERR,UTM 760,90%,OK
?????,1?1,LIDER,1L1,85%,OK
?????,1?2,LIDER,1L2,85%,OK
?????,2500,LIDER,2500,85%,OK
?????,2?1,LIDER,2L1,85%,OK
?????,2?2,LIDER,2L2,85%,OK
?????,???,LIDER,SAS,80%,OK
????? ??????,???3?,LIDER LOWBED,LDR3A,85%,OK
????? ??????,???3?,LIDER LOWBED,LDR3I,85%,OK
????? ??????,???3?,LIDER LOWBED,LDR3L,85%,OK
????? ??????,???3?,LIDER LOWBED,LDR3T,85%,OK
????? ??????,???4?,LIDER LOWBED,LDR4A,85%,OK
???,?????,LYE,Grace,OK,NEEDS_REVIEW
?????,???,LIEBSCH,ZSB,OK,NEEDS_REVIEW
??????,???,LIGIER,Dué,95%,OK
??????,??50,LIGIER,JS50,98%,OK
??????,???? 3,LIGIER,Pulse 3,95%,OK
?????????,?10,LEAPMOTOR,B10,98%,OK
?????????,?03,LEAPMOTOR,T03,98%,OK
?????????,?10,LEAPMOTOR,C10,98%,OK
????,???1,LIKE,JSK1,OK,NEEDS_REVIEW
????,???????,LIMA,Lighting,90%,OK
????,????,LIMA,Mika,90%,OK
????,???,LIMA,Mio,90%,OK
????,??? ? ?????4,LIMA,RDB L Class 4,80%,OK
????,??? ???? ?????4,LIMA,RDB Max Class 4,80%,OK
????,??? ????,LIMA,RDB Mini,85%,OK
????,??? ? ????4,LIMA,RDB X Class 4,80%,OK
????,??? ?? ????4,LIMA,RDB XL Class 4,80%,OK
???????,2000,LIMBURG,2000,80%,OK
???????,??203015,LIMBURG,KG203015,80%,OK
?????????,2000 ? 10400187,LIMBURGER,2000 T,OK,NEEDS_REVIEW
??? ???,??,LINHAI,AB,85%,OK
??? ???,???,LINHAI,ATV,80%,OK
??? ???,???,LINHAI,ATH,80%,OK
??? ???,??? ???,LINHAI,Buck ADV,90%,OK
??? ???,???????? 550,LINHAI,Landforce 550,95%,OK
??? ???,???????? 650,LINHAI,Landforce 650,95%,OK
??? ???,?????? 150 ???,LINHAI,150 ADV,90%,OK
??? ???,??80??,LINHAI,LH80DU,90%,OK
??? ???,????? ???,LINHAI,Power MGC,80%,OK
??? ???,??,LINHAI,SZ,80%,OK
??? ???,? ??? 650,LINHAI,T-Boss 650,95%,OK
???? ????,?6,LINGYUAN,S6,80%,OK
???????,???? 50,LINGLAN,Mini 50,80%,OK
??????? ? ?,?? 176 ?????,LINDANA,TP 176 Mobil,90%,OK
????????,2000,LINDEMANN,2000,OK,NEEDS_REVIEW
?????? ?????,??? 38 ???,LINDER & FISCHER,TSA 38 LTD,90%,OK
???????,??????? 82?,LINDNER,Unitrac 82S,95%,OK
??????,??? ?3,LINZDA,LZD M3,90%,OK
???? ? ??,1,LYNK & CO,1,98%,OK
???? ? ??,2,LYNK & CO,2,98%,OK
???? ? ??,8,LYNK & CO,8,98%,OK
???? ? ??,??6,LYNK & CO,GH6,OK,NEEDS_REVIEW
???????,???????,LINCOLN,Aviator,98%,OK
???????,???????????,LINCOLN,Continental,98%,OK
???????,???????,LINCOLN,Corsair,98%,OK
???????,???? ??,LINCOLN,Mark LT,98%,OK
???????,???,LINCOLN,MKZ,98%,OK
???????,???,LINCOLN,MKS,98%,OK
???????,???,LINCOLN,MKT,98%,OK
???????,???,LINCOLN,MKX,98%,OK
???????,???,LINCOLN,MKC,98%,OK
???????,?????????,LINCOLN,Navigator,98%,OK
???????,????????,LINCOLN,Nautilus,98%,OK
???????,???????,LINCOLN,Town Car,98%,OK
???????,?????,LINKTOUR,Alumi,90%,OK
???????,????? ????,LINKTOUR,Alumi Elite,90%,OK
???????,??50?? 29?,LINTEX,HT50QT-29A,95%,OK
??????,??? 122,LINTON,GHL 122,OK,NEEDS_REVIEW
???????????,4 ???? 18 36,LINTRAILERS,4 LSDU 18 36,90%,OK
?????,?4,LIFAN,E4,95%,OK
?????,?? 125 29,LIFAN,LF125-29,95%,OK
?????,?? 125 ? -26,LIFAN,LF125T-26,95%,OK
?????,?? 250 4,LIFAN,LF250-4,95%,OK
?????,?? 250 ?? 5,LIFAN,LF250ST-5,95%,OK
?????,?? 50 ?? 26,LIFAN,LF50QT-26,95%,OK
?????,?? 50 ?? 26 ?,LIFAN,LF50QT-26A,95%,OK
??????,??????? 350,LIFENG,Daytona 350,90%,OK
????????,? 336,LIFTLUX,L 336,90%,OK
???????,??1800,LITZAKIS,TR1800,OK,NEEDS_REVIEW
????,?01,LICHI,A01,80%,OK
???,??2000,LMI,IM2000,OK,NEEDS_REVIEW
???,125 4? 21?,LML,Star 125,85%,OK
???,???? ?????? 125,LML,Star Deluxe 125,90%,OK
???,1300,LMC,1300,85%,OK
???,365,LMC,365,85%,OK
???,395?,LMC,395 K,85%,OK
???,430 ?,LMC,430 P,85%,OK
???,450 ?,LMC,450 K,85%,OK
???,470,LMC,470,85%,OK
???,480 ??,LMC,480 RD,85%,OK
???,490 ?,LMC,490 K,85%,OK
???,490 ?,LMC,490 P,85%,OK
???,495 ?,LMC,495 E,85%,OK
???,500 ??,LMC,500 RD,85%,OK
???,520,LMC,520,85%,OK
???,530 ?,LMC,530 K,85%,OK
???,555 ?1,LMC,555 K1,85%,OK
???,560 ?,LMC,560 K,85%,OK
???,560 ?1,LMC,560 K1,85%,OK
???,560 ???,LMC,560 MDK,85%,OK
???,560 ?,LMC,560 P,85%,OK
???,591?11,LMC,591B11,80%,OK
???,640,LMC,640,85%,OK
???,655 ??? ???,LMC,655 VIP Exquisit,80%,OK
???,660,LMC,660,85%,OK
???,700,LMC,700,85%,OK
???,720 ???,LMC,720 RDK,85%,OK
???,?690,LMC,Liberty A690,85%,OK
???,????? ?? 495 ?????,LMC,Geist AK 495 Aktiv,85%,OK
???,???????? 570 ???,LMC,Dominant 570 MSD,85%,OK
???,???????? 560 ???,LMC,Exquisit 560 HTD,90%,OK
???,??3,LMC,EM3,80%,OK
???,???????,LMC,Liberty,90%,OK
???,??????? 618 ??,LMC,Liberty 618 TI,90%,OK
???,??????? 7305 ??,LMC,Liberty 7305 TI,90%,OK
???,??????? ? 671 ?,LMC,Liberty A 671 G,90%,OK
???,???? ????????? 560,LMC,Lord Ambassador 560,90%,OK
???,???? ??570 ???,LMC,Luxus 570 MDK,85%,OK
???,?????? 490,LMC,Luxus 490,90%,OK
???,??? ?????? 440?,LMC,Musica 440 D,85%,OK
???,??82,LMC,MC82,80%,OK
???,??????????? 545,LMC,Munsterland 545,90%,OK
???,??????????? ??????,LMC,Munsterland Europa,90%,OK
???,??????,LMC,Siesta,90%,OK
???,?672,LMC,T672,90%,OK
???,?660,LMC,H660,90%,OK
???,?09 1031,LMC,C09 1031,80%,OK
???,??? 510 ?,LMC,Cello 510 K,85%,OK
??? ???????,4653 ??? 3,LMC,4653 ECL 3,85%,OK
???,????? 4,LOL,Model 4,OK,NEEDS_REVIEW
???????,?????? 2 ??,LONGJIA,Versus 2TX,90%,OK
???????,?? 50 ?? ?,LONGJIA,LJ50QT-K,90%,OK
???????,?? 50 ?? ?,LONGJIA,LJ50QT-M,90%,OK
???????,??50?? 5,LONGJIA,LJ50QT-5,90%,OK
?????,??? 4,LONGO,ACL 4,OK,NEEDS_REVIEW
????????,???,LONGCHANG,ATV,80%,OK
??????,?? 300 ??,LONCIN,LX300ST,90%,OK
??????,?? 50 ? 5,LONCIN,LX50Q-5,90%,OK
???,???????,LOHR,Eurolohr,95%,OK
???,??????? 100 ?2,LOHR,Eurolohr 100 E2,95%,OK
???,??????? 200,LOHR,Eurolohr 200,95%,OK
???,??????? 21,LOHR,Eurolohr 21,95%,OK
???,??????? 300,LOHR,Eurolohr 300,95%,OK
???,???????? 1.21 ??,LOHR,Eurolohr 1.21 ST,95%,OK
???,?? 3,LOHR,TM 3,90%,OK
???,? 2 ????,LOHR,C 2 GKMH,85%,OK
???,? 2 ? 09 ?,LOHR,C 2 J 09 S,85%,OK
???,? 2 ? 29 ?,LOHR,C 2 H 29 S,85%,OK
???,? 2 ? 99 ?,LOHR,C 2 H 99 S,85%,OK
???,?2 ? 92 ?,LOHR,C2 H 92 S,85%,OK
???,?3 ? 59 ?,LOHR,C3 L 59 P,85%,OK
????,420,LMC,Lord 420,85%,OK
????,451 ?,LMC,Lord 451 P,85%,OK
???? ????????????,400,LMC,Munsterland 400,90%,OK
???? ????????????,420 ?,LMC,Munsterland 420 P,90%,OK
???? ????????????,430 ?,LMC,Munsterland 430 P,90%,OK
???? ????????????,450,LMC,Munsterland 450,90%,OK
???? ????????????,480 ?,LMC,Munsterland 480 P,90%,OK
???? ????????????,490 ?,LMC,Munsterland 490 P,90%,OK
???? ????????????,535 ?,LMC,Munsterland 535 F,90%,OK
???? ????????????,545 ?,LMC,Munsterland 545 K,90%,OK
???? ????????????,660 ?,LMC,Munsterland 660 P,90%,OK
???? ????????????,685 ?,LMC,Munsterland 685 F,90%,OK
???? ?????,??465?,LMC,MS465T,85%,OK
??????,? 112,LORRIES,S112,95%,OK
??????,?112,LORRIES,S112,95%,OK
??????,?212,LORRIES,S212,95%,OK
??????,?221,LORRIES,S221,95%,OK
??????,?222,LORRIES,S222,95%,OK
??????,?231,LORRIES,S231,95%,OK
??????,?232,LORRIES,S232,95%,OK
?????,?????? ?,LOTUS,Exige S,95%,OK
?????,??????,LOTUS,Eletre,95%,OK
?????,?????,LOTUS,Emeya,95%,OK
?????,?????,LOTUS,Emira,95%,OK
?????,??????,LOTUS,Esprit,95%,OK
??????,2000,LOUWEN,2000,OK,NEEDS_REVIEW
??????????,?? 23,LOADMASTER,AB 23,80%,OK
?????,???? ? 1600,LOUIS,Roca L 1600,OK,NEEDS_REVIEW
??,? 800,LR,L 800,OK,NEEDS_REVIEW
?? ??,450,LU LU,450,OK,NEEDS_REVIEW
????,???35,LUECK,SKF35,80%,OK
????,??6.0?,LUKI,HL6.0S,OK,NEEDS_REVIEW
?????????,????2,LUXERVAN,Lux2,80%,OK
??????,?? 49 ?? 9,LUXON,BT49QT-9,90%,OK
??????,???,LUXON,Eco,90%,OK
??????,?????,LUXON,Emily,90%,OK
??????,???????????,LUXON,Starfighter,90%,OK
??????,??2000,LUXON,HT2000,90%,OK
?????,390 ???????,LUNAR,Clubman 390,95%,OK
?????,400-2 ???????,LUNAR,Clubman 400-2,95%,OK
?????,460 ???????,LUNAR,Clubman 460,95%,OK
?????,475 2 ?? ???????,LUNAR,Clubman 475 2 EK,95%,OK
?????,475 2??,LUNAR,475 2CK,95%,OK
?????,475 ???????,LUNAR,Clubman 475,95%,OK
?????,475-2 ?? ???????,LUNAR,Clubman 475-2 CK,95%,OK
?????,495,LUNAR,495,95%,OK
?????,????? ??,LUNAR,Ariva GT,95%,OK
?????,?????,LUNAR,Venus,95%,OK
?????,????? 500 2,LUNAR,Delta 500 2,95%,OK
?????,????? 540 2,LUNAR,Delta 540 2,95%,OK
?????,??????,LUNAR,Eclipse,95%,OK
?????,?????,LUNAR,Zenith,95%,OK
?????,????? 6,LUNAR,Zenith 6,95%,OK
?????,??????????? ??,LUNAR,Inspiration FB,95%,OK
?????,?????? 464,LUNAR,Quasar 464,95%,OK
?????,???? 472,LUNAR,King 472,90%,OK
?????,???????,LUNAR,Clubman,95%,OK
?????,??????? 452,LUNAR,Clubman 452,95%,OK
?????,??????? 530-4,LUNAR,Clubman 530-4,95%,OK
?????,??????? ??,LUNAR,Clubman SI,95%,OK
?????,??????? ??,LUNAR,Clubman CK,95%,OK
?????,??????? 470 2,LUNAR,Clubman 470 2,95%,OK
?????,??????? 510 4,LUNAR,Clubman 510 4,95%,OK
?????,?????? 524,LUNAR,Cosmos 524,95%,OK
?????,?????? 615 6,LUNAR,Quasar 615 6,95%,OK
?????,?????? ?02 524,LUNAR,Quasar H02 524,95%,OK
?????,??????,LUNAR,Lexon,95%,OK
?????,?????? ??,LUNAR,Lexon EB,95%,OK
?????,?? 2000 524,LUNAR,LX 2000 524,90%,OK
?????,?????? ??????,LUNAR,Planet Jupiter,95%,OK
?????,??????? ????? 415,LUNAR,Premier Super 415,95%,OK
?????,??,LUNAR,SE,90%,OK
?????,????? 462,LUNAR,Solar 462,95%,OK
?????,????? 524,LUNAR,Solar 524,95%,OK
?????,??????,LUNAR,Stellar,95%,OK
?????,??????,LUNAR,Ultima,95%,OK
?????,???? 450,LUNAR,Chateau 450,95%,OK
?????,???? 470,LUNAR,Chateau 470,95%,OK
?????,???? 500,LUNAR,Chateau 500,95%,OK
?????,??? ????? ??????,LUCID,Air Grand Touring,98%,OK
?????,??? ???,LUCID,Air Pure,98%,OK
????,?,LUCHS,C,OK,NEEDS_REVIEW
??????,3 0554,LUBLIN,3,90%,OK
???,??? 34 3,LUECK,SKM 34 3,85%,OK
? 72,750,IMZ,M-72,90%,OK
? ? ?,???? 802,M&V,Euro 802,80%,OK
? ? ?,???? 902?,M&V,Euro 902K,80%,OK
? ? ?,????32,M&V,NPSA32,80%,OK
? ? ?,??2?21,M&V,NS2V21,80%,OK
? ? ?,????,M&V,Hans,80%,OK
??????,?? 0450,MAGARI,MB 0450,85%,OK
??????,? 0401 ?,MAGARI,N 0401 B,85%,OK
??????,?? 0600,MAGARI,NA 0600,85%,OK
??????,??0400,MAGARI,NA0400,85%,OK
????????? ??? ???,??500.01 01,HP,500.01,85%,OK
???????,???? ?? 135 ??,MAGIRUS-DEUTZ,FF 135 EV,95%,OK
??????,? 34 ?? 3,MAGYAR,S 34 BD 3,95%,OK
??????,?34??11?,MAGYAR,S34SD11A,95%,OK
??????,?38 ??1,MAGYAR,S38 BD1,95%,OK
??????,?39??1?,MAGYAR,S39BD1A,95%,OK
??????,???? 2160,MAGYAR,SMFF 2160,95%,OK
??????,?? 3 ???,MAGYAR,SR 3 MEF,95%,OK
??????,?? 34 ? 2,MAGYAR,SR 34 B 2,95%,OK
??????,?? 34 ???,MAGYAR,SR 34 EBL,95%,OK
??????,??34??,MAGYAR,SR34BT,95%,OK
??????,??34???,MAGYAR,SR34ESR,95%,OK
??????,??35??,MAGYAR,SR35BT,95%,OK
??????,??????,MAGYAR,SRMAGB,90%,OK
??????,??????,MAGYAR,SRMAGS,90%,OK
????????,??80070000,MADEMOTO,ES80070000,85%,OK
?????? ????,?? 3100 ??10 74 ??,MAGIC TILT,BV 3100 DB10 74 ST,90%,OK
?????? ????,?? 141250,MAGIC TILT,MT 141250,90%,OK
?????? ????,???? 1100,MAGIC TILT,PVCV 1100,90%,OK
?????,121,MAZDA,121,99%,OK
?????,2,MAZDA,2,99%,OK
?????,2 ?????,MAZDA,2 Sport,99%,OK
?????,2 ??????,MAZDA,2 Hybrid,99%,OK
?????,3,MAZDA,3,99%,OK
?????,3 ?????,MAZDA,3 Sport,99%,OK
?????,323,MAZDA,323,99%,OK
?????,323 ?,MAZDA,323F,99%,OK
?????,5,MAZDA,5,99%,OK
?????,6,MAZDA,6,99%,OK
?????,6 ?,MAZDA,6,95%,OK
?????,626,MAZDA,626,99%,OK
?????,6?,MAZDA,6e,95%,OK
?????,? 2500,MAZDA,B2500,99%,OK
?????,?? 50,MAZDA,BT-50,99%,OK
?????,?????,MAZDA,Demio,99%,OK
?????,? 2200,MAZDA,E2200,99%,OK
?????,?????? 6,MAZDA,Xedos 6,95%,OK
?????,?????2 ??????,MAZDA,Mazda2 Hybrid,95%,OK
?????,???,MAZDA,MPV,95%,OK
?????,?? 3,MAZDA,MX-3,95%,OK
?????,?? 5,MAZDA,MX-5,95%,OK
?????,?? 6,MAZDA,MX-6,95%,OK
?????,??30,MAZDA,MX-30,95%,OK
?????,???????,MAZDA,Premacy,95%,OK
?????,?? 7,MAZDA,RX-7,95%,OK
?????,?? 8,MAZDA,RX-8,95%,OK
?????,??????,MAZDA,Tribute,95%,OK
?????,?????? 2.0 ?,MAZDA,Tribute,95%,OK
?????,?? 3,MAZDA,CX-3,95%,OK
?????,?? 30,MAZDA,CX-30,95%,OK
?????,?? 5,MAZDA,CX-5,95%,OK
?????,?? 50,MAZDA,CX-50,95%,OK
?????,?? 7,MAZDA,CX-7,95%,OK
?????,?? 70,MAZDA,CX-70,95%,OK
?????,?? 80,MAZDA,CX-80,95%,OK
?????,?? 9,MAZDA,CX-9,95%,OK
?????,?? 90,MAZDA,CX-90,95%,OK
?????,??5 ???,MAZDA,CX-5,95%,OK
?????,??60,MAZDA,CX-60,95%,OK
????????,??117,MASERATI,AM117,90%,OK
????????,???????,MASERATI,Biturbo,95%,OK
????????,?????,MASERATI,Ghibli,95%,OK
????????,????? ?? ??????,MASERATI,Ghibli,95%,OK
????????,????? ?????? ? ??4,MASERATI,Ghibli,95%,OK
????????,????? ? ??4,MASERATI,Ghibli,95%,OK
????????,??????,MASERATI,Ghibli S,95%,OK
????????,???? ??????? ??????,MASERATI,GranTurismo,95%,OK
????????,???? ??????? ??,MASERATI,GranTurismo,95%,OK
????????,?????????? ?????,MASERATI,GranCabrio,95%,OK
????????,?????????? ??????,MASERATI,GranCabrio,95%,OK
????????,?????????? ???????,MASERATI,GranCabrio,95%,OK
????????,???????????,MASERATI,GranTurismo,95%,OK
????????,??????????? ?,MASERATI,GranTurismo,95%,OK
????????,??????????? ???????,MASERATI,GranTurismo,95%,OK
????????,??????????? ?????,MASERATI,GranTurismo,95%,OK
????????,??????????? ??????,MASERATI,GranTurismo,95%,OK
????????,???????,MASERATI,Grecale,95%,OK
????????,??????? ??,MASERATI,Grecale,95%,OK
????????,??????? ??????,MASERATI,Grecale,95%,OK
????????,??????? ??????,MASERATI,Grecale,95%,OK
????????,??????? ???????,MASERATI,Grecale,95%,OK
????????,?????? ?????,MASERATI,Ghibli,95%,OK
????????,???????????,MASERATI,Quattroporte,95%,OK
????????,??????????? ?????,MASERATI,Quattroporte,95%,OK
????????,??????????? ?,MASERATI,Quattroporte,95%,OK
????????,??????????? ? ?4,MASERATI,Quattroporte,95%,OK
????????,??????????? ????? ?? ?,MASERATI,Quattroporte,95%,OK
????????,???? ??,MASERATI,Coupe,95%,OK
????????,???? ???????????,MASERATI,Coupe,95%,OK
????????,???????,MASERATI,Levante,95%,OK
????????,??????? ?? ??????,MASERATI,Levante,95%,OK
????????,??????? ?????,MASERATI,Levante,95%,OK
????????,??????? ?????? ?,MASERATI,Levante,95%,OK
????????,??????? ?,MASERATI,Levante,95%,OK
????????,??????? ??????,MASERATI,Levante,95%,OK
????????,?? 20,MASERATI,MC20,95%,OK
????????,??20 ?????,MASERATI,MC20 Cielo,95%,OK
????????,??????? ???????????,MASERATI,Spyder,95%,OK
????,510,MAIER,510,OK,NEEDS_REVIEW
??????????,? 338 ??,MAISONNEUVE,S 338 VG,85%,OK
??????,57,MAYBACH,57,95%,OK
??????,62 ?,MAYBACH,62 S,95%,OK
?????,??2000,MEIER,AT2000,OK,NEEDS_REVIEW
?????,??3500 ???? ?,MEIER,WM3500,OK,NEEDS_REVIEW
?????????,??? 24,MEIERLING,MSK 24,85%,OK
?????????,???24,MEIERLING,MSM 24,85%,OK
??????,????? ?? ???,MEILLER,WM VKE,80%,OK
??????,????? ?? ?? 75,MEILLER,WM HZ 75,80%,OK
??????,???? 41,MEILLER,MHPS 41,85%,OK
?????????,400,MAYRHUBER,400,OK,NEEDS_REVIEW
??????,??????? ???? 125,MACBOR,Rockster Flat 125,90%,OK
?????,?6,MAKEV,V6,OK,NEEDS_REVIEW
?????,????,MAKEV,Igor,OK,NEEDS_REVIEW
????????,??? ?3 44,MCCAULEY,MAC S3 44,85%,OK
????????,570?,MCLAREN,570S,95%,OK
????????,570? ???????,MCLAREN,570S Spider,95%,OK
????????,720? ????,MCLAREN,720S Coupe,95%,OK
????????,720? ???????,MCLAREN,720S Spider,95%,OK
????????,750? ????,MCLAREN,750S Coupe,95%,OK
????????,750? ???????,MCLAREN,750S Spider,95%,OK
????????,765?? ????,MCLAREN,765LT Coupe,95%,OK
????????,?????? ?????,MCLAREN,Artura Spider,95%,OK
????????,??,MCLAREN,GT,95%,OK
????????,???,MCLAREN,GTS,95%,OK
????????,??4 12?,MCLAREN,MP4-12C,95%,OK
???????,???????? 83,MC LOUIS,Yearling 83,90%,OK
???????,?? 4,MC LOUIS,MC4,90%,OK
???????,??4 373,MC LOUIS,MC4 373,90%,OK
???????,??4 381,MC LOUIS,MC4 381,90%,OK
???????,??4 870,MC LOUIS,MC4 870,90%,OK
???????,??4 873,MC LOUIS,MC4 873,90%,OK
???????,??4 ???? 331,MC LOUIS,MC4 Slim 331,90%,OK
???????,????? 870,MC LOUIS,Nevis 870,90%,OK
???????,????? 881,MC LOUIS,Nevis 881,90%,OK
???????,?210,MC LOUIS,P210,90%,OK
???? ???????,???? 100,MAX TRAILER,MAX 100,95%,OK
???? ???????,???? 510,MAX TRAILER,MAX 510,95%,OK
????? ????,???? ???????,MAXI ROLL,Jet Trailer,OK,NEEDS_REVIEW
??????,??????? 9,MAXUS,Deliver 9,95%,OK
??????,? ??????? 3,MAXUS,eDeliver 3,95%,OK
??????,??80,MAXUS,EV80,95%,OK
??????,???????? 9,MAXUS,eDeliver 9,95%,OK
??????,????? 6,MAXUS,Euniq 6,95%,OK
????????,50,MALAGUTI,50,80%,OK
????????,68,MALAGUTI,68,OK,NEEDS_REVIEW
????????,70,MALAGUTI,70,OK,NEEDS_REVIEW
????????,82,MALAGUTI,82,OK,NEEDS_REVIEW
????????,83,MALAGUTI,83,OK,NEEDS_REVIEW
????????,90,MALAGUTI,90,OK,NEEDS_REVIEW
????????,??? 125,MALAGUTI,Dune 125,95%,OK
????????,??? 39?,MALAGUTI,ZJM 39D,80%,OK
????????,?????????,MALAGUTI,Yesterday,95%,OK
????????,??????,MALAGUTI,Crosser,95%,OK
????????,??????? 125 ???,MALAGUTI,Madison 125,95%,OK
????????,??????? 300,MALAGUTI,Madison 300,95%,OK
????????,??????? ? 400,MALAGUTI,Madison K400,95%,OK
????????,??????? ? 250,MALAGUTI,Madison S250,95%,OK
????????,??????? 125,MALAGUTI,Madison 125,95%,OK
????????,??????? 3,MALAGUTI,Madison 3,95%,OK
????????,?????? 200,MALAGUTI,Mission 200,95%,OK
????????,??????? 250,MALAGUTI,Password 250,95%,OK
????????,???? 50,MALAGUTI,Ciak 50,95%,OK
????????,??? - 62,MALAGUTI,SPA 62,OK,NEEDS_REVIEW
????????,??? 54,MALAGUTI,SPA 54,OK,NEEDS_REVIEW
????????,??? 55,MALAGUTI,SPA 55,OK,NEEDS_REVIEW
????????,??? 59,MALAGUTI,SPA 59,OK,NEEDS_REVIEW
????????,??? 67,MALAGUTI,SPA 67,OK,NEEDS_REVIEW
????????,??? 74,MALAGUTI,SPA 74,OK,NEEDS_REVIEW
????????,??? 76,MALAGUTI,SPA 76,OK,NEEDS_REVIEW
????????,??? 78,MALAGUTI,SPA 78,OK,NEEDS_REVIEW
????????,??? 85,MALAGUTI,SPA 85,OK,NEEDS_REVIEW
????????,??????? ??,MALAGUTI,Spectre GP,95%,OK
????????,??????????,MALAGUTI,Spidermax,95%,OK
????????,? 10,MALAGUTI,F10,95%,OK
????????,? 12,MALAGUTI,F12,95%,OK
????????,? 12 ??????,MALAGUTI,F12 Phantom,95%,OK
????????,? 15,MALAGUTI,F15,95%,OK
????????,? 18,MALAGUTI,F18,95%,OK
????????,?????? 50,MALAGUTI,Phantom 50,95%,OK
????????,?????? ? 12,MALAGUTI,Phantom F12,95%,OK
????????,? 3 ?,MALAGUTI,X3M,95%,OK
????????,??? 125,MALAGUTI,XSM 125,95%,OK
????????,??? 125,MALAGUTI,XTM 125,95%,OK
????????,??? ??????,MALAGUTI,XTM Enduro,95%,OK
????????,??????,MALAGUTI,Centro,95%,OK
????????,?????? 125,MALAGUTI,Centro 125,95%,OK
????????,?????? 160,MALAGUTI,Centro 160,95%,OK
????????,????,MALAGUTI,Ciak,95%,OK
???????,50,MALANCA,50,85%,OK
???,(???????),MAN,Bus,80%,OK
???,3,MAN,3,OK,NEEDS_REVIEW
???,10 ?,MAN,10 F,OK,NEEDS_REVIEW
???,10.136,MAN,10.136,95%,OK
???,10.15,MAN,10.15,95%,OK
???,10.153 ?,MAN,10.153 L,95%,OK
???,10.153 ?,MAN,10.153 F,95%,OK
???,10.163,MAN,10.163,95%,OK
???,10.18,MAN,10.18,95%,OK
???,10.220 ???,MAN,10.220 FOC,95%,OK
???,10.223 ?,MAN,10.223 F,95%,OK
???,10.224,MAN,10.224,95%,OK
???,10.224 ????,MAN,10.224 LAEC,95%,OK
???,10.225 ???,MAN,10.225 LLC,95%,OK
???,11.150 ????,MAN,11.150 HOCL,95%,OK
???,11.220 ????,MAN,11.220 HOCL,95%,OK
???,11.224 ?,MAN,11.224 L,95%,OK
???,12.163 ?,MAN,12.163 L,95%,OK
???,12.163 ??,MAN,12.163 LS,95%,OK
???,12.192,MAN,12.192,95%,OK
???,12.224 ?,MAN,12.224 L,95%,OK
???,12.224 ???,MAN,12.224 LLS,95%,OK
???,12.225 ???,MAN,12.225 LLC,95%,OK
???,12.232,MAN,12.232,95%,OK
???,12.232 ??,MAN,12.232 FL,95%,OK
???,12240,MAN,12.24,95%,OK
???,14 250 ????,MAN,14.250 HOCL,95%,OK
???,14.163 ?,MAN,14.163 L,95%,OK
???,14.22,MAN,14.22,95%,OK
???,14.224 ?,MAN,14.224 L,95%,OK
???,14.224 ???,MAN,14.224 LAS,95%,OK
???,14.232,MAN,14.232,95%,OK
???,14.284 ???,MAN,14.284 LLC,95%,OK
???,14.285 ???,MAN,14.285 LAK,95%,OK
???,15.224,MAN,15.224,95%,OK
???,15.284,MAN,15.284,95%,OK
???,15.284 ???,MAN,15.284 LLC,95%,OK
???,17.232,MAN,17.232,95%,OK
???,17.232 ?,MAN,17.232 F,95%,OK
???,18.222 ?,MAN,18.222 F,95%,OK
???,18.224 ?,MAN,18.224 L,95%,OK
???,18.225,MAN,18.225,95%,OK
???,18.232,MAN,18.232,95%,OK
???,18.232 ?,MAN,18.232 F,95%,OK
???,18.264,MAN,18.264,95%,OK
???,18.264 ??,MAN,18.264 LA,95%,OK
???,18.272,MAN,18.272,95%,OK
???,18.284,MAN,18.284,95%,OK
???,18.284 ????,MAN,18.284,90%,OK
???,18.285 ??,MAN,18.285,90%,OK
???,18.363 ??? ??,MAN,18.363,90%,OK
???,18.410 ????,MAN,18.41,90%,OK
???,18.413 ????,MAN,18.413,90%,OK
???,18.413 ???,MAN,18.413,90%,OK
???,18.420 ????,MAN,18.42,90%,OK
???,18.433 ???,MAN,18.433,90%,OK
???,18.463 ????,MAN,18.463,90%,OK
???,18.480 ??5,MAN,18.48,90%,OK
???,18.483 ??,MAN,18.483,90%,OK
???,18440 ????? ?4 ??????,MAN,18.44,85%,OK
???,19 463 ???,MAN,19.463,90%,OK
???,19.293,MAN,19.293,95%,OK
???,19.314,MAN,19.314,95%,OK
???,19.321,MAN,19.321,95%,OK
???,19.322,MAN,19.322,95%,OK
???,19.322 ??,MAN,19.322,90%,OK
???,19.343,MAN,19.343,95%,OK
???,19.364,MAN,19.364,95%,OK
???,19.364 ???,MAN,19.364,90%,OK
???,19.372,MAN,19.372,95%,OK
???,19.402,MAN,19.402,95%,OK
???,19.403,MAN,19.403,95%,OK
???,19.403 ???,MAN,19.403,90%,OK
???,19.414,MAN,19.414,95%,OK
???,19.414 ?,MAN,19.414,90%,OK
???,19.463,MAN,19.463,95%,OK
???,19.464 ???,MAN,19.464,90%,OK
???,24.292,MAN,24.292,95%,OK
???,26 464 ?????,MAN,26.464,90%,OK
???,26.280 ??,MAN,26.28,90%,OK
???,26.310 ??? 03,MAN,TGA 26.310,90%,OK
???,26.314 ????,MAN,26.314,90%,OK
???,26.322,MAN,26.322,95%,OK
???,26.362 ??,MAN,26.362,90%,OK
???,26.363 ???,MAN,26.363,90%,OK
???,26.364 ?????,MAN,26.364,90%,OK
???,26.372,MAN,26.372,95%,OK
???,26.403,MAN,26.403,95%,OK
???,26.403 ?????,MAN,26.403,90%,OK
???,26.414,MAN,26.414,95%,OK
???,26.414 ????,MAN,26.414,90%,OK
???,26.46,MAN,26.46,95%,OK
???,26.463,MAN,26.463,95%,OK
???,26.463 ?????,MAN,26.463,90%,OK
???,26.463 ????,MAN,26.463,90%,OK
???,26.483 ????,MAN,26.483,90%,OK
???,27.322 ??,MAN,27.322,90%,OK
???,27.402 ??,MAN,27.402,90%,OK
???,27.414 ???,MAN,27.414,90%,OK
???,28.364 ?,MAN,28.364,90%,OK
???,28.364 ????,MAN,28.364,90%,OK
???,28.414 ?,MAN,28.414,90%,OK
???,32.364,MAN,32.364,95%,OK
???,32.402 ??,MAN,32.402,90%,OK
???,32.414 ??,MAN,32.414,90%,OK
???,33,MAN,33,OK,NEEDS_REVIEW
???,33.414 ???,MAN,33.414,90%,OK
???,33.422 ???,MAN,33.422,90%,OK
???,33.463 ??,MAN,33.463,90%,OK
???,33.463 ???,MAN,33.463,90%,OK
???,33.464,MAN,33.464,95%,OK
???,33.464 ???,MAN,33.464,90%,OK
???,33.483 ????,MAN,33.483,90%,OK
???,35.364 ???,MAN,35.364,90%,OK
???,35.403 ??,MAN,35.403,90%,OK
???,35.41,MAN,35.41,95%,OK
???,35.413 ??? ??,MAN,35.413,90%,OK
???,35.414,MAN,35.414,95%,OK
???,35.422,MAN,35.422,95%,OK
???,41.414 ???,MAN,41.414,90%,OK
???,41.464 ??,MAN,41.464,90%,OK
???,41.464 ??,MAN,41.464,90%,OK
???,41.480 ?,MAN,41.48,90%,OK
???,8.113 ?,MAN,8.113,90%,OK
???,8.136,MAN,8.136,95%,OK
???,8.136 ?,MAN,8.136,90%,OK
???,8.145 ??,MAN,8.145,90%,OK
???,8.15,MAN,8.15,95%,OK
???,8.153,MAN,8.153,95%,OK
???,8.163,MAN,8.163,95%,OK
???,8.163 ??,MAN,8.163,90%,OK
???,8.174 ???,MAN,8.174,90%,OK
???,8.224,MAN,8.224,95%,OK
???,9.15,MAN,9.15,95%,OK
???,9.153,MAN,9.153,95%,OK
???,? 20,MAN,A20,90%,OK
???,? 26,MAN,A26,90%,OK
???,? 78,MAN,A78,90%,OK
???,?21,MAN,A21,95%,OK
???,?32,MAN,A32,95%,OK
???,?66 ??223.2,MAN,A66,85%,OK
???,?9151?3,MAN,A91,OK,NEEDS_REVIEW
???,?210,MAN,D210,90%,OK
???,? 12,MAN,E12,90%,OK
???,??????,MAN,Irizar,85%,OK
???,? 02,MAN,L02,90%,OK
???,? 20,MAN,L20,90%,OK
???,? 2000,MAN,L2000,95%,OK
???,? 2007.46.011,MAN,L2007,OK,NEEDS_REVIEW
???,? 22,MAN,L22,90%,OK
???,? 70,MAN,L70,90%,OK
???,?19??,MAN,L19,80%,OK
???,?80,MAN,L80,95%,OK
???,?????? ??? ?,MAN,Lion's Coach,95%,OK
???,?????? ?????,MAN,Lion's Regio,95%,OK
???,?????? ????,MAN,Lion's City,95%,OK
???,?????? ???? ?,MAN,Lion's City,90%,OK
???,?? 10.220 4?4 ??,MAN,LE 10.220,90%,OK
???,?? 12.180,MAN,LE 12.180,95%,OK
???,?? 12.220 ??,MAN,LE 12.220,90%,OK
???,?? 14.250,MAN,LE 14.250,95%,OK
???,?? 14.280,MAN,LE 14.280,95%,OK
???,?? 160 ?,MAN,LE 160C,90%,OK
???,?? 18.280,MAN,LE 18.280,95%,OK
???,?? 180 ?,MAN,LE 180C,90%,OK
???,?? 220 ?,MAN,LE 220C,90%,OK
???,?? 8.180,MAN,LE 8.180,95%,OK
???,???? ? ??????,MAN,Lion's Classic,95%,OK
???,???? ? ?????,MAN,Lion's Regio,95%,OK
???,???? ? ???? ?,MAN,Lion's City,90%,OK
???,????? ????,MAN,Lion's Coach,95%,OK
???,????? ????,MAN,Lion's Star,95%,OK
???,???? ?,MAN,Loks F,OK,NEEDS_REVIEW
???,? 06,MAN,M06,90%,OK
???,? 10,MAN,M10,90%,OK
???,? 38,MAN,M38,90%,OK
???,? 40,MAN,M40,90%,OK
???,?07,MAN,M07,95%,OK
???,?08,MAN,M08,95%,OK
???,?2000?,MAN,M2000L,95%,OK
???,?? 18 250,MAN,ME 18.250,90%,OK
???,?? 18 280,MAN,ME 18.280,90%,OK
???,?184??,MAN,N184FA,85%,OK
???,?? 323,MAN,NL 323,95%,OK
???,?? 313 ???,MAN,NU 313,90%,OK
???,?08,MAN,R08,90%,OK
???,?? 262,MAN,SG 262,95%,OK
???,? 33,MAN,T33,90%,OK
???,? 39,MAN,T39,90%,OK
???,? 48,MAN,T48,90%,OK
???,?42,MAN,T42,95%,OK
???,?? 18.4?2 ???,MAN,TG 18,80%,OK
???,?? 26 6?2 2 ???,MAN,TG 26,80%,OK
???,?? 35.480 8?4 ?? ?,MAN,TG 35.480,85%,OK
???,???,MAN,TGA,95%,OK
???,??? 18.310,MAN,TGA 18.310,95%,OK
???,??? 18.310 ??,MAN,TGA 18.310,90%,OK
???,??? 18.320,MAN,TGA 18.320,95%,OK
???,??? 18.350 4?2 ??,MAN,TGA 18.350,90%,OK
???,??? 18.360,MAN,TGA 18.360,95%,OK
???,??? 18.390,MAN,TGA 18.390,95%,OK
???,??? 18.400 ???,MAN,TGA 18.400,90%,OK
???,??? 18.410,MAN,TGA 18.410,95%,OK
???,??? 18.413 ???,MAN,TGA 18.413,90%,OK
???,??? 18.430,MAN,TGA 18.430,95%,OK
???,??? 18.440 4?2 ???,MAN,TGA 18.440,90%,OK
???,??? 18.440 4?2 ??? ??,MAN,TGA 18.440,90%,OK
???,??? 24.480,MAN,TGA 24.480,95%,OK
???,??? 26.310 ??,MAN,TGA 26.310,90%,OK
???,??? 26.310 ??,MAN,TGA 26.310,90%,OK
???,??? 26.320 6?2 2 ??,MAN,TGA 26.320,90%,OK
???,??? 26.350,MAN,TGA 26.350,95%,OK
???,??? 26.360,MAN,TGA 26.360,95%,OK
???,??? 26.390,MAN,TGA 26.390,95%,OK
???,??? 26.400 6?2 ??,MAN,TGA 26.400,90%,OK
???,??? 26.410,MAN,TGA 26.410,95%,OK
???,??? 26.413,MAN,TGA 26.413,95%,OK
???,??? 26.430,MAN,TGA 26.430,95%,OK
???,??? 26.430 6 ? 2 2 ??,MAN,TGA 26.430,90%,OK
???,??? 26.440 6 ? 2 2 ??,MAN,TGA 26.440,90%,OK
???,??? 26.440 6 ? 4 ??,MAN,TGA 26.440,90%,OK
???,??? 26.440 6?2 2 ???,MAN,TGA 26.440,90%,OK
???,??? 26.440 ?? 6 ? 2 2 ??,MAN,TGA 26.440,90%,OK
???,??? 26.480,MAN,TGA 26.480,95%,OK
???,??? 26.480 6?2 2??,MAN,TGA 26.480,90%,OK
???,??? 28.390 ??,MAN,TGA 28.390,90%,OK
???,??? 28.400 6?2 4 ??,MAN,TGA 28.400,90%,OK
???,??? 28.480 2 ??,MAN,TGA 28.480,90%,OK
???,??? 28360,MAN,TGA 28.360,90%,OK
???,??? 32.360,MAN,TGA 32.360,95%,OK
???,??? 33 440,MAN,TGA 33.440,95%,OK
???,??? 33 460,MAN,TGA 33.460,95%,OK
???,??? 33.350 ??,MAN,TGA 33.350,90%,OK
???,??? 33.360 ??,MAN,TGA 33.360,90%,OK
???,??? 33.390 ??,MAN,TGA 33.390,90%,OK
???,??? 33.410,MAN,TGA 33.410,95%,OK
???,??? 33.430,MAN,TGA 33.430,95%,OK
???,??? 33.440 ??,MAN,TGA 33.440,90%,OK
???,??? 33.480 6?6 ??,MAN,TGA 33.480,90%,OK
???,??? 33.480 ??,MAN,TGA 33.480,90%,OK
???,??? 35.350 ??,MAN,TGA 35.350,90%,OK
???,??? 35.360 ??,MAN,TGA 35.360,90%,OK
???,??? 35.390 ??,MAN,TGA 35.390,90%,OK
???,??? 35.400 ??,MAN,TGA 35.400,90%,OK
???,??? 35.430,MAN,TGA 35.430,95%,OK
???,??? 35.440,MAN,TGA 35.440,95%,OK
???,??? 35.480,MAN,TGA 35.480,95%,OK
???,??? 41.410,MAN,TGA,99%,OK
???,??? 41.430 ??,MAN,TGA,99%,OK
???,??? 41.480,MAN,TGA,99%,OK
???,??? 41.480 8 ? 4 ??,MAN,TGA,99%,OK
???,???,MAN,TGE,99%,OK
???,??? 3.180,MAN,TGE,99%,OK
???,??? 5.160,MAN,TGE,99%,OK
???,???,MAN,TGL,99%,OK
???,??? 10.180 ??,MAN,TGL,99%,OK
???,??? 10.180 ??,MAN,TGL,99%,OK
???,??? 10.210,MAN,TGL,99%,OK
???,??? 12.180 ??,MAN,TGL,99%,OK
???,??? 12.180 ??,MAN,TGL,99%,OK
???,??? 12.210 ??,MAN,TGL,99%,OK
???,??? 12.210 ??,MAN,TGL,99%,OK
???,??? 12.220 4?2 ??,MAN,TGL,99%,OK
???,??? 12.240 4?2 ??,MAN,TGL,99%,OK
???,??? 12.240 ??,MAN,TGL,99%,OK
???,??? 12.250 ??,MAN,TGL,99%,OK
???,??? 12250 4?2 ??,MAN,TGL,99%,OK
???,??? 7.150,MAN,TGL,99%,OK
???,??? 7.180 ??,MAN,TGL,99%,OK
???,??? 8 180?,MAN,TGL,99%,OK
???,??? 8.150 ??,MAN,TGL,99%,OK
???,??? 8.180 ??,MAN,TGL,99%,OK
???,??? 8.180 ??,MAN,TGL,99%,OK
???,??? 8.210 4?2 ??,MAN,TGL,99%,OK
???,??? 8.220 4?2 ??,MAN,TGL,99%,OK
???,??? 8.240,MAN,TGL,99%,OK
???,??? 8.250 4?2 ??,MAN,TGL,99%,OK
???,???12.1804?2??,MAN,TGL,99%,OK
???,???,MAN,TGM,99%,OK
???,??? 12.240 4?2 ??,MAN,TGM,99%,OK
???,??? 12.250 4?2 ?? ???,MAN,TGM,99%,OK
???,??? 13.250 ??,MAN,TGM,99%,OK
???,??? 15.240,MAN,TGM,99%,OK
???,??? 15.240 ??,MAN,TGM,99%,OK
???,??? 15.280 4 ? 2 ??,MAN,TGM,99%,OK
???,??? 15.290 4?2 ??,MAN,TGM,99%,OK
???,??? 18.240 ??,MAN,TGM,99%,OK
???,??? 18.240 ??,MAN,TGM,99%,OK
???,??? 18.250,MAN,TGM,99%,OK
???,??? 18.250 4?4 ??,MAN,TGM,99%,OK
???,??? 18.280,MAN,TGM,99%,OK
???,??? 18.290 4?2 ??,MAN,TGM,99%,OK
???,??? 18.330 ??,MAN,TGM,99%,OK
???,??? 18.340,MAN,TGM,99%,OK
???,??? 26.290 6?4 ??,MAN,TGM,99%,OK
???,??? 26.340,MAN,TGM,99%,OK
???,??? 26.340 6?2-4 ??,MAN,TGM,99%,OK
???,???,MAN,TGS,99%,OK
???,??? 18.320 4?2 ??,MAN,TGS,99%,OK
???,??? 18.320 4?2 ??,MAN,TGS,99%,OK
???,??? 18.360,MAN,TGS,99%,OK
???,??? 18.360 ??,MAN,TGS,99%,OK
???,??? 18.440,MAN,TGS,99%,OK
???,??? 18.440 4?2 ??,MAN,TGS,99%,OK
???,??? 18.440 4?2 ???,MAN,TGS,99%,OK
???,??? 18.440 4?4? ???,MAN,TGS,99%,OK
???,??? 18.480 ???,MAN,TGS,99%,OK
???,??? 26.320 6?2 2 ??,MAN,TGS,99%,OK
???,??? 26.320 6?2-2 ??,MAN,TGS,99%,OK
???,??? 26.320 ??,MAN,TGS,99%,OK
???,??? 26.360 ??,MAN,TGS,99%,OK
???,??? 26.400 6?2 2 ??,MAN,TGS,99%,OK
???,??? 26.400 ??,MAN,TGS,99%,OK
???,??? 26.400 ??,MAN,TGS,99%,OK
???,??? 26.440 6?2 2??,MAN,TGS,99%,OK
???,??? 26.440 ??,MAN,TGS,99%,OK
???,??? 26.480 6?2 2??,MAN,TGS,99%,OK
???,??? 26.480 ??,MAN,TGS,99%,OK
???,??? 26.480 ???,MAN,TGS,99%,OK
???,??? 26.500 6?2 4 ??,MAN,TGS,99%,OK
???,??? 28.360 ??,MAN,TGS,99%,OK
???,??? 28.400 6?4 4 ??,MAN,TGS,99%,OK
???,??? 28.480 6?4 4 ??,MAN,TGS,99%,OK
???,??? 32.360,MAN,TGS,99%,OK
???,??? 32.400,MAN,TGS,99%,OK
???,??? 33.400 ??,MAN,TGS,99%,OK
???,??? 33.440 ??,MAN,TGS,99%,OK
???,??? 33.480 ??,MAN,TGS,99%,OK
???,??? 35 400 8?4 ??,MAN,TGS,99%,OK
???,??? 35 440 8?4 ??,MAN,TGS,99%,OK
???,??? 35.400 8 ? 4 ??,MAN,TGS,99%,OK
???,??? 35.440 8?2 4 ??,MAN,TGS,99%,OK
???,??? 35.480 8?4 ??,MAN,TGS,99%,OK
???,??? 37.480 8?4 ??,MAN,TGS,99%,OK
???,??? 41.440 ??,MAN,TGS,99%,OK
???,??? 41.480 8?4 ??,MAN,TGS,99%,OK
???,???,MAN,TGX,99%,OK
???,??? 18.360 4?2 ??,MAN,TGX,99%,OK
???,??? 18.400 4?2 ??? -?,MAN,TGX,99%,OK
???,??? 18.400 ???,MAN,TGX,99%,OK
???,??? 18.420 4?2 ??,MAN,TGX,99%,OK
???,??? 18.430 4?2 ?? ??,MAN,TGX,99%,OK
???,??? 18.440 4?2 ???,MAN,TGX,99%,OK
???,??? 18.440 4?2 ??,MAN,TGX,99%,OK
???,??? 18.440 4?2 ???,MAN,TGX,99%,OK
???,??? 18.440 ???,MAN,TGX,99%,OK
???,??? 18.440 ??? ?,MAN,TGX,99%,OK
???,??? 18.470,MAN,TGX,99%,OK
???,??? 18.480 4?2 ??? ??,MAN,TGX,99%,OK
???,??? 18.480 4?2 ???,MAN,TGX,99%,OK
???,??? 18.480 4?2??,MAN,TGX,99%,OK
???,??? 18.480 ???,MAN,TGX,99%,OK
???,??? 18.540 ???,MAN,TGX,99%,OK
???,??? 24.440,MAN,TGX,99%,OK
???,??? 24.480,MAN,TGX,99%,OK
???,??? 26 400 6?2 2??,MAN,TGX,99%,OK
???,??? 26.400,MAN,TGX,99%,OK
???,??? 26.400 ??,MAN,TGX,99%,OK
???,??? 26.440,MAN,TGX,99%,OK
???,??? 26.440 6?2 2??,MAN,TGX,99%,OK
???,??? 26.460 6?2 2 ??,MAN,TGX,99%,OK
???,??? 26.470,MAN,TGX,99%,OK
???,??? 26.470 6?2 2 ?? ??,MAN,TGX,99%,OK
???,??? 26.480 6?2 2 ???,MAN,TGX,99%,OK
???,??? 26.480 6?2 ??,MAN,TGX,99%,OK
???,??? 26.480 ??,MAN,TGX,99%,OK
???,??? 26.480 ??,MAN,TGX,99%,OK
???,??? 26.500 6?2 2 ???,MAN,TGX,99%,OK
???,??? 26.510 6?2 2 ???,MAN,TGX,99%,OK
???,??? 26.510 6?2 4 ???,MAN,TGX,99%,OK
???,??? 26.540 6? 2-2 ??,MAN,TGX,99%,OK
???,??? 28.480 6?2 2??,MAN,TGX,99%,OK
???,??? 292,MAN,UL 292,95%,OK
???,? 14,MAN,F14,90%,OK
???,? 2000,MAN,F2000,98%,OK
???,??? 460,MAN,FAE 460,90%,OK
???,?? 310 ?,MAN,FE 310,95%,OK
???,?? 410 ?,MAN,FE 410,95%,OK
???,? 30,MAN,X30,OK,NEEDS_REVIEW
???,?05,MAN,X05,OK,NEEDS_REVIEW
???,?29,MAN,X29,OK,NEEDS_REVIEW
???,?56,MAN,X56,OK,NEEDS_REVIEW
??? ?? ????????,???,MAN,TGX,95%,OK
??? ??????,?????,MAN,Siter,OK,NEEDS_REVIEW
??? ??????,???,MAN,TGS,95%,OK
??????????,?1,MANGOSTEEN,M1,95%,OK
??????????,?8,MANGOSTEEN,M8,95%,OK
?????????,750,MANDERBACH,750,90%,OK
???????? ?????,? 3208,MANNESMANN DEMAG,K 3208,90%,OK
???????????????,??????? ??????,MARATHON TRAILERS,Marathon Single,90%,OK
???????????,?????? ?? 7?,MARGARITELLI,Grapar TL 7C,90%,OK
???????????,? 300,MARGARITELLI,M 300,90%,OK
???? 22,?? 115,MARI 22,KL 115,90%,OK
???? 22,??114,MARI 22,TA114,90%,OK
???? 22,?? 114,MARI 22,TL 114,90%,OK
???? 22,?? 115,MARI 22,TL 115,90%,OK
???? 22,?? 116,MARI 22,TL 116,90%,OK
???? 22,?? 221,MARI 22,TP 221,90%,OK
???? 22,?? 227,MARI 22,TP 227,90%,OK
???? 22,?? 230,MARI 22,TP 230,90%,OK
???? 22,?? 228,MARI 22,TR 228,90%,OK
???????,??,MARINCO,CH,80%,OK
????????,? 300,MARCAVAN,C 300,80%,OK
????????,410,MARCAMPO,410,80%,OK
????????,??,MARCANTO,EK,80%,OK
?????,?? 20??,MARCO,AV 20TA,90%,OK
?????,????????,MARCO,Selandia,90%,OK
??????,??0750,MARLIN,EA0750,95%,OK
????,?? 08 ??,MARO,MR 08 TA,95%,OK
????,?? 01,MARO,MS 01,95%,OK
????,?? 0225,MARO,MC 0225,95%,OK
????,??01,MARO,PT01,95%,OK
???? ?????????,?? 07 ??,MARO KRALOVICE,MR 07 TA,95%,OK
????????????,5 ??,MARO SELANDIA,5 ST,90%,OK
?????,2 ? ?12,MARTE,2 A P12,85%,OK
?????,1,MARTZ,1,95%,OK
?????,3,MARTZ,3,95%,OK
?????,4,MARTZ,4,95%,OK
?????,6,MARTZ,6,95%,OK
?????,6 ???,MARTZ,6 Yacht,95%,OK
?????,8,MARTZ,8,95%,OK
?????,9,MARTZ,9,95%,OK
?????,?,MARTZ,B,95%,OK
?????,?,MARTZ,V,95%,OK
?????? ??????,?? 520 ?,MARTIN MOTORS,MM 520i,95%,OK
?????? ?????,35 24 ??,REISCH,35 24 AL,90%,OK
?????? ?????,???? 35 24 ??,REISCH,RSBS 35 24 LK,90%,OK
?????,50,MASAI,50,95%,OK
?????,?500??,MASAI,A500iP,95%,OK
???????????,?? ?,MASTROMATEO,GF X,90%,OK
???????,????? 15 15 ? 17,MATILSA,Parma 15 T 17,95%,OK
??????,??? 10,MAUSER,MEU 10,90%,OK
????,?18 60?,MAFA,L18 60E,85%,OK
????????,??????,MAHINDRA,Bolero,98%,OK
????????,???,MAHINDRA,Goa,98%,OK
????????,?? 340,MAHINDRA,CJ 340,98%,OK
????????,??? 500,MAHINDRA,XUV500,98%,OK
???,125,MASH,125,95%,OK
???,50,MASH,50,95%,OK
???,????125,MASH,ZNPA125,90%,OK
???,??125 2?,MASH,KM125 2X,90%,OK
???,??250 2?,MASH,KM250 2X,90%,OK
???,?????,MASH,Fifty,95%,OK
???,??400 2?,MASH,XY400 2A,90%,OK
???,45?,MBK,45B,90%,OK
???,5 ??,MBK,Nitro,85%,OK
???,??????,MBK,Booster,98%,OK
???,?? 250,MBK,YP 250,90%,OK
???,?? 01,MBK,DM01,80%,OK
???,??????,MBK,Evolis,95%,OK
???,??50?,MBK,YA50R,90%,OK
???,?? 100,MBK,YQ 100,90%,OK
???,?? 50,MBK,YQ 50,90%,OK
???,???????? 4??,MBK,Industry 4RC,OK,NEEDS_REVIEW
???,???????? ??01,MBK,Industry CX01,OK,NEEDS_REVIEW
???,?? 125 ?,MBK,YP 125 R,95%,OK
???,??? ?? 50,MBK,YN 50,90%,OK
???,?? 03,MBK,SA03,90%,OK
???,?? 06,MBK,SA06,90%,OK
???,?? 14,MBK,SA14,90%,OK
???,?? 23,MBK,SA23,90%,OK
???,?? 04,MBK,SE04,90%,OK
???,?? 01,MBK,CX01,80%,OK
???,???????,MBK,Flame X,95%,OK
???,??????,MBK,Flipper,95%,OK
???,?? 125,MBK,XC 125,95%,OK
???,?? 300,MBK,XC 300,95%,OK
???,??125 ???????,MBK,XC 125 Flame X,95%,OK
???,?? 50,MBK,CW 50,95%,OK
??,???? 902,MV,Euro 902,OK,NEEDS_REVIEW
??,????,MV,Igor,OK,NEEDS_REVIEW
?? ??????,??????? ??????? 1090??,MV AGUSTA,Brutale 1090 RR,98%,OK
?? ??????,???????,MV AGUSTA,Brutale,98%,OK
?? ??????,??????? 675,MV AGUSTA,Brutale 675,98%,OK
?? ??????,??????? 800,MV AGUSTA,Brutale 800,98%,OK
?? ??????,??????? 800 ??,MV AGUSTA,Brutale 800 RR,98%,OK
?? ??????,??????? 910,MV AGUSTA,Brutale 910,98%,OK
?? ??????,???,MV AGUSTA,Rush,95%,OK
?? ??????,??????? ??????,MV AGUSTA,Turismo Veloce,98%,OK
?? ??????,? 4,MV AGUSTA,F4,98%,OK
?? ??????,?3 800,MV AGUSTA,F3 800,98%,OK
?? ??????,?3 ????,MV AGUSTA,F3 Rosso,98%,OK
??,3 ???? ????? ??? ???,MG,3,95%,OK
??,6 ??? ?? ???,MG,6,95%,OK
??,?,MG,MGB,95%,OK
??,? ??,MG,MGB GT,95%,OK
??,????????? ??,MG,ZS EV,OK,NEEDS_REVIEW
??,??? ???? ?? ??????,MG,EHS Plug-in Hybrid,90%,OK
??,?? 160,MG,ZR,95%,OK
??,??,MG,ZS,98%,OK
??,?? ??,MG,ZS EV,98%,OK
??,?? ?????? ? ????????,MG,Marvel R,98%,OK
??,?? ??,MG,HS,98%,OK
??,?? ?? ?????? ????,MG,HS Hybrid+,95%,OK
??,??3,MG,3,98%,OK
??,??3 ?????? ????,MG,3 Hybrid+,95%,OK
??,??4 ?? ?????,MG,4 EV,95%,OK
??,??4 ????????,MG,4 Electric,95%,OK
??,??5 ????????,MG,5 Electric,95%,OK
??,???5 ??,MG,5 EV,90%,OK
??,???,MG,MGF,98%,OK
??,??????,MG,Midget,98%,OK
??,?9 ????,MG,S9 PHEV,85%,OK
??,??????????,MG,Cyberster,98%,OK
??,?????,MG,Sport,OK,NEEDS_REVIEW
??,??,MG,TD,95%,OK
??,??,MG,HS,98%,OK
??? ??,?????? ?????,HONDA,Astrea Grand,90%,OK
??? ??,????? ?,HONDA,Supra X,90%,OK
??? ??,?? ??? ?,YAMAHA,Crypton S,OK,NEEDS_REVIEW
????,????,MEGA,Light,90%,OK
????,?10,MEGA,M10,90%,OK
????,????,MEGA,Mega,80%,OK
????,???,MEGA,MNV,80%,OK
????,???,MEGA,MND,80%,OK
????,??? 260 290 ??,MEGA,MNS 260 290 KB,80%,OK
????????,??? 3308,MAISONNEUVE,MEA 3308,90%,OK
?????,?????? 25 1.5 72?45,MEIDI,Houston 25,85%,OK
??????,?? 50 ?? 3,MEIDUO,MD50QT-3,90%,OK
?????,???? 20,MEIER,ATPR 20,85%,OK
?????,?????,MEIER,Meier,OK,NEEDS_REVIEW
?????,??? 123,MEIER,HEL 123,85%,OK
?????,??? 2.4,MEIWO,DSV 2.4,80%,OK
??????,????3,MEILLER,KISA 3,95%,OK
??????,???? 12 27 ????1,MEILLER,MHKA 12/27 NOSS1,95%,OK
??????,???? 41 3 ?,MEILLER,MHKS 41/3 S,95%,OK
??????,???? 12 27 ????1,MEILLER,MHPS 12/27 NOSS1,95%,OK
??????,???? 12 27 ????2,MEILLER,MHPS 12/27 NOSS2,95%,OK
??????,???? 15 18 ????2,MEILLER,MHPS 15/18 NOSS2,95%,OK
??????,???? 41 3 ?,MEILLER,MHPS 41/3 S,95%,OK
?????????,??? 16,MECANOREM,VHS 16,90%,OK
?????,??? 2,MEKUS,OKP 2,80%,OK
??? ????,?????2,MELL PARK,MELSR2,80%,OK
????? ??????,35500,MENKE-JANZEN,35500,95%,OK
????? ??????,?20?,MENKE-JANZEN,R20S,95%,OK
?????,?? 105,MENCI,SA 105,95%,OK
?????,?? 700 ?,MENCI,SA 700 R,95%,OK
?????,?? 740 ?,MENCI,SA 740 R,95%,OK
?????,??955,MENCI,SA 955,95%,OK
?????,?? 105,MENCI,SL 105,95%,OK
?????,?? 1053 ??,MENCI,SL 1053 FS,95%,OK
?????,?? 1355 ?,MENCI,SL 1355 S,95%,OK
?????,?? 136 ?,MENCI,SM 136 A,95%,OK
???,???,MEHR,Mehr,OK,NEEDS_REVIEW
??????? ? ???,?????,MEREDITH & EYRE,Plant,95%,OK
??????,? 300 01 ??,MERKER,M 300 01 FR,95%,OK
??????,? 300 010 ?,MERKER,M 300 010 I,95%,OK
??????,?30001,MERKER,M30001,95%,OK
???????,???????,MERCURY,Montego,98%,OK
??????,?? ????????,MERCUS,Sprinter,95%,OK
??????,???,MERCUS,TGE,95%,OK
??????,650,MERLIN,650,80%,OK
????????,2000,MOERMAIJER,2000,85%,OK
????????,3000,MOERMAIJER,3000,85%,OK
????????,0 345 ?,MERCEDES-BENZ,O 345 G,98%,OK
????????,0 350 ???,MERCEDES-BENZ,O 350 Tourismo RHD,98%,OK
????????,0 405,MERCEDES-BENZ,O 405,98%,OK
????????,0350 ??????? ???,MERCEDES-BENZ,O 350 Tourismo RHD,98%,OK
????????,404,MERCEDES-BENZ,O 404,98%,OK
????????,0404 10 ?,MERCEDES-BENZ,O 404 10R,98%,OK
????????,0404 ??,MERCEDES-BENZ,O 404 RH,98%,OK
????????,0580 16 ???,MERCEDES-BENZ,O 580 Travego 16 RHD,98%,OK
????????,1017,MERCEDES-BENZ,1017,98%,OK
????????,1017 ?,MERCEDES-BENZ,1017 K,98%,OK
????????,1018,MERCEDES-BENZ,1018 Atego,98%,OK
????????,1018 ?? ?????,MERCEDES-BENZ,1018 AK Atego,98%,OK
????????,1019 ??,MERCEDES-BENZ,1019 AF,98%,OK
????????,1022 ? ?????,MERCEDES-BENZ,1022 L Atego,98%,OK
????????,1023 ?????,MERCEDES-BENZ,1023 Atego,98%,OK
????????,1024 ? ?????,MERCEDES-BENZ,1024 L Atego,98%,OK
????????,108 ????,MERCEDES-BENZ,Vito 108,98%,OK
????????,108 ? ????,MERCEDES-BENZ,Vito 108 D,98%,OK
????????,108 ??,MERCEDES-BENZ,Vito 108 CDI,95%,OK
????????,110 ?,MERCEDES-BENZ,Vito 110 D,95%,OK
????????,110? ????,MERCEDES-BENZ,Vito 110 D,98%,OK
????????,1113,MERCEDES-BENZ,1113,98%,OK
????????,1114,MERCEDES-BENZ,1114,98%,OK
????????,1114 ?,MERCEDES-BENZ,1114 K,98%,OK
????????,1117,MERCEDES-BENZ,1117,98%,OK
????????,1117 ?,MERCEDES-BENZ,1117 K,98%,OK
????????,112 ???,MERCEDES-BENZ,Vito 112 CDI,98%,OK
????????,1120,MERCEDES-BENZ,1120,98%,OK
????????,114,MERCEDES-BENZ,W114,95%,OK
????????,115 ??? ????,MERCEDES-BENZ,Vito 115 CDI,98%,OK
????????,1213,MERCEDES-BENZ,1213,98%,OK
????????,1215,MERCEDES-BENZ,1215 Atego,98%,OK
????????,1215 ?????,MERCEDES-BENZ,1215 Atego,98%,OK
????????,1217,MERCEDES-BENZ,1217,98%,OK
????????,1218,MERCEDES-BENZ,1218 Atego,98%,OK
????????,1218 ?????,MERCEDES-BENZ,1218 Atego,98%,OK
????????,1218 ?,MERCEDES-BENZ,1218 L Atego,98%,OK
????????,1218 ? ?????,MERCEDES-BENZ,1218 L Atego,98%,OK
????????,1222,MERCEDES-BENZ,1222 Atego,98%,OK
????????,1222 ?????,MERCEDES-BENZ,1222 Atego,98%,OK
????????,1222 ? ?????,MERCEDES-BENZ,1222 L Atego,98%,OK
????????,1223,MERCEDES-BENZ,1223 Atego,98%,OK
????????,1223 ? ?????,MERCEDES-BENZ,1223 L Atego,98%,OK
????????,1224,MERCEDES-BENZ,1224 Atego,98%,OK
????????,1224 ?????,MERCEDES-BENZ,1224 Atego,98%,OK
????????,1224 ?,MERCEDES-BENZ,1224 L Atego,98%,OK
????????,1224 ? ?????,MERCEDES-BENZ,1224 L Atego,98%,OK
????????,1228,MERCEDES-BENZ,1228 Atego,98%,OK
????????,1228 ?????,MERCEDES-BENZ,1228 Atego,98%,OK
????????,1229 ? ?????,MERCEDES-BENZ,1229 L Atego,98%,OK
????????,123,MERCEDES-BENZ,W123,98%,OK
????????,124,MERCEDES-BENZ,W124,98%,OK
????????,126,MERCEDES-BENZ,W126,98%,OK
????????,1313,MERCEDES-BENZ,1313,98%,OK
????????,1314,MERCEDES-BENZ,1314,98%,OK
????????,1317,MERCEDES-BENZ,1317,98%,OK
????????,1317 ?,MERCEDES-BENZ,1317 L,98%,OK
????????,1318 ? ?????,MERCEDES-BENZ,1318 L Atego,98%,OK
????????,1320,MERCEDES-BENZ,1320,98%,OK
????????,1320 ?,MERCEDES-BENZ,1320 L,98%,OK
????????,1323 ?????,MERCEDES-BENZ,1323 Atego,98%,OK
????????,1324,MERCEDES-BENZ,1324 Atego,98%,OK
????????,1324 ? ?????,MERCEDES-BENZ,1324 A Atego,98%,OK
????????,1324 ? ?????,MERCEDES-BENZ,1324 L Atego,98%,OK
????????,1326 ?????,MERCEDES-BENZ,1326 Atego,98%,OK
????????,1417,MERCEDES-BENZ,1417,98%,OK
????????,1425,MERCEDES-BENZ,1425,98%,OK
????????,1517,MERCEDES-BENZ,1517,98%,OK
????????,1518 ?????,MERCEDES-BENZ,1518 Atego,98%,OK
????????,1523,MERCEDES-BENZ,1523 Atego,98%,OK
????????,1523 ?,MERCEDES-BENZ,1523 L Atego,98%,OK
????????,1524,MERCEDES-BENZ,1524 Atego,98%,OK
????????,1524 ?????,MERCEDES-BENZ,1524 Atego,98%,OK
????????,1524 ? ?????,MERCEDES-BENZ,1524 L Atego,98%,OK
????????,1526?,MERCEDES-BENZ,1526 L Atego,98%,OK
????????,1528,MERCEDES-BENZ,1528 Atego,98%,OK
????????,1529 ?????,MERCEDES-BENZ,1529 Atego,98%,OK
????????,1529 ? ?????,MERCEDES-BENZ,1529 L Atego,98%,OK
????????,1619,MERCEDES-BENZ,1619,98%,OK
????????,170,MERCEDES-BENZ,170,95%,OK
????????,180,MERCEDES-BENZ,180,95%,OK
????????,180 ?,MERCEDES-BENZ,180 D,95%,OK
????????,1820,MERCEDES-BENZ,1820,98%,OK
????????,1823,MERCEDES-BENZ,1823 Atego,98%,OK
????????,1823 ?????,MERCEDES-BENZ,1823 Atego,98%,OK
????????,1823 ?,MERCEDES-BENZ,1823 L Atego,98%,OK
????????,1824,MERCEDES-BENZ,1824 Axor,98%,OK
????????,1824 ?????,MERCEDES-BENZ,1824 Axor,98%,OK
????????,1824 ? ?????,MERCEDES-BENZ,1824 K Axor,98%,OK
????????,1824 ? ?????,MERCEDES-BENZ,1824 L Axor,98%,OK
????????,1827,MERCEDES-BENZ,1827,98%,OK
????????,1827 ?,MERCEDES-BENZ,1827 L,98%,OK
????????,1828,MERCEDES-BENZ,1828 Atego,98%,OK
????????,1829,MERCEDES-BENZ,1829,95%,OK
????????,1829 ?????,MERCEDES-BENZ,Axor 1829,98%,OK
????????,1829 ? ????? ?,MERCEDES-BENZ,Axor 1829,95%,OK
????????,1831,MERCEDES-BENZ,1831,95%,OK
????????,1831 ?,MERCEDES-BENZ,1831,95%,OK
????????,1833 ?? ?????,MERCEDES-BENZ,Axor 1833,98%,OK
????????,1833 ? ?????,MERCEDES-BENZ,Axor 1833,98%,OK
????????,1833 ?,MERCEDES-BENZ,1833,95%,OK
????????,1833? ????? ?,MERCEDES-BENZ,Axor 1833,95%,OK
????????,1834,MERCEDES-BENZ,1834,95%,OK
????????,1835,MERCEDES-BENZ,1835,95%,OK
????????,1835 ??????,MERCEDES-BENZ,Actros 1835,98%,OK
????????,1835 ?? ?????,MERCEDES-BENZ,Axor 1835,98%,OK
????????,1840 ?,MERCEDES-BENZ,1840,95%,OK
????????,1841 ? ??????,MERCEDES-BENZ,Actros 1841,98%,OK
????????,1841 ??,MERCEDES-BENZ,1841,95%,OK
????????,1841 ?? ??????,MERCEDES-BENZ,Actros 1841,98%,OK
????????,1843 ??,MERCEDES-BENZ,1843,95%,OK
????????,1843 ?? ?????,MERCEDES-BENZ,Axor 1843,98%,OK
????????,1844,MERCEDES-BENZ,1844,95%,OK
????????,1844 ? ??????,MERCEDES-BENZ,Actros 1844,98%,OK
????????,1844 ?? ??????,MERCEDES-BENZ,Actros 1844,98%,OK
????????,1846 ? ??????,MERCEDES-BENZ,Actros 1846,98%,OK
????????,1846 ?? ??????,MERCEDES-BENZ,Actros 1846,98%,OK
????????,1848 ??????,MERCEDES-BENZ,Actros 1848,98%,OK
????????,1848 ????? ??????,MERCEDES-BENZ,Actros 1848,95%,OK
????????,1851 ?? ??????,MERCEDES-BENZ,Actros 1851,98%,OK
????????,190,MERCEDES-BENZ,190,99%,OK
????????,190 ?,MERCEDES-BENZ,190,99%,OK
????????,190 ?,MERCEDES-BENZ,190,99%,OK
????????,190 ??,MERCEDES-BENZ,190 SL,99%,OK
????????,1928,MERCEDES-BENZ,1928,95%,OK
????????,1932,MERCEDES-BENZ,1932,95%,OK
????????,1933,MERCEDES-BENZ,1933,95%,OK
????????,200,MERCEDES-BENZ,200,99%,OK
????????,200 ?,MERCEDES-BENZ,200,99%,OK
????????,200 ?,MERCEDES-BENZ,200,99%,OK
????????,200 ?,MERCEDES-BENZ,200,99%,OK
????????,200 ??,MERCEDES-BENZ,200,99%,OK
????????,2031,MERCEDES-BENZ,2031,95%,OK
????????,2031 ??????,MERCEDES-BENZ,Actros 2031,98%,OK
????????,207,MERCEDES-BENZ,207,95%,OK
????????,207?,MERCEDES-BENZ,207,95%,OK
????????,208,MERCEDES-BENZ,208,95%,OK
????????,208 ?,MERCEDES-BENZ,208,95%,OK
????????,208 ? ??,MERCEDES-BENZ,208,90%,OK
????????,208 ? ????????,MERCEDES-BENZ,Sprinter 208,98%,OK
????????,209 ??? ???????? ?? 4 ? 2,MERCEDES-BENZ,Sprinter 209,98%,OK
????????,210,MERCEDES-BENZ,210,95%,OK
????????,210 ?,MERCEDES-BENZ,210,95%,OK
????????,211 ???,MERCEDES-BENZ,Sprinter 211,95%,OK
????????,212 ?,MERCEDES-BENZ,Sprinter 212,95%,OK
????????,213 ???,MERCEDES-BENZ,Sprinter 213,98%,OK
????????,220,MERCEDES-BENZ,220,99%,OK
????????,220 ?,MERCEDES-BENZ,220,99%,OK
????????,220 ?,MERCEDES-BENZ,220,99%,OK
????????,220 ? ??????,MERCEDES-BENZ,220,95%,OK
????????,220 ?? ????,MERCEDES-BENZ,220,95%,OK
????????,220 ??,MERCEDES-BENZ,220,99%,OK
????????,220 ??,MERCEDES-BENZ,220,99%,OK
????????,220??,MERCEDES-BENZ,220,99%,OK
????????,2232,MERCEDES-BENZ,2232,95%,OK
????????,230,MERCEDES-BENZ,230,99%,OK
????????,230 ??,MERCEDES-BENZ,G 230,95%,OK
????????,230 ?,MERCEDES-BENZ,230,99%,OK
????????,230 ??,MERCEDES-BENZ,230,99%,OK
????????,230 ??,MERCEDES-BENZ,230,99%,OK
????????,230 ??,MERCEDES-BENZ,230,99%,OK
????????,240,MERCEDES-BENZ,240,99%,OK
????????,240 ??,MERCEDES-BENZ,G 240,95%,OK
????????,240 ?,MERCEDES-BENZ,240,99%,OK
????????,250 ?,MERCEDES-BENZ,250,99%,OK
????????,250 ?,MERCEDES-BENZ,250,99%,OK
????????,250 ??,MERCEDES-BENZ,250 SL,99%,OK
????????,250 ??,MERCEDES-BENZ,250,99%,OK
????????,250 ?,MERCEDES-BENZ,250,99%,OK
????????,250 ??,MERCEDES-BENZ,250,99%,OK
????????,2521,MERCEDES-BENZ,2521,95%,OK
????????,2529? 6?2,MERCEDES-BENZ,2529,95%,OK
????????,2531,MERCEDES-BENZ,2531,95%,OK
????????,2531 ? 6 ? 2,MERCEDES-BENZ,2531,95%,OK
????????,2533 ? 6?2,MERCEDES-BENZ,2533,95%,OK
????????,2533 ? ?????,MERCEDES-BENZ,Axor 2533,98%,OK
????????,2536 ?,MERCEDES-BENZ,2536,95%,OK
????????,2538,MERCEDES-BENZ,2538,95%,OK
????????,2540,MERCEDES-BENZ,2540,95%,OK
????????,2540 ? 6?2 ????? ?,MERCEDES-BENZ,Axor 2540,95%,OK
????????,2540 ? ??????,MERCEDES-BENZ,Actros 2540,98%,OK
????????,2541 ? ??????,MERCEDES-BENZ,Actros 2541,98%,OK
????????,2543 ?,MERCEDES-BENZ,2543,95%,OK
????????,2544 ?,MERCEDES-BENZ,2544,95%,OK
????????,2544 ? 6 ? 2 ??????,MERCEDES-BENZ,Actros 2544,98%,OK
????????,2544 ? ??????,MERCEDES-BENZ,Actros 2544,98%,OK
????????,2544 ? ?? ??????,MERCEDES-BENZ,Actros 2544,98%,OK
????????,2546 ? ??????,MERCEDES-BENZ,Actros 2546,98%,OK
????????,2548 ? ??????,MERCEDES-BENZ,Actros 2548,98%,OK
????????,260 ?,MERCEDES-BENZ,260,99%,OK
????????,2628,MERCEDES-BENZ,2628,95%,OK
????????,2628 ? ?????,MERCEDES-BENZ,Atego 2628,98%,OK
????????,2628 ?? 6?2 4,MERCEDES-BENZ,2628,90%,OK
????????,2629,MERCEDES-BENZ,2629,95%,OK
????????,2629 ?,MERCEDES-BENZ,2629,95%,OK
????????,2629 ? ??????,MERCEDES-BENZ,Econic 2629,98%,OK
????????,2632,MERCEDES-BENZ,2632,95%,OK
????????,2633,MERCEDES-BENZ,2633,95%,OK
????????,2633 ?????,MERCEDES-BENZ,Axor 2633,98%,OK
????????,2635,MERCEDES-BENZ,2635,95%,OK
????????,2636 ??????,MERCEDES-BENZ,Actros 2636,98%,OK
????????,2636 ?,MERCEDES-BENZ,2636,95%,OK
????????,2638,MERCEDES-BENZ,2638,95%,OK
????????,2641 6 ? 4 ??????,MERCEDES-BENZ,Actros 2641,98%,OK
????????,2641 ??????,MERCEDES-BENZ,Actros 2641,98%,OK
????????,2646,MERCEDES-BENZ,2646,95%,OK
????????,2648 ? 6?4 ??????,MERCEDES-BENZ,Actros 2648,98%,OK
????????,280,MERCEDES-BENZ,280,99%,OK
????????,280 ?,MERCEDES-BENZ,280,99%,OK
????????,280 ?,MERCEDES-BENZ,280,99%,OK
????????,280 ??,MERCEDES-BENZ,280,99%,OK
????????,280 ???,MERCEDES-BENZ,280,99%,OK
????????,280 ??,MERCEDES-BENZ,280 SL,99%,OK
????????,280 ?? 8,MERCEDES-BENZ,280,95%,OK
????????,280 ???,MERCEDES-BENZ,280 SLC,99%,OK
????????,280 ??,MERCEDES-BENZ,280,99%,OK
????????,290 ?,MERCEDES-BENZ,290,99%,OK
????????,300,MERCEDES-BENZ,300,99%,OK
????????,300 ??,MERCEDES-BENZ,G 300,95%,OK
????????,300 ??,MERCEDES-BENZ,G 300,95%,OK
????????,300 ?,MERCEDES-BENZ,300,99%,OK
????????,300 ??,MERCEDES-BENZ,300,99%,OK
????????,300 ?,MERCEDES-BENZ,300,99%,OK
????????,300 ? 4 ?????,MERCEDES-BENZ,300,99%,OK
????????,300 ??,MERCEDES-BENZ,300,99%,OK
????????,300 ??,MERCEDES-BENZ,300,99%,OK
????????,300 ???,MERCEDES-BENZ,300,99%,OK
????????,300 ??,MERCEDES-BENZ,300 SL,99%,OK
????????,300 ??,MERCEDES-BENZ,300,99%,OK
????????,300 ?,MERCEDES-BENZ,300,99%,OK
????????,300 ??,MERCEDES-BENZ,300,99%,OK
????????,300 ?? 24,MERCEDES-BENZ,300,99%,OK
????????,300 ?? ????,MERCEDES-BENZ,300,99%,OK
????????,307 ?,MERCEDES-BENZ,307,95%,OK
????????,308,MERCEDES-BENZ,308,95%,OK
????????,308 ?,MERCEDES-BENZ,308,95%,OK
????????,308 ? ??,MERCEDES-BENZ,308,90%,OK
????????,308 ??? ????????,MERCEDES-BENZ,Sprinter 308,98%,OK
????????,309 ??? ???????? ??,MERCEDES-BENZ,Sprinter 309,98%,OK
????????,310,MERCEDES-BENZ,310,95%,OK
????????,310 ?,MERCEDES-BENZ,310,95%,OK
????????,310 ? ????????,MERCEDES-BENZ,Sprinter 310,98%,OK
????????,311 ??? ????????,MERCEDES-BENZ,Sprinter 311,98%,OK
????????,312,MERCEDES-BENZ,312,95%,OK
????????,312 ?,MERCEDES-BENZ,312,95%,OK
????????,312 ? ????????,MERCEDES-BENZ,Sprinter 312,98%,OK
????????,313 ???,MERCEDES-BENZ,Sprinter 313,95%,OK
????????,313 ??? ???????? 32,MERCEDES-BENZ,Sprinter 313,98%,OK
????????,313 ??? ???????? ?? 43,MERCEDES-BENZ,Sprinter 313,98%,OK
????????,314,MERCEDES-BENZ,314,95%,OK
????????,315 ??? ????????,MERCEDES-BENZ,Sprinter 315,98%,OK
????????,316 ???????? ?? 36,MERCEDES-BENZ,Sprinter 316,98%,OK
????????,316 ???,MERCEDES-BENZ,Sprinter 316,95%,OK
????????,318 ???,MERCEDES-BENZ,Sprinter 318,95%,OK
????????,318 ??? ???????? ?? 43,MERCEDES-BENZ,Sprinter 318,98%,OK
????????,319,MERCEDES-BENZ,319,95%,OK
????????,319 ??? ???????? ??36,MERCEDES-BENZ,Sprinter 319,98%,OK
????????,320,MERCEDES-BENZ,320,99%,OK
????????,3235,MERCEDES-BENZ,3235,95%,OK
????????,3236 ? ??????,MERCEDES-BENZ,Actros 3236,98%,OK
????????,3240,MERCEDES-BENZ,3240,95%,OK
????????,3241 ??????,MERCEDES-BENZ,Actros 3241,98%,OK
????????,3241 ? ??????,MERCEDES-BENZ,Actros 3241,98%,OK
????????,3243 ??????,MERCEDES-BENZ,Actros 3243,98%,OK
????????,3244,MERCEDES-BENZ,3244,95%,OK
????????,3332 ??????,MERCEDES-BENZ,Actros 3332,98%,OK
????????,3336 ? ??????,MERCEDES-BENZ,Actros 3336,98%,OK
????????,3341 ?? ??????,MERCEDES-BENZ,Actros 3341,98%,OK
????????,3341 ??????,MERCEDES-BENZ,Actros 3341,98%,OK
????????,3343 ??????,MERCEDES-BENZ,Actros 3343,98%,OK
????????,3344 ? 6 ? 6 ??????,MERCEDES-BENZ,Actros 3344,98%,OK
????????,3346 ??????,MERCEDES-BENZ,Actros 3346,98%,OK
????????,3351?? 6?6 ??????,MERCEDES-BENZ,Actros 3351,95%,OK
????????,350,MERCEDES-BENZ,350,99%,OK
????????,350 ??,MERCEDES-BENZ,350,99%,OK
????????,350 ??,MERCEDES-BENZ,350,99%,OK
????????,350 ???,MERCEDES-BENZ,350 SLC,99%,OK
????????,3543 ? ????? ?,MERCEDES-BENZ,Axor 3543,95%,OK
????????,3544,MERCEDES-BENZ,3544,95%,OK
????????,380 ??,MERCEDES-BENZ,380,99%,OK
????????,380 ??,MERCEDES-BENZ,380 SL,99%,OK
????????,400,MERCEDES-BENZ,400,99%,OK
????????,400 ?,MERCEDES-BENZ,400,99%,OK
????????,400 ??,MERCEDES-BENZ,400,99%,OK
????????,407?,MERCEDES-BENZ,407,95%,OK
????????,408,MERCEDES-BENZ,408,95%,OK
????????,408 ?,MERCEDES-BENZ,408,95%,OK
????????,409 ?,MERCEDES-BENZ,409,95%,OK
????????,410,MERCEDES-BENZ,410,95%,OK
????????,410 ?,MERCEDES-BENZ,410,95%,OK
????????,410 ? ????????,MERCEDES-BENZ,Sprinter 410,98%,OK
????????,410 ??,MERCEDES-BENZ,410,95%,OK
????????,411 ???,MERCEDES-BENZ,Sprinter 411,95%,OK
????????,412 ?,MERCEDES-BENZ,Sprinter,95%,OK
????????,412 ? ????????,MERCEDES-BENZ,Sprinter,98%,OK
????????,413 ???,MERCEDES-BENZ,Sprinter,95%,OK
????????,413 ??? ????????,MERCEDES-BENZ,Sprinter,98%,OK
????????,4141 ? ??????,MERCEDES-BENZ,Actros,98%,OK
????????,4141 ? ??????,MERCEDES-BENZ,Actros,98%,OK
????????,4143,MERCEDES-BENZ,Actros,90%,OK
????????,4144 ? ??????,MERCEDES-BENZ,Actros,98%,OK
????????,4148 ? ??????,MERCEDES-BENZ,Actros,98%,OK
????????,4151 ?? ??????,MERCEDES-BENZ,Actros,98%,OK
????????,416 ???,MERCEDES-BENZ,Sprinter,95%,OK
????????,420 ??,MERCEDES-BENZ,S-Class,95%,OK
????????,420 ???,MERCEDES-BENZ,S-Class Coupe,95%,OK
????????,420 ???,MERCEDES-BENZ,S-Class,95%,OK
????????,450,MERCEDES-BENZ,S-Class,80%,OK
????????,450 ???,MERCEDES-BENZ,S-Class,95%,OK
????????,450 ??,MERCEDES-BENZ,SL-Class,95%,OK
????????,450 ???,MERCEDES-BENZ,SLC-Class,95%,OK
????????,500,MERCEDES-BENZ,S-Class,80%,OK
????????,500 ?,MERCEDES-BENZ,E-Class,95%,OK
????????,500 ??,MERCEDES-BENZ,S-Class,95%,OK
????????,500 ???,MERCEDES-BENZ,S-Class Coupe,95%,OK
????????,500 ???,MERCEDES-BENZ,S-Class,95%,OK
????????,500 ??,MERCEDES-BENZ,SL-Class,95%,OK
????????,508 ?,MERCEDES-BENZ,T2,90%,OK
????????,511 ???,MERCEDES-BENZ,Sprinter,95%,OK
????????,511 ??? ???????? 36,MERCEDES-BENZ,Sprinter,98%,OK
????????,513 ???,MERCEDES-BENZ,Sprinter,95%,OK
????????,515 ???,MERCEDES-BENZ,Sprinter,95%,OK
????????,515 ??? ????????,MERCEDES-BENZ,Sprinter,98%,OK
????????,515 ??? ???????? 36,MERCEDES-BENZ,Sprinter,98%,OK
????????,516 ??? ???????? ?? 43,MERCEDES-BENZ,Sprinter,98%,OK
????????,516???,MERCEDES-BENZ,Sprinter,95%,OK
????????,518 ???,MERCEDES-BENZ,Sprinter,95%,OK
????????,518 ??? ????????,MERCEDES-BENZ,Sprinter,98%,OK
????????,519 ???,MERCEDES-BENZ,Sprinter,95%,OK
????????,519 ??? ????????,MERCEDES-BENZ,Sprinter,98%,OK
????????,560,MERCEDES-BENZ,S-Class,80%,OK
????????,560 ???,MERCEDES-BENZ,S-Class Coupe,95%,OK
????????,560 ???,MERCEDES-BENZ,S-Class,95%,OK
????????,560 ??,MERCEDES-BENZ,SL-Class,95%,OK
????????,600 ???,MERCEDES-BENZ,S-Class,95%,OK
????????,601 ?,MERCEDES-BENZ,T1,90%,OK
????????,602 ?,MERCEDES-BENZ,T1,90%,OK
????????,609 ?,MERCEDES-BENZ,T2,90%,OK
????????,611 ?,MERCEDES-BENZ,Vario,90%,OK
????????,612 ?,MERCEDES-BENZ,Vario,95%,OK
????????,612 ? ?????,MERCEDES-BENZ,Vario,98%,OK
????????,613 ?,MERCEDES-BENZ,T2,90%,OK
????????,614 ?,MERCEDES-BENZ,Vario,95%,OK
????????,615 ?,MERCEDES-BENZ,Vario,95%,OK
????????,616 ?,MERCEDES-BENZ,Sprinter,90%,OK
????????,616 ??? ?,MERCEDES-BENZ,Sprinter,95%,OK
????????,709 ?,MERCEDES-BENZ,T2,85%,OK
????????,711 ?,MERCEDES-BENZ,T2,90%,OK
????????,713 ?????,MERCEDES-BENZ,Atego,98%,OK
????????,809,MERCEDES-BENZ,LK-Class,85%,OK
????????,809 ?,MERCEDES-BENZ,LK-Class,85%,OK
????????,811 ?,MERCEDES-BENZ,T2,85%,OK
????????,812,MERCEDES-BENZ,Vario,90%,OK
????????,813 ? ?????,MERCEDES-BENZ,Vario,98%,OK
????????,814,MERCEDES-BENZ,LK-Class,90%,OK
????????,814 ?,MERCEDES-BENZ,Vario,85%,OK
????????,814 ? ?????,MERCEDES-BENZ,Vario,98%,OK
????????,814 ?,MERCEDES-BENZ,LK-Class,90%,OK
????????,814 ?,MERCEDES-BENZ,LK-Class,90%,OK
????????,814?? ??,MERCEDES-BENZ,Vario,90%,OK
????????,815,MERCEDES-BENZ,Atego,85%,OK
????????,815 ?????,MERCEDES-BENZ,Atego,98%,OK
????????,815 ?,MERCEDES-BENZ,Vario,95%,OK
????????,815 ?,MERCEDES-BENZ,Atego,90%,OK
????????,815 ? ?????,MERCEDES-BENZ,Atego,98%,OK
????????,816,MERCEDES-BENZ,Atego,85%,OK
????????,816 ?????,MERCEDES-BENZ,Atego,98%,OK
????????,816 ? ?????,MERCEDES-BENZ,Vario,98%,OK
????????,817,MERCEDES-BENZ,LK-Class,85%,OK
????????,817 ?????,MERCEDES-BENZ,Atego,98%,OK
????????,817 ?,MERCEDES-BENZ,LK-Class,90%,OK
????????,817 ?,MERCEDES-BENZ,LK-Class,90%,OK
????????,818 ?????,MERCEDES-BENZ,Atego,98%,OK
????????,818?,MERCEDES-BENZ,Vario,95%,OK
????????,822 ?,MERCEDES-BENZ,Atego,90%,OK
????????,822 ?? ?????,MERCEDES-BENZ,Atego,98%,OK
????????,823 ?????,MERCEDES-BENZ,Atego,98%,OK
????????,903.6 ??,MERCEDES-BENZ,Sprinter,90%,OK
????????,904 6,MERCEDES-BENZ,Sprinter,90%,OK
????????,906,MERCEDES-BENZ,Sprinter,95%,OK
????????,906 ?? 35,MERCEDES-BENZ,Sprinter,95%,OK
????????,906 ?? 30,MERCEDES-BENZ,Sprinter,95%,OK
????????,906 ?? 35,MERCEDES-BENZ,Sprinter,95%,OK
????????,906 ?? 50,MERCEDES-BENZ,Sprinter,95%,OK
????????,906 ?? 35,MERCEDES-BENZ,Sprinter,95%,OK
????????,906 ?? 50,MERCEDES-BENZ,Sprinter,95%,OK
????????,906 ?? 50 ???????? 510???,MERCEDES-BENZ,Sprinter,98%,OK
????????,914,MERCEDES-BENZ,LK-Class,90%,OK
????????,914 ??,MERCEDES-BENZ,LK-Class,90%,OK
????????,914 ?,MERCEDES-BENZ,LK-Class,90%,OK
????????,915 ? ?????,MERCEDES-BENZ,Atego,98%,OK
????????,917,MERCEDES-BENZ,LK-Class,90%,OK
????????,917 ?????,MERCEDES-BENZ,Atego,98%,OK
????????,917 ??,MERCEDES-BENZ,LK-Class,90%,OK
????????,918 ?????,MERCEDES-BENZ,Atego,98%,OK
????????,918 ? ?????,MERCEDES-BENZ,Atego,98%,OK
????????,923,MERCEDES-BENZ,Atego,90%,OK
????????,923 ? ?,MERCEDES-BENZ,Atego,90%,OK
????????,930.21,MERCEDES-BENZ,Actros,90%,OK
????????,932.31,MERCEDES-BENZ,Actros,90%,OK
????????,950 53,MERCEDES-BENZ,Atego,90%,OK
????????,950.62,MERCEDES-BENZ,Atego,90%,OK
????????,952 50,MERCEDES-BENZ,Atego,90%,OK
????????,957.66,MERCEDES-BENZ,Atego,90%,OK
????????,962?,MERCEDES-BENZ,Actros,85%,OK
????????,963 0 ?,MERCEDES-BENZ,Actros,90%,OK
????????,963 0 ? ?? ????? ????4,MERCEDES-BENZ,Actros,85%,OK
????????,967???3 ????? ???2,MERCEDES-BENZ,Atego,85%,OK
????????,970.01,MERCEDES-BENZ,Atego,90%,OK
????????,970.26,MERCEDES-BENZ,Atego,90%,OK
????????,? 140,MERCEDES-BENZ,A-Class,98%,OK
????????,? 150,MERCEDES-BENZ,A-Class,98%,OK
????????,? 160,MERCEDES-BENZ,A-Class,98%,OK
????????,? 160 ?,MERCEDES-BENZ,A-Class,98%,OK
????????,? 160 ???,MERCEDES-BENZ,A-Class,98%,OK
????????,? 170,MERCEDES-BENZ,A-Class,98%,OK
????????,? 170 ???,MERCEDES-BENZ,A-Class,98%,OK
????????,? 180,MERCEDES-BENZ,A-Class,98%,OK
????????,? 180 ?,MERCEDES-BENZ,A-Class,98%,OK
????????,? 180 ???,MERCEDES-BENZ,A-Class,98%,OK
????????,? 190,MERCEDES-BENZ,A-Class,98%,OK
????????,? 200,MERCEDES-BENZ,A-Class,98%,OK
????????,? 200 4?????,MERCEDES-BENZ,A-Class,98%,OK
????????,? 200 ?,MERCEDES-BENZ,A-Class,98%,OK
????????,? 200 ? 4?????,MERCEDES-BENZ,A-Class,98%,OK
????????,? 200 ???,MERCEDES-BENZ,A-Class,98%,OK
????????,? 200 ??? 4 ?????,MERCEDES-BENZ,A-Class,98%,OK
????????,? 210,MERCEDES-BENZ,A-Class,98%,OK
????????,? 220,MERCEDES-BENZ,A-Class,98%,OK
????????,? 220 4?????,MERCEDES-BENZ,A-Class,98%,OK
????????,? 220 ?,MERCEDES-BENZ,A-Class,98%,OK
????????,? 220 ???,MERCEDES-BENZ,A-Class,98%,OK
????????,? 220 ??? 4 ?????,MERCEDES-BENZ,A-Class,98%,OK
????????,? 250,MERCEDES-BENZ,A-Class,98%,OK
????????,? 250 4 ?????,MERCEDES-BENZ,A-Class,98%,OK
????????,? 250 ?,MERCEDES-BENZ,A-Class,98%,OK
????????,? 250 ?????,MERCEDES-BENZ,A-Class,98%,OK
????????,? 45 ??? 4 ?????,MERCEDES-BENZ,A-Class,98%,OK
????????,?? 308 ??,MERCEDES-BENZ,T1,OK,NEEDS_REVIEW
????????,?????,MERCEDES-BENZ,Axor,98%,OK
????????,????? 1824,MERCEDES-BENZ,Axor,98%,OK
????????,????? 1824 ??,MERCEDES-BENZ,Axor,98%,OK
????????,????? 1829 ??,MERCEDES-BENZ,Axor,98%,OK
????????,????? 2540 ??,MERCEDES-BENZ,Axor,98%,OK
????????,????? 2633?,MERCEDES-BENZ,Axor,98%,OK
????????,??????,MERCEDES-BENZ,Actros,98%,OK
????????,?????? 1831,MERCEDES-BENZ,Actros,98%,OK
????????,?????? 1832 ?,MERCEDES-BENZ,Actros,98%,OK
????????,?????? 1835 ?,MERCEDES-BENZ,Actros,98%,OK
????????,?????? 1836,MERCEDES-BENZ,Actros,98%,OK
????????,?????? 1840,MERCEDES-BENZ,Actros,98%,OK
????????,?????? 1841,MERCEDES-BENZ,Actros,98%,OK
????????,?????? 1841 ??,MERCEDES-BENZ,Actros,98%,OK
????????,?????? 1843,MERCEDES-BENZ,Actros,98%,OK
????????,?????? 1843 ??,MERCEDES-BENZ,Actros,98%,OK
????????,?????? 1844,MERCEDES-BENZ,Actros,98%,OK
????????,?????? 1844 ??,MERCEDES-BENZ,Actros,98%,OK
????????,?????? 1845 ??,MERCEDES-BENZ,Actros,98%,OK
????????,?????? 1846,MERCEDES-BENZ,Actros,98%,OK
????????,?????? 1846 ??,MERCEDES-BENZ,Actros,98%,OK
????????,?????? 1848 ??,MERCEDES-BENZ,Actros,98%,OK
????????,?????? 2044 ?,MERCEDES-BENZ,Actros,98%,OK
????????,?????? 2532,MERCEDES-BENZ,Actros,98%,OK
????????,?????? 2535 ?,MERCEDES-BENZ,Actros,98%,OK
????????,?????? 2536,MERCEDES-BENZ,Actros,98%,OK
????????,?????? 2536 ? 6 ? 2,MERCEDES-BENZ,Actros,98%,OK
????????,?????? 2540,MERCEDES-BENZ,Actros,98%,OK
????????,?????? 2541,MERCEDES-BENZ,Actros,98%,OK
????????,?????? 2544 ?,MERCEDES-BENZ,Actros,98%,OK
????????,?????? 2545,MERCEDES-BENZ,Actros,98%,OK
????????,?????? 2548,MERCEDES-BENZ,Actros,98%,OK
????????,?????? 2641 ? 6?4,MERCEDES-BENZ,Actros,98%,OK
????????,?????? 2644 ?,MERCEDES-BENZ,Actros,98%,OK
????????,?????? 3340,MERCEDES-BENZ,Actros,98%,OK
????????,?????? 3348,MERCEDES-BENZ,Actros,98%,OK
????????,?????? 3348 ??,MERCEDES-BENZ,Actros,98%,OK
????????,?????? 3355 ?,MERCEDES-BENZ,Actros,98%,OK
????????,?????? 4141 ?,MERCEDES-BENZ,Actros,98%,OK
????????,?????? 4158 ?? 8?4 4,MERCEDES-BENZ,Actros,98%,OK
????????,??? ? 35,MERCEDES-BENZ,A-Class,98%,OK
????????,??? ? 35 4?????,MERCEDES-BENZ,A-Class,98%,OK
????????,??? ? 45,MERCEDES-BENZ,A-Class,98%,OK
????????,??? ? 45 ?,MERCEDES-BENZ,A-Class,98%,OK
????????,??? ? 45 ? 4????? ????,MERCEDES-BENZ,A-Class,98%,OK
????????,??? ? 63,MERCEDES-BENZ,G-Class,98%,OK
????????,??? ? 63 4?42,MERCEDES-BENZ,G-Class,98%,OK
????????,??? ??? 35,MERCEDES-BENZ,GLA-Class,98%,OK
????????,??? ??? 35 4?????,MERCEDES-BENZ,GLA-Class,98%,OK
????????,??? ??? 45,MERCEDES-BENZ,GLA-Class,98%,OK
????????,??? ??? 45 ?,MERCEDES-BENZ,GLA-Class,98%,OK
????????,??? ??? 35,MERCEDES-BENZ,GLB-Class,98%,OK
????????,??? ??? 35 4?????,MERCEDES-BENZ,GLB-Class,98%,OK
????????,??? ??? 43,MERCEDES-BENZ,GLE-Class,98%,OK
????????,??? ??? 53 4 ????? ????,MERCEDES-BENZ,GLE 53 AMG,95%,OK
????????,??? ??? 53 4?????,MERCEDES-BENZ,GLE 53 AMG,95%,OK
????????,??? ??? 53 4????? ????,MERCEDES-BENZ,GLE 53 AMG Coupe,95%,OK
????????,??? ??? 53 4????? ???? ????,MERCEDES-BENZ,GLE 53 AMG Coupe,95%,OK
????????,??? ??? 53 ??????,MERCEDES-BENZ,GLE 53 AMG,95%,OK
????????,??? ??? 53 ?????? ????,MERCEDES-BENZ,GLE 53 AMG Coupe,95%,OK
????????,??? ??? 63,MERCEDES-BENZ,GLE 63 AMG,95%,OK
????????,??? ??? 63 4?????,MERCEDES-BENZ,GLE 63 AMG,95%,OK
????????,??? ??? 63 4????? ????,MERCEDES-BENZ,GLE 63 AMG,95%,OK
????????,??? ??? 63 ?,MERCEDES-BENZ,GLE 63 S AMG,95%,OK
????????,??? ??? 63 ? 4 ?????,MERCEDES-BENZ,GLE 63 S AMG,95%,OK
????????,??? ??? 63 ? 4????? ????,MERCEDES-BENZ,GLE 63 S AMG Coupe,95%,OK
????????,??? ??? 63 ? 4????? ????,MERCEDES-BENZ,GLE 63 S AMG,95%,OK
????????,??? ??? 63 ? 4????? ???? ????,MERCEDES-BENZ,GLE 63 S AMG Coupe,95%,OK
????????,??? ??? 63,MERCEDES-BENZ,GLS 63 AMG,95%,OK
????????,??? ??? 63 4?????,MERCEDES-BENZ,GLS 63 AMG,95%,OK
????????,??? ??? 63 4????? ????,MERCEDES-BENZ,GLS 63 AMG,95%,OK
????????,??? ??? 43,MERCEDES-BENZ,GLC 43 AMG,95%,OK
????????,??? ??? 43 4?????,MERCEDES-BENZ,GLC 43 AMG,95%,OK
????????,??? ??? 53 4????? ????,MERCEDES-BENZ,GLC 53 AMG,95%,OK
????????,??? ??? 63 4????? ????,MERCEDES-BENZ,GLC 63 AMG,95%,OK
????????,??? ??? 63 ? 4?????,MERCEDES-BENZ,GLC 63 S AMG,95%,OK
????????,??? ??? 63 ? ? ??????????,MERCEDES-BENZ,GLC 63 S E Performance,95%,OK
????????,??? ??,MERCEDES-BENZ,AMG GT,95%,OK
????????,??? ?? 43,MERCEDES-BENZ,AMG GT 43,95%,OK
????????,??? ?? 43 4?????,MERCEDES-BENZ,AMG GT 43,95%,OK
????????,??? ?? 43 4????? ????,MERCEDES-BENZ,AMG GT 43,95%,OK
????????,??? ?? 53 4?????,MERCEDES-BENZ,AMG GT 53,95%,OK
????????,??? ?? 53 4????? ????,MERCEDES-BENZ,AMG GT 53,95%,OK
????????,??? ?? 55 4????? ????,MERCEDES-BENZ,AMG GT 55,95%,OK
????????,??? ?? 63 4?????,MERCEDES-BENZ,AMG GT 63,95%,OK
????????,??? ?? 63 4????? ????,MERCEDES-BENZ,AMG GT 63,95%,OK
????????,??? ?? 63 ??? 4????? ????,MERCEDES-BENZ,AMG GT 63 Pro,95%,OK
????????,??? ?? 63 ? 4?????,MERCEDES-BENZ,AMG GT 63 S,95%,OK
????????,??? ?? 63 ? 4????? ????,MERCEDES-BENZ,AMG GT 63 S,95%,OK
????????,??? ?? 63 ? ? ??????????,MERCEDES-BENZ,AMG GT 63 S E Performance,95%,OK
????????,??? ?? ?,MERCEDES-BENZ,AMG GT R,95%,OK
????????,??? ?? ?,MERCEDES-BENZ,AMG GT S,95%,OK
????????,??? ?? ?,MERCEDES-BENZ,AMG GT C,95%,OK
????????,??? ? 43 4?????,MERCEDES-BENZ,E 43 AMG,95%,OK
????????,??? ? 53 4?????,MERCEDES-BENZ,E 53 AMG,95%,OK
????????,??? ? 53 ??????,MERCEDES-BENZ,E 53 AMG,95%,OK
????????,??? ? 63,MERCEDES-BENZ,E 63 AMG,95%,OK
????????,??? ? 63 ?,MERCEDES-BENZ,E 63 S AMG,95%,OK
????????,??? ???? 43 4?????,MERCEDES-BENZ,EQE 43 AMG,95%,OK
????????,??? ???? 53 4????? ????,MERCEDES-BENZ,EQE 53 AMG,95%,OK
????????,??? ???? 53 4?????,MERCEDES-BENZ,EQS 53 AMG,95%,OK
????????,??? ???? 53 4????? ????,MERCEDES-BENZ,EQS 53 AMG,95%,OK
????????,??? ????????,MERCEDES-BENZ,AMG PureSpeed,90%,OK
????????,??? ? 63 4 ?????,MERCEDES-BENZ,S 63 AMG,95%,OK
????????,??? ? 63 ? ??????????,MERCEDES-BENZ,S 63 E Performance,95%,OK
????????,??? ? 63 ?,MERCEDES-BENZ,S 63 S AMG,95%,OK
????????,??? ?? 43,MERCEDES-BENZ,SL 43 AMG,95%,OK
????????,??? ?? 55 4????? ????,MERCEDES-BENZ,SL 55 AMG,95%,OK
????????,??? ?? 63 4?????,MERCEDES-BENZ,SL 63 AMG,95%,OK
????????,??? ?? 63 4????? ????,MERCEDES-BENZ,SL 63 AMG,95%,OK
????????,??? ?? 63 ? ? ??????????,MERCEDES-BENZ,SL 63 S E Performance,95%,OK
????????,??? ??? 43 ????,MERCEDES-BENZ,SLC 43 AMG,95%,OK
????????,??? ???,MERCEDES-BENZ,AMG One,95%,OK
????????,??? ? 43,MERCEDES-BENZ,C 43 AMG,95%,OK
????????,??? ? 43 4?????,MERCEDES-BENZ,C 43 AMG,95%,OK
????????,??? ? 43 4????? ????,MERCEDES-BENZ,C 43 AMG,95%,OK
????????,??? ? 63,MERCEDES-BENZ,C 63 AMG,95%,OK
????????,??? ? 63 ?,MERCEDES-BENZ,C 63 S AMG,95%,OK
????????,??? ? 63 ? ? ??????????,MERCEDES-BENZ,C 63 S E Performance,95%,OK
????????,??? ??? 35,MERCEDES-BENZ,CLA 35 AMG,95%,OK
????????,??? ??? 35 4?????,MERCEDES-BENZ,CLA 35 AMG,95%,OK
????????,??? ??? 45,MERCEDES-BENZ,CLA 45 AMG,95%,OK
????????,??? ??? 45 ?,MERCEDES-BENZ,CLA 45 S AMG,95%,OK
????????,??? ??? 45 ? 4????? ????,MERCEDES-BENZ,CLA 45 S AMG,95%,OK
????????,??? ??? 53 4?????,MERCEDES-BENZ,CLE 53 AMG,95%,OK
????????,??? ??? 53 4?????,MERCEDES-BENZ,CLS 53 AMG,95%,OK
????????,??????? 4,MERCEDES-BENZ,Andecar 4,OK,NEEDS_REVIEW
????????,?????,MERCEDES-BENZ,Antos,95%,OK
????????,????? 1840,MERCEDES-BENZ,Antos 1840,95%,OK
????????,?????,MERCEDES-BENZ,Arocs,90%,OK
????????,?????,MERCEDES-BENZ,Arocs,95%,OK
????????,????? 4143,MERCEDES-BENZ,Arocs 4143,95%,OK
????????,?????,MERCEDES-BENZ,Atego,95%,OK
????????,????? 1017,MERCEDES-BENZ,Atego 1017,95%,OK
????????,????? 1018 ?,MERCEDES-BENZ,Atego 1018,95%,OK
????????,????? 1217,MERCEDES-BENZ,Atego 1217,95%,OK
????????,????? 1218,MERCEDES-BENZ,Atego 1218,95%,OK
????????,????? 1223,MERCEDES-BENZ,Atego 1223,95%,OK
????????,????? 1329 ?,MERCEDES-BENZ,Atego 1329,95%,OK
????????,????? 1528,MERCEDES-BENZ,Atego 1528,95%,OK
????????,????? 1530,MERCEDES-BENZ,Atego 1530,95%,OK
????????,????? 16.23,MERCEDES-BENZ,Atego 1623,95%,OK
????????,????? 1823 ?,MERCEDES-BENZ,Atego 1823,95%,OK
????????,????? 812,MERCEDES-BENZ,Atego 812,95%,OK
????????,????? 815,MERCEDES-BENZ,Atego 815,95%,OK
????????,????? 816,MERCEDES-BENZ,Atego 816,95%,OK
????????,????? 818 ?,MERCEDES-BENZ,Atego 818,95%,OK
????????,????? 822 ?,MERCEDES-BENZ,Atego 822,95%,OK
????????,????? 824,MERCEDES-BENZ,Atego 824,95%,OK
????????,????? 918 ?,MERCEDES-BENZ,Atego 918,95%,OK
????????,????? 970.01,MERCEDES-BENZ,Atego 970.01,90%,OK
????????,????? 970.22,MERCEDES-BENZ,Atego 970.22,90%,OK
????????,? 150,MERCEDES-BENZ,B 150,95%,OK
????????,? 160,MERCEDES-BENZ,B 160,95%,OK
????????,? 160 ???,MERCEDES-BENZ,B 160,95%,OK
????????,? 170,MERCEDES-BENZ,B 170,95%,OK
????????,? 170 ???,MERCEDES-BENZ,B 170,95%,OK
????????,? 180,MERCEDES-BENZ,B 180,95%,OK
????????,? 180 ?,MERCEDES-BENZ,B 180,95%,OK
????????,? 180 ???,MERCEDES-BENZ,B 180,95%,OK
????????,? 200,MERCEDES-BENZ,B 200,95%,OK
????????,? 200 4?????,MERCEDES-BENZ,B 200,95%,OK
????????,? 200 ?,MERCEDES-BENZ,B 200,95%,OK
????????,? 200 ? 4?????,MERCEDES-BENZ,B 200,95%,OK
????????,? 200 ?????,MERCEDES-BENZ,B 200,95%,OK
????????,? 200 ???,MERCEDES-BENZ,B 200,95%,OK
????????,? 200 ??? 4 ?????,MERCEDES-BENZ,B 200,95%,OK
????????,? 220,MERCEDES-BENZ,B 220,95%,OK
????????,? 220 4?????,MERCEDES-BENZ,B 220,95%,OK
????????,? 220 ?,MERCEDES-BENZ,B 220,95%,OK
????????,? 220 ? 4?????,MERCEDES-BENZ,B 220,95%,OK
????????,? 250,MERCEDES-BENZ,B 250,95%,OK
????????,? 250 4 ?????,MERCEDES-BENZ,B 250,95%,OK
????????,? 250 ?,MERCEDES-BENZ,B 250,95%,OK
????????,? 200,MERCEDES-BENZ,V 200,95%,OK
????????,? 200 ???,MERCEDES-BENZ,V 200,95%,OK
????????,? 220 ???,MERCEDES-BENZ,V 220,95%,OK
????????,? 230,MERCEDES-BENZ,V 230,95%,OK
????????,? 230 ??,MERCEDES-BENZ,V 230,95%,OK
????????,? ?????,MERCEDES-BENZ,V-Class,95%,OK
????????,?220,MERCEDES-BENZ,V 220,95%,OK
????????,?250,MERCEDES-BENZ,V 250,95%,OK
????????,?300,MERCEDES-BENZ,V 300,95%,OK
????????,?????,MERCEDES-BENZ,Vaneo,95%,OK
????????,????? 1.9,MERCEDES-BENZ,Vaneo,95%,OK
????????,????? ???,MERCEDES-BENZ,Vaneo,95%,OK
????????,????? ??? 1.7,MERCEDES-BENZ,Vaneo,95%,OK
????????,?????,MERCEDES-BENZ,Vario,95%,OK
????????,????? 815 ?,MERCEDES-BENZ,Vario 815,95%,OK
????????,?????,MERCEDES-BENZ,Viano,95%,OK
????????,????? 3.0,MERCEDES-BENZ,Viano,95%,OK
????????,????? 3.2,MERCEDES-BENZ,Viano,95%,OK
????????,????? 3.5,MERCEDES-BENZ,Viano,95%,OK
????????,????? 3.5 ??? ?,MERCEDES-BENZ,Viano,95%,OK
????????,????? ??? 2.0,MERCEDES-BENZ,Viano,95%,OK
????????,????? ??? 2.2,MERCEDES-BENZ,Viano,95%,OK
????????,????? ??? 2.2 4 ?????,MERCEDES-BENZ,Viano,95%,OK
????????,????,MERCEDES-BENZ,Vito,95%,OK
????????,???? 108 ?,MERCEDES-BENZ,Vito 108,95%,OK
????????,???? 108 ???,MERCEDES-BENZ,Vito 108,95%,OK
????????,???? 109 ???,MERCEDES-BENZ,Vito 109,95%,OK
????????,???? 110 ?,MERCEDES-BENZ,Vito 110,95%,OK
????????,???? 110 ???,MERCEDES-BENZ,Vito 110,95%,OK
????????,???? 111 ??????,MERCEDES-BENZ,Vito 111,95%,OK
????????,???? 111 ???,MERCEDES-BENZ,Vito 111,95%,OK
????????,???? 111 ??? 4?4,MERCEDES-BENZ,Vito 111,95%,OK
????????,???? 112 ???,MERCEDES-BENZ,Vito 112,95%,OK
????????,???? 113,MERCEDES-BENZ,Vito 113,95%,OK
????????,???? 114,MERCEDES-BENZ,Vito 114,95%,OK
????????,???? 115 ???,MERCEDES-BENZ,Vito 115,95%,OK
????????,???? 115 ??? 4 ? 4,MERCEDES-BENZ,Vito 115,95%,OK
????????,???? 116 ???,MERCEDES-BENZ,Vito 116,95%,OK
????????,???? 119,MERCEDES-BENZ,Vito 119,95%,OK
????????,???? 120 ???,MERCEDES-BENZ,Vito 120,95%,OK
????????,???? 122,MERCEDES-BENZ,Vito 122,95%,OK
????????,???? ? 230 ??,MERCEDES-BENZ,Vito 230,95%,OK
????????,???? ?????,MERCEDES-BENZ,Vito Tourer,95%,OK
????????,? 270 ???,MERCEDES-BENZ,G 270,95%,OK
????????,? 300,MERCEDES-BENZ,G 300,95%,OK
????????,? 320,MERCEDES-BENZ,G 320,95%,OK
????????,? 320 ???,MERCEDES-BENZ,G 320,95%,OK
????????,? 350 ??????,MERCEDES-BENZ,G 350,95%,OK
????????,? 350 ?,MERCEDES-BENZ,G 350,95%,OK
????????,? 350 ??,MERCEDES-BENZ,G 350,95%,OK
????????,? 350 ???,MERCEDES-BENZ,G 350,95%,OK
????????,? 400 ?,MERCEDES-BENZ,G 400,95%,OK
????????,? 400 ???,MERCEDES-BENZ,G 400,95%,OK
????????,? 450 ?,MERCEDES-BENZ,G 450,95%,OK
????????,? 500,MERCEDES-BENZ,G 500,95%,OK
????????,? 500 ?,MERCEDES-BENZ,G 500,95%,OK
????????,? 55 ???,MERCEDES-BENZ,G 55 AMG,95%,OK
????????,? 550,MERCEDES-BENZ,G 550,95%,OK
????????,? 580,MERCEDES-BENZ,G 580,95%,OK
????????,? 63 ???,MERCEDES-BENZ,G 63 AMG,95%,OK
????????,?500 4?4 2,MERCEDES-BENZ,G 500 4x4,95%,OK
????????,?550 4?????,MERCEDES-BENZ,G 550,95%,OK
????????,?????? ???????,MERCEDES-BENZ,Gazelle Replica,OK,NEEDS_REVIEW
????????,?? 320 ??? ???,MERCEDES-BENZ,GL 320,95%,OK
????????,?? 320 ???,MERCEDES-BENZ,GL 320,95%,OK
????????,?? 320 ??? 4 ?????,MERCEDES-BENZ,GL 320,95%,OK
????????,?? 350 ??????,MERCEDES-BENZ,GL 350,95%,OK
????????,?? 350 ?????? 4 ?????,MERCEDES-BENZ,GL 350,95%,OK
????????,?? 350 ??? 4 ?????,MERCEDES-BENZ,GL 350,95%,OK
????????,?? 350 ??? ??? ?????????,MERCEDES-BENZ,GL 350,95%,OK
????????,?? 400 4 ?????,MERCEDES-BENZ,GL 400,95%,OK
????????,?? 420 ???,MERCEDES-BENZ,GL 420,95%,OK
????????,?? 420 ??? 4 ?????,MERCEDES-BENZ,GL 420,95%,OK
????????,?? 450,MERCEDES-BENZ,GL 450,95%,OK
????????,?? 450 4 ?????,MERCEDES-BENZ,GL 450,95%,OK
????????,?? 450 ??? 4 ?????,MERCEDES-BENZ,GL 450,95%,OK
????????,?? 500,MERCEDES-BENZ,GL 500,95%,OK
????????,?? 500 4 ?????,MERCEDES-BENZ,GL 500,95%,OK
????????,?? 550,MERCEDES-BENZ,GL 550,95%,OK
????????,?? 550 4 ?????,MERCEDES-BENZ,GL 550,95%,OK
????????,?? 63 ???,MERCEDES-BENZ,GL,95%,OK
????????,??? 180,MERCEDES-BENZ,GLA,95%,OK
????????,??? 180 ???,MERCEDES-BENZ,GLA,95%,OK
????????,??? 180?,MERCEDES-BENZ,GLA,95%,OK
????????,??? 200,MERCEDES-BENZ,GLA,95%,OK
????????,??? 200 4 ?????,MERCEDES-BENZ,GLA,95%,OK
????????,??? 200 ?,MERCEDES-BENZ,GLA,95%,OK
????????,??? 200 ? 4 ?????,MERCEDES-BENZ,GLA,95%,OK
????????,??? 200 ? 4?????,MERCEDES-BENZ,GLA,95%,OK
????????,??? 200 ???,MERCEDES-BENZ,GLA,95%,OK
????????,??? 200 ??? 4 ?????,MERCEDES-BENZ,GLA,95%,OK
????????,??? 220,MERCEDES-BENZ,GLA,95%,OK
????????,??? 220 4?????,MERCEDES-BENZ,GLA,95%,OK
????????,??? 220 ?,MERCEDES-BENZ,GLA,95%,OK
????????,??? 220 ? 4 ?????,MERCEDES-BENZ,GLA,95%,OK
????????,??? 220 ???,MERCEDES-BENZ,GLA,95%,OK
????????,??? 220 ??? 4 ?????,MERCEDES-BENZ,GLA,95%,OK
????????,??? 250,MERCEDES-BENZ,GLA,95%,OK
????????,??? 250 4 ?????,MERCEDES-BENZ,GLA,95%,OK
????????,??? 250 ?,MERCEDES-BENZ,GLA,95%,OK
????????,??? 35 4?????,MERCEDES-BENZ,GLA,95%,OK
????????,??? 45 ??? 4 ?????,MERCEDES-BENZ,GLA,95%,OK
????????,??? 180,MERCEDES-BENZ,GLB,95%,OK
????????,??? 180 ?,MERCEDES-BENZ,GLB,95%,OK
????????,??? 200,MERCEDES-BENZ,GLB,95%,OK
????????,??? 200 4?????,MERCEDES-BENZ,GLB,95%,OK
????????,??? 200 ?,MERCEDES-BENZ,GLB,95%,OK
????????,??? 200 ? 4?????,MERCEDES-BENZ,GLB,95%,OK
????????,??? 220,MERCEDES-BENZ,GLB,95%,OK
????????,??? 220 4?????,MERCEDES-BENZ,GLB,95%,OK
????????,??? 220 ?,MERCEDES-BENZ,GLB,95%,OK
????????,??? 220 ? 4?????,MERCEDES-BENZ,GLB,95%,OK
????????,??? 250,MERCEDES-BENZ,GLB,95%,OK
????????,??? 250 4?????,MERCEDES-BENZ,GLB,95%,OK
????????,??? 250 ????,MERCEDES-BENZ,GLB,95%,OK
????????,??? 35 ??? 4?????,MERCEDES-BENZ,GLB,95%,OK
????????,??? 350 4?????,MERCEDES-BENZ,GLB,95%,OK
????????,??? 250 ?,MERCEDES-BENZ,GLE,95%,OK
????????,??? 250 ? 4?????,MERCEDES-BENZ,GLE,95%,OK
????????,??? 300 ? 4?????,MERCEDES-BENZ,GLE,95%,OK
????????,??? 300 ? 4????? ????,MERCEDES-BENZ,GLE Coupe,95%,OK
????????,??? 300?,MERCEDES-BENZ,GLE,95%,OK
????????,??? 350,MERCEDES-BENZ,GLE,95%,OK
????????,??? 350 4 ?????,MERCEDES-BENZ,GLE,95%,OK
????????,??? 350 4????? ????,MERCEDES-BENZ,GLE Coupe,95%,OK
????????,??? 350 ??????,MERCEDES-BENZ,GLE,95%,OK
????????,??? 350 ? 4?????,MERCEDES-BENZ,GLE,95%,OK
????????,??? 350 ? 4????? ????,MERCEDES-BENZ,GLE Coupe,95%,OK
????????,??? 350 ?? 4?????,MERCEDES-BENZ,GLE,95%,OK
????????,??? 350 ?? 4????? ????,MERCEDES-BENZ,GLE Coupe,95%,OK
????????,??? 350 ? 4?????,MERCEDES-BENZ,GLE,95%,OK
????????,??? 350 ? 4????? ????,MERCEDES-BENZ,GLE Coupe,95%,OK
????????,??? 400 4 ?????,MERCEDES-BENZ,GLE,95%,OK
????????,??? 400 ? 4?????,MERCEDES-BENZ,GLE,95%,OK
????????,??? 400 ? 4????? ????,MERCEDES-BENZ,GLE Coupe,95%,OK
????????,??? 400 ? 4?????,MERCEDES-BENZ,GLE,95%,OK
????????,??? 400 ? 4????? ????,MERCEDES-BENZ,GLE Coupe,95%,OK
????????,??? 43,MERCEDES-BENZ,GLE,95%,OK
????????,??? 43 ??? 4?????,MERCEDES-BENZ,GLE,95%,OK
????????,??? 450 4 ?????,MERCEDES-BENZ,GLE,95%,OK
????????,??? 450 4?????,MERCEDES-BENZ,GLE,95%,OK
????????,??? 450 ? 4?????,MERCEDES-BENZ,GLE,95%,OK
????????,??? 450 ? 4????? ????,MERCEDES-BENZ,GLE Coupe,95%,OK
????????,??? 450 ? 4 ?????,MERCEDES-BENZ,GLE,95%,OK
????????,??? 500 4?????,MERCEDES-BENZ,GLE,95%,OK
????????,??? 500 ? 4?????,MERCEDES-BENZ,GLE,95%,OK
????????,??? 53 ??? 4 ?????,MERCEDES-BENZ,GLE,95%,OK
????????,??? 550 4?????,MERCEDES-BENZ,GLE,95%,OK
????????,??? 550 ? 4?????,MERCEDES-BENZ,GLE,95%,OK
????????,??? 580 4?????,MERCEDES-BENZ,GLE,95%,OK
????????,??? 63 ? ???,MERCEDES-BENZ,GLE,95%,OK
????????,??? 200 ???,MERCEDES-BENZ,GLK,95%,OK
????????,??? 220 ??????? 4 ?????,MERCEDES-BENZ,GLK,95%,OK
????????,??? 220 ???,MERCEDES-BENZ,GLK,95%,OK
????????,??? 220 ??? 4 ?????,MERCEDES-BENZ,GLK,95%,OK
????????,??? 250,MERCEDES-BENZ,GLK,95%,OK
????????,??? 250 4 ?????,MERCEDES-BENZ,GLK,95%,OK
????????,??? 250 ?????? 4 ?????,MERCEDES-BENZ,GLK,95%,OK
????????,??? 250 ??? 4 ?????,MERCEDES-BENZ,GLK,95%,OK
????????,??? 280 4 ?????,MERCEDES-BENZ,GLK,95%,OK
????????,??? 300 4 ?????,MERCEDES-BENZ,GLK,95%,OK
????????,??? 320 ??? 4 ?????,MERCEDES-BENZ,GLK,95%,OK
????????,??? 350,MERCEDES-BENZ,GLK,95%,OK
????????,??? 350 4 ?????,MERCEDES-BENZ,GLK,95%,OK
????????,??? 350 ??? 4 ?????,MERCEDES-BENZ,GLK,95%,OK
????????,??? 350 ? 4?????,MERCEDES-BENZ,GLS,95%,OK
????????,??? 400 4 ?????,MERCEDES-BENZ,GLS,95%,OK
????????,??? 400 ? 4?????,MERCEDES-BENZ,GLS,95%,OK
????????,??? 450,MERCEDES-BENZ,GLS,95%,OK
????????,??? 450 ? 4?????,MERCEDES-BENZ,GLS,95%,OK
????????,??? 500 4 ?????,MERCEDES-BENZ,GLS,95%,OK
????????,??? 580 4?????,MERCEDES-BENZ,GLS,95%,OK
????????,??? 600 4????? ??????,MERCEDES-BENZ,GLS,95%,OK
????????,??? 63 ???,MERCEDES-BENZ,GLS,95%,OK
????????,???450 4?????,MERCEDES-BENZ,GLS,95%,OK
????????,???550 4?????,MERCEDES-BENZ,GLS,95%,OK
????????,??? 200,MERCEDES-BENZ,GLC,95%,OK
????????,??? 200 4?????,MERCEDES-BENZ,GLC,95%,OK
????????,??? 200 ? 4?????,MERCEDES-BENZ,GLC,95%,OK
????????,??? 220 ? 4?????,MERCEDES-BENZ,GLC,95%,OK
????????,??? 220?,MERCEDES-BENZ,GLC,95%,OK
????????,??? 250 4?????,MERCEDES-BENZ,GLC,95%,OK
????????,??? 250 ? 4?????,MERCEDES-BENZ,GLC,95%,OK
????????,??? 300,MERCEDES-BENZ,GLC,95%,OK
????????,??? 300 4 ?????,MERCEDES-BENZ,GLC,95%,OK
????????,??? 300 ? 4?????,MERCEDES-BENZ,GLC,95%,OK
????????,??? 300 ?? 4?????,MERCEDES-BENZ,GLC,95%,OK
????????,??? 300 ? 4?????,MERCEDES-BENZ,GLC,95%,OK
????????,??? 350 ? 4 ?????,MERCEDES-BENZ,GLC,95%,OK
????????,??? 350? 4?????,MERCEDES-BENZ,GLC,95%,OK
????????,??? 400 4????? ??? ??? ??,MERCEDES-BENZ,GLC,90%,OK
????????,??? 400 ? 4?????,MERCEDES-BENZ,GLC,95%,OK
????????,??? 400 ? 4?????,MERCEDES-BENZ,GLC,95%,OK
????????,??? 43 ???,MERCEDES-BENZ,GLC,95%,OK
????????,??? 450 ? 4?????,MERCEDES-BENZ,GLC,95%,OK
????????,??? 63 ??? ?,MERCEDES-BENZ,GLC,95%,OK
????????,???300,MERCEDES-BENZ,GLC,95%,OK
????????,? 200,MERCEDES-BENZ,E-Class,95%,OK
????????,? 200 4?????,MERCEDES-BENZ,E-Class,95%,OK
????????,? 200 ???????,MERCEDES-BENZ,E-Class,95%,OK
????????,? 200 ?,MERCEDES-BENZ,E-Class,95%,OK
????????,? 200 ?????????,MERCEDES-BENZ,E-Class,95%,OK
????????,? 200 ????,MERCEDES-BENZ,E-Class,95%,OK
????????,? 200 ???,MERCEDES-BENZ,E-Class,95%,OK
????????,? 200 ?,MERCEDES-BENZ,E-Class,95%,OK
????????,? 200 ???,MERCEDES-BENZ,E-Class,95%,OK
????????,? 200 ???,MERCEDES-BENZ,E-Class,95%,OK
????????,? 220,MERCEDES-BENZ,E-Class,95%,OK
????????,? 220 ??????,MERCEDES-BENZ,E-Class,95%,OK
????????,? 220 ?????? 4?????,MERCEDES-BENZ,E-Class,95%,OK
????????,? 220 ?,MERCEDES-BENZ,E-Class,95%,OK
????????,? 220 ? 4 ?????,MERCEDES-BENZ,E-Class,95%,OK
????????,? 220 ? 4?????,MERCEDES-BENZ,E-Class,95%,OK
????????,? 220 ? 4????? ????????,MERCEDES-BENZ,E-Class,95%,OK
????????,? 220 ?,MERCEDES-BENZ,E-Class,95%,OK
????????,? 220 ????,MERCEDES-BENZ,E-Class,95%,OK
????????,? 220 ???,MERCEDES-BENZ,E-Class,95%,OK
????????,? 220 ??? ??????,MERCEDES-BENZ,E-Class,95%,OK
????????,? 230,MERCEDES-BENZ,E-Class,95%,OK
????????,? 240,MERCEDES-BENZ,E-Class,95%,OK
????????,? 240 4 ?????,MERCEDES-BENZ,E-Class,95%,OK
????????,? 240 ?,MERCEDES-BENZ,E-Class,95%,OK
????????,? 250,MERCEDES-BENZ,E-Class,95%,OK
????????,? 250 ??????,MERCEDES-BENZ,E-Class,95%,OK
????????,? 250 ?????? 4 ?????,MERCEDES-BENZ,E-Class,95%,OK
????????,? 250 ?,MERCEDES-BENZ,E-Class,95%,OK
????????,? 250 ??,MERCEDES-BENZ,E-Class,95%,OK
????????,? 250 ???,MERCEDES-BENZ,E-Class,95%,OK
????????,? 250 ???,MERCEDES-BENZ,E-Class,95%,OK
????????,? 250 ??? 4 ?????,MERCEDES-BENZ,E-Class,95%,OK
????????,? 270,MERCEDES-BENZ,E-Class,95%,OK
????????,? 270 ???,MERCEDES-BENZ,E-Class,95%,OK
????????,? 280,MERCEDES-BENZ,E-Class,95%,OK
????????,? 280 4 ?????,MERCEDES-BENZ,E-Class,95%,OK
????????,? 280 ???,MERCEDES-BENZ,E-Class,95%,OK
????????,? 280 ??? 4 ?????,MERCEDES-BENZ,E-Class,95%,OK
????????,? 290 ?,MERCEDES-BENZ,E-Class,95%,OK
????????,? 290 ??,MERCEDES-BENZ,E-Class,95%,OK
????????,? 300,MERCEDES-BENZ,E-Class,95%,OK
????????,? 300 4 ?????,MERCEDES-BENZ,E-Class,95%,OK
????????,? 300 ??????,MERCEDES-BENZ,E-Class,95%,OK
????????,? 300 ?????? ??????,MERCEDES-BENZ,E-Class,95%,OK
????????,? 300 ?,MERCEDES-BENZ,E-Class,95%,OK
????????,? 300 ? 4?????,MERCEDES-BENZ,E-Class,95%,OK
????????,? 300 ??,MERCEDES-BENZ,E-Class,95%,OK
????????,? 300 ?? 4?????,MERCEDES-BENZ,E-Class,95%,OK
????????,? 300 ?,MERCEDES-BENZ,E-Class,95%,OK
????????,? 300 ? 4?????,MERCEDES-BENZ,E-Class,95%,OK
????????,? 300 ??,MERCEDES-BENZ,E-Class,95%,OK
????????,? 300 ???,MERCEDES-BENZ,E-Class,95%,OK
????????,? 300?? 4????? ????????,MERCEDES-BENZ,E-Class,95%,OK
????????,? 320,MERCEDES-BENZ,E-Class,95%,OK
????????,? 320 4 ?????,MERCEDES-BENZ,E-Class,95%,OK
????????,? 320 ???,MERCEDES-BENZ,E-Class,95%,OK
????????,? 320 ??? 4 ?????,MERCEDES-BENZ,E-Class,95%,OK
????????,? 350,MERCEDES-BENZ,E-Class,95%,OK
????????,? 350 4 ?????,MERCEDES-BENZ,E-Class,95%,OK
????????,? 350 ???,MERCEDES-BENZ,E-Class,95%,OK
????????,? 350 ??????? 4 ?????,MERCEDES-BENZ,E-Class,95%,OK
????????,? 350 ??????,MERCEDES-BENZ,E-Class,95%,OK
????????,? 350 ?,MERCEDES-BENZ,E-Class,95%,OK
????????,? 350 ? 4 ????? ???????,MERCEDES-BENZ,E-Class,95%,OK
????????,? 350 ? 4?????,MERCEDES-BENZ,E-Class,95%,OK
????????,? 350 ?,MERCEDES-BENZ,E-Class,95%,OK
????????,? 350 ???,MERCEDES-BENZ,E-Class,95%,OK
????????,? 350 ???,MERCEDES-BENZ,E-Class,95%,OK
????????,? 350 ??? 4 ?????,MERCEDES-BENZ,E-Class,95%,OK
????????,? 400 4 ?????,MERCEDES-BENZ,E-Class,95%,OK
????????,? 400 ?,MERCEDES-BENZ,E-Class,95%,OK
????????,? 400 ? 4?????,MERCEDES-BENZ,E-Class,95%,OK
????????,? 400 ? 4?????,MERCEDES-BENZ,E-Class,95%,OK
????????,? 400 ???,MERCEDES-BENZ,E-Class,95%,OK
????????,? 420,MERCEDES-BENZ,E-Class,95%,OK
????????,? 420 ???,MERCEDES-BENZ,E-Class,95%,OK
????????,? 43 ??? 4?????,MERCEDES-BENZ,E-Class,95%,OK
????????,? 430,MERCEDES-BENZ,E-Class,95%,OK
????????,? 450,MERCEDES-BENZ,E-Class,95%,OK
????????,? 450 4?,MERCEDES-BENZ,E-Class,95%,OK
????????,? 450 4?????,MERCEDES-BENZ,E-Class,95%,OK
????????,? 450 ? 4?????,MERCEDES-BENZ,E-Class,95%,OK
????????,? 450 ? 4????? ????????,MERCEDES-BENZ,E-class,95%,OK
????????,? 450 ????,MERCEDES-BENZ,E-class,95%,OK
????????,? 50 ???,MERCEDES-BENZ,E-class,95%,OK
????????,? 500,MERCEDES-BENZ,E-class,95%,OK
????????,? 500 4 ?????,MERCEDES-BENZ,E-class,95%,OK
????????,? 53 ? ??? 4?????,MERCEDES-BENZ,E-class,95%,OK
????????,? 55 ???,MERCEDES-BENZ,E-class,95%,OK
????????,? 550,MERCEDES-BENZ,E-class,95%,OK
????????,? 550 ???,MERCEDES-BENZ,E-class,95%,OK
????????,? 60 ???,MERCEDES-BENZ,E-class,95%,OK
????????,? 63 ???,MERCEDES-BENZ,E-class,95%,OK
????????,? 63 ??? 4 ?????,MERCEDES-BENZ,E-class,95%,OK
????????,? ????,MERCEDES-BENZ,eVito,95%,OK
????????,?400,MERCEDES-BENZ,E-class,95%,OK
????????,?400 4????? ????,MERCEDES-BENZ,E-class,95%,OK
????????,?53 4?????,MERCEDES-BENZ,E-class,95%,OK
????????,?550 4?????,MERCEDES-BENZ,E-class,95%,OK
????????,??????,MERCEDES-BENZ,Econic,95%,OK
????????,?????? 2633 ?,MERCEDES-BENZ,Econic,95%,OK
????????,???? 250,MERCEDES-BENZ,EQA,95%,OK
????????,???? 250 ????,MERCEDES-BENZ,EQA,95%,OK
????????,???? 300 4?????,MERCEDES-BENZ,EQA,95%,OK
????????,???? 350 4?????,MERCEDES-BENZ,EQA,95%,OK
????????,???? 250,MERCEDES-BENZ,EQB,95%,OK
????????,???? 250 ????,MERCEDES-BENZ,EQB,95%,OK
????????,???? 300 4?????,MERCEDES-BENZ,EQB,95%,OK
????????,???? 350 4?????,MERCEDES-BENZ,EQB,95%,OK
????????,????,MERCEDES-BENZ,EQV,95%,OK
????????,???? 300,MERCEDES-BENZ,EQE,95%,OK
????????,???? 350,MERCEDES-BENZ,EQE,95%,OK
????????,???? 350 4?????,MERCEDES-BENZ,EQE,95%,OK
????????,???? 350 ????,MERCEDES-BENZ,EQE,95%,OK
????????,???? 500 4?????,MERCEDES-BENZ,EQE,95%,OK
????????,???? 350,MERCEDES-BENZ,EQS,95%,OK
????????,???? 450,MERCEDES-BENZ,EQS,95%,OK
????????,???? 450 4?????,MERCEDES-BENZ,EQS,95%,OK
????????,???? 450 ????,MERCEDES-BENZ,EQS,95%,OK
????????,???? 500 4?????,MERCEDES-BENZ,EQS,95%,OK
????????,???? 580,MERCEDES-BENZ,EQS,95%,OK
????????,???? 580 4?????,MERCEDES-BENZ,EQS,95%,OK
????????,???? ???,MERCEDES-BENZ,EQS,95%,OK
????????,????,MERCEDES-BENZ,EQT,95%,OK
????????,???? 400 4?????,MERCEDES-BENZ,EQC,95%,OK
????????,??? 400 4?????,MERCEDES-BENZ,EQC,95%,OK
????????,???????? ?????,MERCEDES-BENZ,B-class,80%,OK
????????,?????????,MERCEDES-BENZ,eSprinter,95%,OK
????????,??????,MERCEDES-BENZ,eCitan,95%,OK
????????,?????? ?????,MERCEDES-BENZ,eCitan,95%,OK
????????,???????,MERCEDES-BENZ,Integro,95%,OK
????????,??????,MERCEDES-BENZ,Intouro,95%,OK
????????,?????? ?,MERCEDES-BENZ,Intouro,95%,OK
????????,???????,MERCEDES-BENZ,Carthago,OK,NEEDS_REVIEW
????????,???? ???,MERCEDES-BENZ,GLK-class,95%,OK
????????,????? ?,MERCEDES-BENZ,B-class,95%,OK
????????,???????,MERCEDES-BENZ,Conecto,95%,OK
????????,??????? ?,MERCEDES-BENZ,Conecto,95%,OK
????????,? 407 ?,MERCEDES-BENZ,L 407 D,90%,OK
????????,?? ??????? ???7??2,MERCEDES-BENZ,Le Voyageur,OK,NEEDS_REVIEW
????????,?? 1417,MERCEDES-BENZ,LP 1417,90%,OK
????????,?????? ??? 600,MERCEDES-BENZ,Maybach GLS,95%,OK
????????,?????? ???? 680,MERCEDES-BENZ,Maybach EQS,95%,OK
????????,?????? ? 480,MERCEDES-BENZ,Maybach S-class,95%,OK
????????,?????? ? 600,MERCEDES-BENZ,Maybach S-class,95%,OK
????????,?????? ?? 680,MERCEDES-BENZ,Maybach SL,95%,OK
????????,????? ????,MERCEDES-BENZ,Marco Polo,95%,OK
????????,??????? 504?,MERCEDES-BENZ,Marlene 504K,OK,NEEDS_REVIEW
????????,?? 100 ?,MERCEDES-BENZ,MB 100,95%,OK
????????,?? 100 ? ?,MERCEDES-BENZ,MB 100,95%,OK
????????,?? 120,MERCEDES-BENZ,MB 120,95%,OK
????????,?? 800,MERCEDES-BENZ,MB 800,90%,OK
????????,?? 818 ? 82,MERCEDES-BENZ,Atego,85%,OK
????????,?? ? 15 ??,MERCEDES-BENZ,MB E 15 UE,OK,NEEDS_REVIEW
????????,?? ? 16 2 ???,MERCEDES-BENZ,Tourismo,80%,OK
????????,????????,MERCEDES-BENZ,No model,OK,NEEDS_REVIEW
????????,?????? ???,MERCEDES-BENZ,Metago,OK,NEEDS_REVIEW
????????,??????,MERCEDES-BENZ,Metris,95%,OK
????????,?????,MERCEDES-BENZ,Mirage,OK,NEEDS_REVIEW
????????,?? 230,MERCEDES-BENZ,M-class,95%,OK
????????,?? 250 ?????? 4 ?????,MERCEDES-BENZ,M-class,95%,OK
????????,?? 270 ???,MERCEDES-BENZ,M-class,95%,OK
????????,?? 280 ???,MERCEDES-BENZ,M-class,95%,OK
????????,?? 280 ??? 4 ?????,MERCEDES-BENZ,M-class,95%,OK
????????,?? 300 ???,MERCEDES-BENZ,M-class,95%,OK
????????,?? 300 ??? 4 ?????,MERCEDES-BENZ,M-class,95%,OK
????????,?? 320,MERCEDES-BENZ,M-class,95%,OK
????????,?? 320 ?????? 4 ?????,MERCEDES-BENZ,M-class,95%,OK
????????,?? 320 ???,MERCEDES-BENZ,M-class,95%,OK
????????,?? 320 ??? 4 ?????,MERCEDES-BENZ,M-class,95%,OK
????????,?? 350,MERCEDES-BENZ,M-class,95%,OK
????????,?? 350 4 ?????,MERCEDES-BENZ,M-class,95%,OK
????????,?? 350 ??????,MERCEDES-BENZ,M-class,95%,OK
????????,?? 350 ?????? 4 ?????,MERCEDES-BENZ,M-class,95%,OK
????????,?? 350 ??? 4 ?????,MERCEDES-BENZ,M-class,95%,OK
????????,?? 400 ???,MERCEDES-BENZ,M-class,95%,OK
????????,?? 420 ??? 4 ?????,MERCEDES-BENZ,M-class,95%,OK
????????,?? 430,MERCEDES-BENZ,M-class,95%,OK
????????,?? 450 ??? 4 ?????,MERCEDES-BENZ,M-class,95%,OK
????????,?? 500,MERCEDES-BENZ,M-class,95%,OK
????????,?? 500 4 ?????,MERCEDES-BENZ,M-class,95%,OK
????????,?? 55 ???,MERCEDES-BENZ,M-class,95%,OK
????????,?? 550,MERCEDES-BENZ,M-class,95%,OK
????????,?? 550 4 ?????,MERCEDES-BENZ,M-class,95%,OK
????????,?? 63 ???,MERCEDES-BENZ,M-class,95%,OK
????????,??400,MERCEDES-BENZ,M-class,95%,OK
????????,??400 4?????,MERCEDES-BENZ,M-class,95%,OK
????????,??????? ????,MERCEDES-BENZ,Modolan Plus,OK,NEEDS_REVIEW
????????,? 303,MERCEDES-BENZ,O 303,95%,OK
????????,? 345,MERCEDES-BENZ,O 345,95%,OK
????????,? 350,MERCEDES-BENZ,Tourismo,95%,OK
????????,? 350 ???????,MERCEDES-BENZ,Tourismo,95%,OK
????????,? 404,MERCEDES-BENZ,O 404,95%,OK
????????,? 405,MERCEDES-BENZ,O 405,95%,OK
????????,? 520,MERCEDES-BENZ,Cito,95%,OK
????????,? 530,MERCEDES-BENZ,Citaro,95%,OK
????????,? 530 ??,MERCEDES-BENZ,Citaro,95%,OK
????????,? 550 ?,MERCEDES-BENZ,Integro,95%,OK
????????,? 560 ?????? ??,MERCEDES-BENZ,Intouro,95%,OK
????????,? 580 ??? 15 ?,MERCEDES-BENZ,Travego,95%,OK
????????,? 580 ??????? 15 ???,MERCEDES-BENZ,Travego,95%,OK
????????,? 814 ?,MERCEDES-BENZ,Vario,95%,OK
????????,?? 500 1842,MERCEDES-BENZ,OC 500,95%,OK
????????,?? 500 ?? 1842 ??????,MERCEDES-BENZ,OC 500,95%,OK
????????,???,MERCEDES-BENZ,G-class,85%,OK
????????,??? ?? 230,MERCEDES-BENZ,G-class,90%,OK
????????,? 280,MERCEDES-BENZ,R-class,95%,OK
????????,? 280 ???,MERCEDES-BENZ,R-class,95%,OK
????????,? 280 ??? 4 ?????,MERCEDES-BENZ,R-class,95%,OK
????????,? 300 ???,MERCEDES-BENZ,R-class,95%,OK
????????,? 320 ??? 4 ?????,MERCEDES-BENZ,R-class,95%,OK
????????,? 350,MERCEDES-BENZ,R-class,95%,OK
????????,? 350 4 ?????,MERCEDES-BENZ,R-class,95%,OK
????????,? 350 ??????,MERCEDES-BENZ,R-class,95%,OK
????????,? 350 ???,MERCEDES-BENZ,R-class,95%,OK
????????,? 350 ??? 4 ?????,MERCEDES-BENZ,R-class,95%,OK
????????,? 500 4 ?????,MERCEDES-BENZ,R-class,95%,OK
????????,? 63 ???,MERCEDES-BENZ,R-class,95%,OK
????????,?????? 906,MERCEDES-BENZ,Rapido,OK,NEEDS_REVIEW
????????,? 180,MERCEDES-BENZ,C-class,95%,OK
????????,? 200,MERCEDES-BENZ,C-class,95%,OK
????????,? 200 ?,MERCEDES-BENZ,C-class,95%,OK
????????,? 200 ???,MERCEDES-BENZ,C-class,95%,OK
????????,? 250 ?,MERCEDES-BENZ,C-class,95%,OK
????????,? 250 ???,MERCEDES-BENZ,C-class,95%,OK
????????,? 280,MERCEDES-BENZ,S-class,85%,OK
????????,? 300,MERCEDES-BENZ,S-class,85%,OK
????????,? 300 ??,MERCEDES-BENZ,S-class,90%,OK
????????,? 320,MERCEDES-BENZ,S-class,95%,OK
????????,? 320 ?,MERCEDES-BENZ,S-class,95%,OK
????????,? 320 ???,MERCEDES-BENZ,S-class,95%,OK
????????,? 320 ??? 4 ?????,MERCEDES-BENZ,S-class,95%,OK
????????,? 320 ??? ?,MERCEDES-BENZ,S-class,95%,OK
????????,? 350,MERCEDES-BENZ,S-class,95%,OK
????????,? 350 4 ?????,MERCEDES-BENZ,S-class,95%,OK
????????,? 350 ??????,MERCEDES-BENZ,S-class,95%,OK
????????,? 350 ?????? 4 ?????,MERCEDES-BENZ,S-class,95%,OK
????????,? 350 ?,MERCEDES-BENZ,S-class,95%,OK
????????,? 350 ? 4?????,MERCEDES-BENZ,S-class,95%,OK
????????,? 350 ? ?????,MERCEDES-BENZ,S-class,95%,OK
????????,? 350 ?,MERCEDES-BENZ,S-class,95%,OK
????????,? 350 ??,MERCEDES-BENZ,S-class,95%,OK
????????,? 350 ???,MERCEDES-BENZ,S-class,95%,OK
????????,? 350 ??? 4 ?????,MERCEDES-BENZ,S-class,95%,OK
????????,? 400,MERCEDES-BENZ,S-class,95%,OK
????????,? 400 4 ?????,MERCEDES-BENZ,S-class,95%,OK
????????,? 400 4?????,MERCEDES-BENZ,S-class,95%,OK
????????,? 400 ?,MERCEDES-BENZ,S-class,95%,OK
????????,? 400 ? 4?????,MERCEDES-BENZ,S-class,95%,OK
????????,? 400 ??????,MERCEDES-BENZ,S-class,95%,OK
????????,? 400 ???,MERCEDES-BENZ,S-class,95%,OK
????????,? 420,MERCEDES-BENZ,S-class,95%,OK
????????,? 420 ???,MERCEDES-BENZ,S-class,95%,OK
????????,? 430,MERCEDES-BENZ,S-class,95%,OK
????????,? 450,MERCEDES-BENZ,S-class,90%,OK
????????,? 450 4 ?????,MERCEDES-BENZ,S-class,90%,OK
????????,? 450 ? 4?????,MERCEDES-BENZ,S-class,95%,OK
????????,? 500,MERCEDES-BENZ,S-class,95%,OK
????????,? 500 4 ?????,MERCEDES-BENZ,S-class,95%,OK
????????,? 500 4?????,MERCEDES-BENZ,S-class,95%,OK
????????,? 500 4????? ??????,MERCEDES-BENZ,Maybach S-class,95%,OK
????????,? 500 ?,MERCEDES-BENZ,S-class,95%,OK
????????,? 500 ? 4?????,MERCEDES-BENZ,S-class,95%,OK
????????,? 500 ????,MERCEDES-BENZ,S-class,95%,OK
????????,? 500 ?,MERCEDES-BENZ,S-class,95%,OK
????????,? 500 ??????,MERCEDES-BENZ,Maybach S-class,95%,OK
????????,? 55 ???,MERCEDES-BENZ,S-class,95%,OK
????????,? 550,MERCEDES-BENZ,S-class,95%,OK
????????,? 560,MERCEDES-BENZ,S-class,95%,OK
????????,? 560 4?????,MERCEDES-BENZ,S-class,95%,OK
????????,? 560 4????? ??????,MERCEDES-BENZ,Maybach S-class,95%,OK
????????,? 560 ?,MERCEDES-BENZ,S-class,95%,OK
????????,? 580 4?????,MERCEDES-BENZ,S-class,95%,OK
????????,? 580 ?,MERCEDES-BENZ,S-class,95%,OK
????????,? 580 ? 4?????,MERCEDES-BENZ,S-class,95%,OK
????????,? 580 ? ??????,MERCEDES-BENZ,Maybach S-class,95%,OK
????????,? 580 ??????,MERCEDES-BENZ,Maybach S-class,95%,OK
????????,? 5?? 4 ?????,MERCEDES-BENZ,S-class,95%,OK
????????,? 600,MERCEDES-BENZ,S-class,95%,OK
????????,? 600 ?,MERCEDES-BENZ,S-class,95%,OK
????????,? 600 ??????,MERCEDES-BENZ,Maybach S-class,95%,OK
????????,? 63 ???,MERCEDES-BENZ,S-class,90%,OK
????????,? 63 ??? 4?????,MERCEDES-BENZ,S 63 AMG,95%,OK
????????,? 65 ???,MERCEDES-BENZ,S 65 AMG,95%,OK
????????,? 650 ??????,MERCEDES-BENZ,S 650 Maybach,95%,OK
????????,? 680 4?????,MERCEDES-BENZ,S 680,95%,OK
????????,? 680 4????? ??????,MERCEDES-BENZ,S 680 Maybach,95%,OK
????????,? 680 ????? 4?????,MERCEDES-BENZ,S 680 Guard,95%,OK
????????,? 680 ??????,MERCEDES-BENZ,S 680 Maybach,95%,OK
????????,?500? 4?????,MERCEDES-BENZ,S 500 L,95%,OK
????????,?550 4?????,MERCEDES-BENZ,S 550,95%,OK
????????,?550?,MERCEDES-BENZ,S 550e,95%,OK
????????,?? 280,MERCEDES-BENZ,SL 280,95%,OK
????????,?? 320,MERCEDES-BENZ,SL 320,95%,OK
????????,?? 350,MERCEDES-BENZ,SL 350,95%,OK
????????,?? 400,MERCEDES-BENZ,SL 400,95%,OK
????????,?? 450,MERCEDES-BENZ,SL 450,95%,OK
????????,?? 500,MERCEDES-BENZ,SL 500,95%,OK
????????,?? 55 ???,MERCEDES-BENZ,SL 55 AMG,95%,OK
????????,?? 550,MERCEDES-BENZ,SL 550,95%,OK
????????,?? 600,MERCEDES-BENZ,SL 600,95%,OK
????????,?? 63 ???,MERCEDES-BENZ,SL 63 AMG,95%,OK
????????,?? 65 ???,MERCEDES-BENZ,SL 65 AMG,95%,OK
????????,???,MERCEDES-BENZ,SLK,95%,OK
????????,??? 200,MERCEDES-BENZ,SLK 200,95%,OK
????????,??? 200 ?,MERCEDES-BENZ,SLK 200,95%,OK
????????,??? 200 ?????????,MERCEDES-BENZ,SLK 200,95%,OK
????????,??? 230,MERCEDES-BENZ,SLK 230,95%,OK
????????,??? 230 ?,MERCEDES-BENZ,SLK 230,95%,OK
????????,??? 250,MERCEDES-BENZ,SLK 250,95%,OK
????????,??? 250 ???,MERCEDES-BENZ,SLK 250,95%,OK
????????,??? 280,MERCEDES-BENZ,SLK 280,95%,OK
????????,??? 320,MERCEDES-BENZ,SLK 320,95%,OK
????????,??? 350,MERCEDES-BENZ,SLK 350,95%,OK
????????,??? 55 ???,MERCEDES-BENZ,SLK 55 AMG,95%,OK
????????,???,MERCEDES-BENZ,SLR,95%,OK
????????,??? ???,MERCEDES-BENZ,SLS AMG,95%,OK
????????,??? ??? ??,MERCEDES-BENZ,SLS AMG GT,95%,OK
????????,??? 200,MERCEDES-BENZ,SLC 200,95%,OK
????????,??? 250?,MERCEDES-BENZ,SLC 250d,95%,OK
????????,??? 300,MERCEDES-BENZ,SLC 300,95%,OK
????????,????????,MERCEDES-BENZ,Sprinter,95%,OK
????????,???????? 208 ?,MERCEDES-BENZ,Sprinter 208,95%,OK
????????,???????? 208 ???,MERCEDES-BENZ,Sprinter 208,95%,OK
????????,???????? 209,MERCEDES-BENZ,Sprinter 209,95%,OK
????????,???????? 210 ?,MERCEDES-BENZ,Sprinter 210,95%,OK
????????,???????? 210 ???,MERCEDES-BENZ,Sprinter 210,95%,OK
????????,???????? 211 ???,MERCEDES-BENZ,Sprinter 211,95%,OK
????????,???????? 212 ? ??,MERCEDES-BENZ,Sprinter 212,95%,OK
????????,???????? 212? ??,MERCEDES-BENZ,Sprinter 212,95%,OK
????????,???????? 213 ???,MERCEDES-BENZ,Sprinter 213,95%,OK
????????,???????? 215 ???,MERCEDES-BENZ,Sprinter 215,95%,OK
????????,???????? 216 ???,MERCEDES-BENZ,Sprinter 216,95%,OK
????????,???????? 218 ???,MERCEDES-BENZ,Sprinter 218,95%,OK
????????,???????? 308 ?,MERCEDES-BENZ,Sprinter 308,95%,OK
????????,???????? 308 ???,MERCEDES-BENZ,Sprinter 308,95%,OK
????????,???????? 309 ???,MERCEDES-BENZ,Sprinter 309,95%,OK
????????,???????? 310 ???,MERCEDES-BENZ,Sprinter 310,95%,OK
????????,???????? 311 ???,MERCEDES-BENZ,Sprinter 311,95%,OK
????????,???????? 312 ?,MERCEDES-BENZ,Sprinter 312,95%,OK
????????,???????? 313 ???,MERCEDES-BENZ,Sprinter 313,95%,OK
????????,???????? 314,MERCEDES-BENZ,Sprinter 314,95%,OK
????????,???????? 314 ???,MERCEDES-BENZ,Sprinter 314,95%,OK
????????,???????? 315 ???,MERCEDES-BENZ,Sprinter 315,95%,OK
????????,???????? 316 ???,MERCEDES-BENZ,Sprinter 316,95%,OK
????????,???????? 317 ???,MERCEDES-BENZ,Sprinter 317,95%,OK
????????,???????? 318 ???,MERCEDES-BENZ,Sprinter 318,95%,OK
????????,???????? 319 ???,MERCEDES-BENZ,Sprinter 319,95%,OK
????????,???????? 408 ?,MERCEDES-BENZ,Sprinter 408,95%,OK
????????,???????? 408 ???,MERCEDES-BENZ,Sprinter 408,95%,OK
????????,???????? 411 ???,MERCEDES-BENZ,Sprinter 411,95%,OK
????????,???????? 412 ?,MERCEDES-BENZ,Sprinter 412,95%,OK
????????,???????? 413 ???,MERCEDES-BENZ,Sprinter 413,95%,OK
????????,???????? 415 ???,MERCEDES-BENZ,Sprinter 415,95%,OK
????????,???????? 416 ???,MERCEDES-BENZ,Sprinter 416,95%,OK
????????,???????? 418 ???,MERCEDES-BENZ,Sprinter 418,95%,OK
????????,???????? 419???,MERCEDES-BENZ,Sprinter 419,95%,OK
????????,???????? 516 ???,MERCEDES-BENZ,Sprinter 516,95%,OK
????????,???????? 517 ???,MERCEDES-BENZ,Sprinter 517,95%,OK
????????,???????? 519 ???,MERCEDES-BENZ,Sprinter 519,95%,OK
????????,???????? 616 ???,MERCEDES-BENZ,Sprinter 616,95%,OK
????????,???????? ?????,MERCEDES-BENZ,Sprinter Altas,90%,OK
????????,? ????,MERCEDES-BENZ,T-Class,95%,OK
????????,?????????? 4?4,MERCEDES-BENZ,Taklamakan,OK,NEEDS_REVIEW
????????,?????,MERCEDES-BENZ,Tipper,OK,NEEDS_REVIEW
????????,???????,MERCEDES-BENZ,Tourino,95%,OK
????????,??????? 15 ???,MERCEDES-BENZ,Travego,95%,OK
????????,??????? 15 ???,MERCEDES-BENZ,Travego,95%,OK
????????,??????? 17 ???,MERCEDES-BENZ,Travego,95%,OK
????????,??????? ? 580 15 ???,MERCEDES-BENZ,Travego,95%,OK
????????,??????? ???,MERCEDES-BENZ,Travego,95%,OK
????????,??????? ???-?,MERCEDES-BENZ,Travego,95%,OK
????????,??????? 15 ???,MERCEDES-BENZ,Tourismo,95%,OK
????????,??????? ?2,MERCEDES-BENZ,Tourismo,95%,OK
????????,??????? ??,MERCEDES-BENZ,Tourismo,95%,OK
????????,??????? ?? ? 2?,MERCEDES-BENZ,Tourismo,95%,OK
????????,??????? ???,MERCEDES-BENZ,Tourismo,95%,OK
????????,??????? ??? ?,MERCEDES-BENZ,Tourismo,95%,OK
????????,??????? ??? ?,MERCEDES-BENZ,Tourismo,95%,OK
????????,??????? ??? ?2?,MERCEDES-BENZ,Tourismo,95%,OK
????????,??????? ???,MERCEDES-BENZ,Tourismo,95%,OK
????????,??????? ??? ? 2?,MERCEDES-BENZ,Tourismo,95%,OK
????????,? 1300 ?,MERCEDES-BENZ,Unimog U 1300,95%,OK
????????,??????,MERCEDES-BENZ,Unimog,95%,OK
????????,?????? 400,MERCEDES-BENZ,Unimog 400,95%,OK
????????,?????? 405 40,MERCEDES-BENZ,Unimog 405,95%,OK
????????,?????? 409 60,MERCEDES-BENZ,Unimog 409,95%,OK
????????,?????? ? 400,MERCEDES-BENZ,Unimog U 400,95%,OK
????????,?????? ? 4000,MERCEDES-BENZ,Unimog U 4000,95%,OK
????????,?????? ? 90,MERCEDES-BENZ,Unimog U 90,95%,OK
????????,? ????,MERCEDES-BENZ,X-Class,95%,OK
????????,? 160,MERCEDES-BENZ,C 160,95%,OK
????????,? 180,MERCEDES-BENZ,C 180,95%,OK
????????,? 180 ?????????,MERCEDES-BENZ,C 180,95%,OK
????????,? 180 ?????????,MERCEDES-BENZ,C 180 Sportcoupe,95%,OK
????????,? 180 ?,MERCEDES-BENZ,C 180,95%,OK
????????,? 180 ???,MERCEDES-BENZ,C 180,95%,OK
????????,? 180 ???,MERCEDES-BENZ,C 180,95%,OK
????????,? 180?,MERCEDES-BENZ,C 180d,95%,OK
????????,? 200,MERCEDES-BENZ,C 200,95%,OK
????????,? 200 4?????,MERCEDES-BENZ,C 200,95%,OK
????????,? 200 4????? ?? ??????,MERCEDES-BENZ,C 200 All-Terrain,95%,OK
????????,? 200 ???????,MERCEDES-BENZ,C 200,95%,OK
????????,? 200 ?,MERCEDES-BENZ,C 200d,95%,OK
????????,? 200 ?????????,MERCEDES-BENZ,C 200,95%,OK
????????,? 200 ? ???,MERCEDES-BENZ,C 200,95%,OK
????????,? 200 ???,MERCEDES-BENZ,C 200,95%,OK
????????,? 200 ???,MERCEDES-BENZ,C 200,95%,OK
????????,? 220,MERCEDES-BENZ,C 220,95%,OK
????????,? 220 ???????,MERCEDES-BENZ,C 220,95%,OK
????????,? 220 ?,MERCEDES-BENZ,C 220d,95%,OK
????????,? 220 ? 4 ?????,MERCEDES-BENZ,C 220d,95%,OK
????????,? 220 ?????????,MERCEDES-BENZ,C 220,95%,OK
????????,? 220 ? ???,MERCEDES-BENZ,C 220,95%,OK
????????,? 220 ???,MERCEDES-BENZ,C 220,95%,OK
????????,? 220 ??? 4 ?????,MERCEDES-BENZ,C 220,95%,OK
????????,? 230,MERCEDES-BENZ,C 230,95%,OK
????????,? 230 ?????????,MERCEDES-BENZ,C 230,95%,OK
????????,? 230 ?,MERCEDES-BENZ,C 230,95%,OK
????????,? 240,MERCEDES-BENZ,C 240,95%,OK
????????,? 250,MERCEDES-BENZ,C 250,95%,OK
????????,? 250 4?????,MERCEDES-BENZ,C 250,95%,OK
????????,? 250 ??????,MERCEDES-BENZ,C 250,95%,OK
????????,? 250 ?????? 4?????,MERCEDES-BENZ,C 250,95%,OK
????????,? 250 ?,MERCEDES-BENZ,C 250d,95%,OK
????????,? 250 ? 4 ?????,MERCEDES-BENZ,C 250d,95%,OK
????????,? 250 ? ??,MERCEDES-BENZ,C 250,95%,OK
????????,? 250 ??,MERCEDES-BENZ,C 250,95%,OK
????????,? 250 ???,MERCEDES-BENZ,C 250,95%,OK
????????,? 250 ??? 4 ?????,MERCEDES-BENZ,C 250,95%,OK
????????,? 270 ???,MERCEDES-BENZ,C 270,95%,OK
????????,? 280,MERCEDES-BENZ,C 280,95%,OK
????????,? 280 4 ?????,MERCEDES-BENZ,C 280,95%,OK
????????,? 280 ?????,MERCEDES-BENZ,C 280,95%,OK
????????,? 280 ?,MERCEDES-BENZ,C 280,95%,OK
????????,? 30 ??? ???,MERCEDES-BENZ,C 30 AMG,95%,OK
????????,? 300,MERCEDES-BENZ,C 300,95%,OK
????????,? 300 4 ?????,MERCEDES-BENZ,C 300,95%,OK
????????,? 300 ?????? ??????,MERCEDES-BENZ,C 300 Hybrid,95%,OK
????????,? 300 ?,MERCEDES-BENZ,C 300d,95%,OK
????????,? 300 ? 4?????,MERCEDES-BENZ,C 300d,95%,OK
????????,? 300 ??,MERCEDES-BENZ,C 300de,95%,OK
????????,? 300 ?,MERCEDES-BENZ,C 300e,95%,OK
????????,? 300 ? 4?????,MERCEDES-BENZ,C 300e,95%,OK
????????,? 300 ?,MERCEDES-BENZ,C 300h,95%,OK
????????,? 300 ??? 4 ?????,MERCEDES-BENZ,C 300,95%,OK
????????,? 32 ???,MERCEDES-BENZ,C 32 AMG,95%,OK
????????,? 320,MERCEDES-BENZ,C 320,95%,OK
????????,? 320 4 ?????,MERCEDES-BENZ,C 320,95%,OK
????????,? 320 ???,MERCEDES-BENZ,C 320,95%,OK
????????,? 320 ??? 4 ?????,MERCEDES-BENZ,C 320,95%,OK
????????,? 350,MERCEDES-BENZ,C 350,95%,OK
????????,? 350 4 ?????,MERCEDES-BENZ,C 350,95%,OK
????????,? 350 ?,MERCEDES-BENZ,C 350e,95%,OK
????????,? 350 ???,MERCEDES-BENZ,C 350,95%,OK
????????,? 350 ??? 4 ?????,MERCEDES-BENZ,C 350,95%,OK
????????,? 36 ???,MERCEDES-BENZ,C 36 AMG,95%,OK
????????,? 400 4 ?????,MERCEDES-BENZ,C 400,95%,OK
????????,? 400 ? 4?????,MERCEDES-BENZ,C 400e,95%,OK
????????,? 43 ???,MERCEDES-BENZ,C 43 AMG,95%,OK
????????,? 55 ???,MERCEDES-BENZ,C 55 AMG,95%,OK
????????,? 63,MERCEDES-BENZ,C 63 AMG,95%,OK
????????,? 63 ???,MERCEDES-BENZ,C 63 AMG,95%,OK
????????,?230 4?????,MERCEDES-BENZ,C 230,95%,OK
????????,?250 4?????,MERCEDES-BENZ,C 250,95%,OK
????????,?450 4?????,MERCEDES-BENZ,C 450,95%,OK
????????,?450 ??? 4?????,MERCEDES-BENZ,C 450 AMG,95%,OK
????????,?63? ???,MERCEDES-BENZ,C 63 S AMG,95%,OK
????????,?????? 3,MERCEDES-BENZ,Cilios 3,OK,NEEDS_REVIEW
????????,?????,MERCEDES-BENZ,Citan,95%,OK
????????,????? 109 ???,MERCEDES-BENZ,Citan 109,95%,OK
????????,????? ?????,MERCEDES-BENZ,Citan Tourer,95%,OK
????????,??????,MERCEDES-BENZ,Citaro,95%,OK
????????,?? 420,MERCEDES-BENZ,CL 420,95%,OK
????????,?? 500,MERCEDES-BENZ,CL 500,95%,OK
????????,?? 500 4 ?????,MERCEDES-BENZ,CL 500,95%,OK
????????,?? 55 ???,MERCEDES-BENZ,CL 55 AMG,95%,OK
????????,?? 550,MERCEDES-BENZ,CL 550,95%,OK
????????,?? 600,MERCEDES-BENZ,CL 600,95%,OK
????????,?? 63 ???,MERCEDES-BENZ,CL 63 AMG,95%,OK
????????,?? 65 ???,MERCEDES-BENZ,CL 65 AMG,95%,OK
????????,??550 4?????,MERCEDES-BENZ,CL 550,95%,OK
????????,??? 180,MERCEDES-BENZ,CLA,99%,OK
????????,??? 180 ?,MERCEDES-BENZ,CLA,99%,OK
????????,??? 200,MERCEDES-BENZ,CLA,99%,OK
????????,??? 200 4?????,MERCEDES-BENZ,CLA,99%,OK
????????,??? 200 ?,MERCEDES-BENZ,CLA,99%,OK
????????,??? 200 ? 4?????,MERCEDES-BENZ,CLA,99%,OK
????????,??? 200 ???,MERCEDES-BENZ,CLA,99%,OK
????????,??? 220,MERCEDES-BENZ,CLA,99%,OK
????????,??? 220 4?????,MERCEDES-BENZ,CLA,99%,OK
????????,??? 220 ?,MERCEDES-BENZ,CLA,99%,OK
????????,??? 220 ? 4 ?????,MERCEDES-BENZ,CLA,99%,OK
????????,??? 220 ???,MERCEDES-BENZ,CLA,99%,OK
????????,??? 220 ??? 4 ?????,MERCEDES-BENZ,CLA,99%,OK
????????,??? 250,MERCEDES-BENZ,CLA,99%,OK
????????,??? 250 4 ?????,MERCEDES-BENZ,CLA,99%,OK
????????,??? 250 ?,MERCEDES-BENZ,CLA,99%,OK
????????,??? 250 ????,MERCEDES-BENZ,CLA,99%,OK
????????,??? 35 ??? 4?????,MERCEDES-BENZ,CLA 35 AMG,95%,OK
????????,??? 350 4 ?????,MERCEDES-BENZ,CLA,95%,OK
????????,??? 45 ??? 4 ?????,MERCEDES-BENZ,CLA 45 AMG,95%,OK
????????,??? ?????,MERCEDES-BENZ,CLA-Class,99%,OK
????????,??? 180,MERCEDES-BENZ,CLE,99%,OK
????????,??? 200,MERCEDES-BENZ,CLE,99%,OK
????????,??? 200 4?????,MERCEDES-BENZ,CLE,99%,OK
????????,??? 220 ?,MERCEDES-BENZ,CLE,99%,OK
????????,??? 300 4?????,MERCEDES-BENZ,CLE,99%,OK
????????,??? 300 ?,MERCEDES-BENZ,CLE,99%,OK
????????,??? 450 4?????,MERCEDES-BENZ,CLE,99%,OK
????????,??? 200,MERCEDES-BENZ,CLK,99%,OK
????????,??? 200 ?????????,MERCEDES-BENZ,CLK,99%,OK
????????,??? 200 ????????? ?,MERCEDES-BENZ,CLK,99%,OK
????????,??? 220 ???,MERCEDES-BENZ,CLK,99%,OK
????????,??? 230,MERCEDES-BENZ,CLK,99%,OK
????????,??? 230 ?????????,MERCEDES-BENZ,CLK,99%,OK
????????,??? 230 ????????? ?,MERCEDES-BENZ,CLK,99%,OK
????????,??? 240,MERCEDES-BENZ,CLK,99%,OK
????????,??? 270 ???,MERCEDES-BENZ,CLK,99%,OK
????????,??? 280,MERCEDES-BENZ,CLK,99%,OK
????????,??? 320,MERCEDES-BENZ,CLK,99%,OK
????????,??? 320 ???,MERCEDES-BENZ,CLK,99%,OK
????????,??? 350,MERCEDES-BENZ,CLK,99%,OK
????????,??? 430,MERCEDES-BENZ,CLK,99%,OK
????????,??? 500,MERCEDES-BENZ,CLK,99%,OK
????????,??? 55 ???,MERCEDES-BENZ,CLK 55 AMG,95%,OK
????????,??? 550,MERCEDES-BENZ,CLK,99%,OK
????????,??? 63 ???,MERCEDES-BENZ,CLK 63 AMG,95%,OK
????????,??? 220 ??????,MERCEDES-BENZ,CLS,99%,OK
????????,??? 220 ?,MERCEDES-BENZ,CLS,99%,OK
????????,??? 250 ?,MERCEDES-BENZ,CLS,99%,OK
????????,??? 250 ? 4 ?????,MERCEDES-BENZ,CLS,99%,OK
????????,??? 250 ???,MERCEDES-BENZ,CLS,99%,OK
????????,??? 280,MERCEDES-BENZ,CLS,99%,OK
????????,??? 300,MERCEDES-BENZ,CLS,99%,OK
????????,??? 300 ?,MERCEDES-BENZ,CLS,99%,OK
????????,??? 320 ???,MERCEDES-BENZ,CLS,99%,OK
????????,??? 350,MERCEDES-BENZ,CLS,99%,OK
????????,??? 350 ??????,MERCEDES-BENZ,CLS,99%,OK
????????,??? 350 ?????? 4?????,MERCEDES-BENZ,CLS,99%,OK
????????,??? 350 ?,MERCEDES-BENZ,CLS,99%,OK
????????,??? 350 ? 4 ?????,MERCEDES-BENZ,CLS,99%,OK
????????,??? 350 ???,MERCEDES-BENZ,CLS,99%,OK
????????,??? 350 ???,MERCEDES-BENZ,CLS,99%,OK
????????,??? 350 ??? 4 ?????,MERCEDES-BENZ,CLS,99%,OK
????????,??? 400,MERCEDES-BENZ,CLS,99%,OK
????????,??? 400 4?????,MERCEDES-BENZ,CLS,99%,OK
????????,??? 400 ? 4?????,MERCEDES-BENZ,CLS,99%,OK
????????,??? 450,MERCEDES-BENZ,CLS,99%,OK
????????,??? 450 4?????,MERCEDES-BENZ,CLS,99%,OK
????????,??? 500,MERCEDES-BENZ,CLS,99%,OK
????????,??? 500 4 ?????,MERCEDES-BENZ,CLS,99%,OK
????????,??? 53 ???,MERCEDES-BENZ,CLS 53 AMG,95%,OK
????????,??? 53 ??? ? 4?????,MERCEDES-BENZ,CLS 53 AMG,95%,OK
????????,??? 55 ???,MERCEDES-BENZ,CLS 55 AMG,95%,OK
????????,??? 550,MERCEDES-BENZ,CLS,99%,OK
????????,??? 63 ???,MERCEDES-BENZ,CLS 63 AMG,95%,OK
????????,??? 63 ??? 4 ?????,MERCEDES-BENZ,CLS 63 AMG,95%,OK
????????,???550 4?????,MERCEDES-BENZ,CLS,99%,OK
????????,??? 160,MERCEDES-BENZ,CLC,99%,OK
????????,??? 180 ?????????,MERCEDES-BENZ,CLC,99%,OK
????????,??? 200 ?????????,MERCEDES-BENZ,CLC,99%,OK
????????,??? 200 ???,MERCEDES-BENZ,CLC,99%,OK
????????,??? 220 ???,MERCEDES-BENZ,CLC,99%,OK
????????,??? 250,MERCEDES-BENZ,CLC,99%,OK
???????? ?????,??????,MERCEDES-BENZ,Actros,95%,OK
????,?? 1 045?,MERSCH,VT 1 045E,OK,NEEDS_REVIEW
????,????? 109 ? ??1,MERSCH,Reine 109 L ST1,OK,NEEDS_REVIEW
????,?? 120 ??? - ?,MERSCH,FM 120 TDL-A,OK,NEEDS_REVIEW
????,?? 64 ?? ?,MERSCH,FM 64 TD A,OK,NEEDS_REVIEW
????,?? 87 ?? ?,MERSCH,FM 87 TD A,OK,NEEDS_REVIEW
??????,????,MESSNER,Knott,OK,NEEDS_REVIEW
????????????,???650,METALTEHNIKA,MTA 650,85%,OK
??,125,MZ,125,99%,OK
??,150,MZ,150,99%,OK
??,250 ???,MZ,ETZ 250,95%,OK
??,???????? ???,MZ,Skorpion Tour,95%,OK
?????????,?????? 380,MIDDENDORF,Courier 380,85%,OK
???????,?? ?1824,MIDWEST,IA V1824,OK,NEEDS_REVIEW
???????,???? ??????,MIDWEST,ShoreLand'r,85%,OK
?????,?????????,MICRO,Microlino,95%,OK
????? ??????? ???,?? 01,SMART,Fortwo,90%,OK
????? ??????? ???,?????,SMART,Fortwo,90%,OK
????????,? ??,MICROCAR,M.Go,95%,OK
????????,??1,MICROCAR,MC1,85%,OK
????????,??1 ?????,MICROCAR,MC1,95%,OK
???????,?4??,MIXMAN,D4BS,85%,OK
???????,???? 3 ??,MINERVA,Euro 3 SP,80%,OK
????,1000,MINI,1000,95%,OK
????,???? ????? ?????,MINI,John Cooper Works,95%,OK
????,?????? ?,MINI,Aceman E,95%,OK
????,?????? ?? ?,MINI,Aceman SE,95%,OK
????,???,MINI,John Cooper Works,95%,OK
????,??? ?????? ?,MINI,Aceman JCW,95%,OK
????,??? ?,MINI,Cooper JCW,90%,OK
????,??? ????????? ???4,MINI,Countryman JCW,95%,OK
????,??????? ????? ? ???4,MINI,Clubman Cooper S,95%,OK
????,??????? ????? ??,MINI,Clubman Cooper SD,95%,OK
????,??????? ????? ?? ???4,MINI,Clubman Cooper SD,95%,OK
????,??????? ??? ???4,MINI,Clubman JCW,95%,OK
????,??????? ?????,MINI,Clubman Cooper,95%,OK
????,??????? ????? ?,MINI,Clubman Cooper D,95%,OK
????,??????? ????? ??,MINI,Clubman Cooper S,95%,OK
????,??????? ???,MINI,Clubman One,95%,OK
????,?????? ?? ????,MINI,Cooper SD Coupe,95%,OK
????,????? ?? 4,MINI,Cooper,95%,OK
????,????? ??????,MINI,Cooper Cabrio,95%,OK
????,?????,MINI,Cooper,99%,OK
????,????? 1.6,MINI,Cooper,99%,OK
????,????? ?,MINI,Cooper D,99%,OK
????,????? ? ??? 4,MINI,Cooper D,99%,OK
????,????? ? ???????,MINI,Clubman Cooper D,99%,OK
????,????? ? ????????? ??? 4,MINI,Countryman Cooper D,99%,OK
????,????? ?,MINI,Cooper E,99%,OK
????,????? ???,MINI,Cooper JCW,99%,OK
????,????? ??????? ?55,MINI,Clubman Cooper,99%,OK
????,????? ?????????,MINI,Countryman Cooper,99%,OK
????,????? ?,MINI,Cooper S,99%,OK
????,????? ? ??? 4,MINI,Cooper S,99%,OK
????,????? ? ??????,MINI,Cooper S Cabrio,99%,OK
????,????? ? ???????,MINI,Clubman Cooper S,99%,OK
????,????? ? ????????? ??? 4,MINI,Countryman Cooper S,99%,OK
????,????? ??,MINI,Cooper SD,99%,OK
????,????? ?? ??? 4,MINI,Cooper SD,99%,OK
????,????? ?? ??????,MINI,Cooper SD Cabrio,99%,OK
????,????? ?? ????????? ??? 4,MINI,Countryman Cooper SD,99%,OK
????,????? ??,MINI,Cooper SE,99%,OK
????,????? ?,MINI,Cooper C,99%,OK
????,????????? ?,MINI,Countryman D,99%,OK
????,????????? ?,MINI,Countryman E,99%,OK
????,????????? ??? ???4,MINI,Countryman JCW,99%,OK
????,????????? ?????,MINI,Countryman Cooper,99%,OK
????,????????? ????? ?,MINI,Countryman Cooper D,99%,OK
????,????????? ????? ? ??4,MINI,Countryman Cooper D,99%,OK
????,????????? ????? ?? ?? 4,MINI,Countryman Cooper S,99%,OK
????,????????? ????? ???4,MINI,Countryman Cooper,99%,OK
????,????????? ????? ?,MINI,Countryman Cooper S,99%,OK
????,????????? ????? ??,MINI,Countryman Cooper SD,99%,OK
????,????????? ????? ?? ??4,MINI,Countryman Cooper SD,99%,OK
????,????????? ????? ??,MINI,Countryman Cooper SE,99%,OK
????,????????? ????? ?? ??4,MINI,Countryman Cooper SE,99%,OK
????,????????? ? ?? 4,MINI,Countryman S,99%,OK
????,????????? ?? ???4,MINI,Countryman SE,99%,OK
????,????????? ???,MINI,Countryman One,99%,OK
????,????????? ?,MINI,Countryman C,99%,OK
????,????,MINI,Mini,99%,OK
????,??? ?,MINI,Ray G,95%,OK
????,???,MINI,One,99%,OK
????,??? ?,MINI,One D,99%,OK
????,??? ? ?????????,MINI,Countryman One D,99%,OK
????,??? ???????,MINI,Clubman One,99%,OK
????,??? ?????????,MINI,Countryman One,99%,OK
???? ?????,???????,MINI,Clubman,95%,OK
???? ?????,???? ????? ??????? 998,MINI,Clubman,95%,OK
???? ?????,???? ????? ? 1300,MINI,Cooper S,95%,OK
???? ????,????,MOKE,Moke,95%,OK
???? ??? 1,?????,MICROCAR,Sidka,80%,OK
???????,? 352 ? 1,MISTRAL,S 352 P 1,80%,OK
????,125?1,MITT,125 GP,80%,OK
????????,2300,MITSUBISHI,2300,80%,OK
????????,3000 ??,MITSUBISHI,3000GT,99%,OK
????????,???,MITSUBISHI,ASX,99%,OK
????????,?????,MITSUBISHI,Attrage,99%,OK
????????,?????????,MITSUBISHI,Outlander,99%,OK
????????,????????? ?????,MITSUBISHI,Outlander Sport,99%,OK
????????,??????,MITSUBISHI,Galant,99%,OK
????????,??????? ????? ?????,MITSUBISHI,Galloper,95%,OK
????????,??????,MITSUBISHI,Canter,95%,OK
????????,???????,MITSUBISHI,Grandis,99%,OK
????????,??????? ???,MITSUBISHI,Grandis,99%,OK
????????,??????,MITSUBISHI,Delica,99%,OK
????????,?????? ????,MITSUBISHI,Eclipse Cross,99%,OK
????????,???????,MITSUBISHI,Eclipse,99%,OK
????????,? ????,MITSUBISHI,i-MiEV,99%,OK
????????,??????,MITSUBISHI,Canter,99%,OK
????????,?????? 2.8 ???,MITSUBISHI,Canter,99%,OK
????????,???????,MITSUBISHI,Carisma,99%,OK
????????,????,MITSUBISHI,Colt,99%,OK
????????,???? 1.1,MITSUBISHI,Colt,99%,OK
????????,???? 1.3,MITSUBISHI,Colt,99%,OK
????????,???? 1.5,MITSUBISHI,Colt,99%,OK
????????,???? 1300,MITSUBISHI,Colt,99%,OK
????????,???? ?? 3 1.3,MITSUBISHI,Colt CZ3,95%,OK
????????,???? ???,MITSUBISHI,Colt CZT,95%,OK
????????,? 200,MITSUBISHI,L200,99%,OK
????????,? 200 2.4 ?,MITSUBISHI,L200,99%,OK
????????,? 200 ?????????,MITSUBISHI,L200 Barbarian,95%,OK
????????,? 200 ??????,MITSUBISHI,L200 Warrior,95%,OK
????????,? 300,MITSUBISHI,L300,99%,OK
????????,? 400,MITSUBISHI,L400,99%,OK
????????,??????,MITSUBISHI,Lancer,99%,OK
????????,?????? ????????,MITSUBISHI,Lancer Evolution,99%,OK
????????,?????? ? ????????,MITSUBISHI,Lancer Evolution X,99%,OK
????????,??????,MITSUBISHI,Lancer,95%,OK
????????,?????,MITSUBISHI,Mirage,99%,OK
????????,???????,MITSUBISHI,Montero,99%,OK
????????,??????? ?????,MITSUBISHI,Montero Sport,99%,OK
????????,???????,MITSUBISHI,Pajero,99%,OK
????????,??????? 3.2 ?,MITSUBISHI,Pajero,99%,OK
????????,??????? 3.2 ??? ? ?,MITSUBISHI,Pajero,99%,OK
????????,??????? ????? 3.2,MITSUBISHI,Pajero Wagon,95%,OK
????????,??????? ??? 2.8 ??,MITSUBISHI,Pajero Van,95%,OK
????????,??????? ??? 2.8,MITSUBISHI,Pajero,95%,OK
????????,??????? ?????,MITSUBISHI,Pajero Pinin,99%,OK
????????,??????? ????? 1.8,MITSUBISHI,Pajero Pinin,99%,OK
????????,??????? ?????,MITSUBISHI,Pajero Sport,99%,OK
????????,??????? ????? ???,MITSUBISHI,Pajero Sport,99%,OK
????????,??????,MITSUBISHI,Pajero,99%,OK
????????,?????? 3.2 ???,MITSUBISHI,Pajero,99%,OK
????????,?????? ?????,MITSUBISHI,Pajero Wagon,95%,OK
????????,???,MITSUBISHI,RVR,99%,OK
????????,?????,MITSUBISHI,Sigma,99%,OK
????????,????? (?????),MITSUBISHI,Space Wagon,99%,OK
????????,????? ?????,MITSUBISHI,Space Wagon,99%,OK
????????,????? ????,MITSUBISHI,Space Gear,99%,OK
????????,????? ?????,MITSUBISHI,Space Runner,99%,OK
????????,????? ????,MITSUBISHI,Space Star,99%,OK
????????,?????? 96,MITSUBISHI,Triton,95%,OK
????????,?? 649,MITSUBISHI,FE649,90%,OK
????????,???????,MITSUBISHI,Frankia,OK,NEEDS_REVIEW
????????,???? ?????? 3 ? 11,MITSUBISHI,Fuso Canter 3C11,95%,OK
????????,???? ?????? 3 ? 13,MITSUBISHI,Fuso Canter 3C13,95%,OK
????????,???? ?????? 3 ? 13 ?,MITSUBISHI,Fuso Canter 3C13D,95%,OK
????????,???? ?????? 3?15,MITSUBISHI,Fuso Canter 3C15,95%,OK
????????,???? ?????? 7 ? 15,MITSUBISHI,Fuso Canter 7C15,95%,OK
????????,???? ?????? 7 ? 15 ?,MITSUBISHI,Fuso Canter 7C15D,95%,OK
????????,???? ?????? 7 ? 18 ?,MITSUBISHI,Fuso Canter 7C18D,95%,OK
????????,????,MITSUBISHI,Fuso,95%,OK
????????,???? ?????? 3?13,MITSUBISHI,Fuso Canter 3C13,95%,OK
????????,?????,MITSUBISHI,Shogun,99%,OK
????????,????? ????? ??? ??????,MITSUBISHI,Shogun Pinin,90%,OK
????????,????? ?????? ??? ?????,MITSUBISHI,Shogun Pinin,90%,OK
????????,????? ?????? ??? ???????,MITSUBISHI,Shogun Pinin,90%,OK
??????,??? 2500,MICHELS,MPL 2500,80%,OK
?????????,?? 19,MICHELETTO,AM 19,85%,OK
????????,?? 700,MICHELINI,BM 700,OK,NEEDS_REVIEW
????? ????,280 ???,TEREX PEINER,ATT 280,OK,NEEDS_REVIEW
?????????,??????? ? 6.3,MOBILVETTA,Admiral K 6.3,95%,OK
?????????,??????? ?6.5,MOBILVETTA,Admiral K 6.5,95%,OK
?????????,???????,MOBILVETTA,Euroyacht,95%,OK
?????????,???51,MOBILVETTA,ZCZ51,OK,NEEDS_REVIEW
?????????,? ??? ????? ?????? 89,MOBILVETTA,K-Yacht Tekno Design 89,95%,OK
?????????,? ??? ????? ???? 86,MOBILVETTA,K-Yacht Tekno Line 86,95%,OK
?????????,? ??? ????? ???? 90,MOBILVETTA,K-Yacht Tekno Line 90,95%,OK
?????????,??? ? 90,MOBILVETTA,Kea I90,95%,OK
?????????,??? ? 90,MOBILVETTA,Kea P90,95%,OK
?????????,?????? 64,MOBILVETTA,Crosser 64,95%,OK
?????????,?????? 86,MOBILVETTA,Crosser 86,95%,OK
?????????,?????? 90,MOBILVETTA,Crosser 90,95%,OK
?????????,?????,MOBILVETTA,Miller,85%,OK
????????? ??????,??? ? 86,MOBILVETTA,Kea I86,95%,OK
????????? ??????,??? ? 90,MOBILVETTA,Kea I90,95%,OK
????????? ??????,??? ? 86,MOBILVETTA,Kea P86,95%,OK
????????? ??????,?????? 90,MOBILVETTA,Crosser 90,95%,OK
????????,0??,MOBILSCHEF,0AT,OK,NEEDS_REVIEW
????????,1??,MOBILSCHEF,1AT,OK,NEEDS_REVIEW
????????,1??99,MOBILSCHEF,1MC99,OK,NEEDS_REVIEW
????????,???99,MOBILSCHEF,ENS99,OK,NEEDS_REVIEW
??????,??? 10 78,OPEL,Movano,OK,NEEDS_REVIEW
?????,? ?? ?? ?,MODEN,E-Grace,80%,OK
?????,? ?? ???,MODEN,E-Snail,80%,OK
??????,???2,MODENA,DLS2,OK,NEEDS_REVIEW
???????,?? 135,MODENAS,GT 135,95%,OK
??????,?? 1,MODICA,VF 1,OK,NEEDS_REVIEW
????? ??????,???????,FORD,Transit,80%,OK
?????????,2500,MOELENBECK,2500,OK,NEEDS_REVIEW
????????,? 3,MOESLEIN,T3,90%,OK
????????,??3,MOESLEIN,TA3,90%,OK
????????,??? 11,MOESLEIN,TPR 11,90%,OK
????????,??? 33,MOESLEIN,TTA 33,90%,OK
????????,??? 11 ? ????????,MOESLEIN,TTD 11,85%,OK
??????????,??????,MOETEFINDT,Buchholz,85%,OK
??????????,??,MOETEFINDT,FT,85%,OK
??????????,?? ? 320 17.5,MEUSBURGER,MPZ 320,90%,OK
??????????,??? 2,MEUSBURGER,MPA 2,90%,OK
??????????,??? 2,MEUSBURGER,MPG 2,90%,OK
??????????,??? 4,MEUSBURGER,MPG 4,90%,OK
??????????,??? 3,MEUSBURGER,MPS 3,90%,OK
??????????,??? 3,MEUSBURGER,MPT 3,90%,OK
??????????,??? 320.36,MEUSBURGER,MTA 320.36,90%,OK
??????????,??? 3,MEUSBURGER,MTS 3,90%,OK
??????????,??? 5,MEUSBURGER,MTS 5,90%,OK
??????????,??? 6,MEUSBURGER,MTS 6,90%,OK
???,? 85 ? 27 ??? 39 ??,MOL,K 85 F 27,80%,OK
????,?????? 50,MOMO,Morino 50,85%,OK
???????,??? 125,MONDIAL,SMX 125,95%,OK
???????,????? ??????,MONDIAL,Sport Classic,95%,OK
???????,???,MONDIAL,HPS,95%,OK
???????,??? 300,MONDIAL,HPS 300,95%,OK
??????,???,MONIER,HRE,OK,NEEDS_REVIEW
???????,? 472,MONCAYO,M 472,90%,OK
???????,? 435,MONCAYO,Halcon 435,85%,OK
??????????,? 520 ??,MONSBERGER,N 520 GB,85%,OK
??????????,??? 3 ?,MONTENEGRO,SPV 3 G,85%,OK
???????,4????,MONTESA,4Ride,95%,OK
??????? ?????,?????,HONDA,Deauville,95%,OK
??????? ?????,?? 47,HONDA,RC47,95%,OK
?????????,38 000,MONTRACON,38000,85%,OK
?????,350,MONZA,350,OK,NEEDS_REVIEW
??????,3 ?????,MORGAN,3 Wheeler,99%,OK
??????,4 4,MORGAN,4-Apr,99%,OK
???? ???,????????,MORE RUN,Citycoco,85%,OK
??????,????? ??????? 118 ???,MORELO,Grand Empire 118 GSB,95%,OK
??????,?????? ????? 110 ???,MORELO,Empire Liner 110 GSB,95%,OK
??????,????? 92?,MORELO,Palace 92G,95%,OK
??????,????? ????? 99 ??,MORELO,Palace Liner 99 GB,95%,OK
??????,? 1689 ? 12,MORIER,S 1689 S 12,OK,NEEDS_REVIEW
?????,????? 1000,MORRIS,Minor 1000,99%,OK
?????,1200,MOSEL,1200,OK,NEEDS_REVIEW
???????,21412,MOSKVICH,21412,99%,OK
???????,401,MOSKVICH,401,99%,OK
???????,407,MOSKVICH,407,99%,OK
???????,408/2138/,MOSKVICH,408,95%,OK
???????,?? 100 62,MOESLEIN,ZP 100 62,85%,OK
????,??,MOTO,VR,OK,NEEDS_REVIEW
????,?? 250?,TM RACING,EN 250,80%,OK
???? ?,?????? 50,MOTOBI,Pesaro 50,90%,OK
???? ????,??,MOTO GUZZI,BL,80%,OK
???? ????,????? 1200,MOTO GUZZI,Breva 1200,99%,OK
???? ????,????? ? 1100,MOTO GUZZI,Breva V1100,99%,OK
???? ????,?100 ??????? ?,MOTO GUZZI,V100 Mandello S,99%,OK
???? ????,?7 ??????,MOTO GUZZI,V7 Racer,99%,OK
???? ????,?7 ??????,MOTO GUZZI,V7 Special,99%,OK
???? ????,?7 ?????,MOTO GUZZI,V7 Sport,99%,OK
???? ????,?7 ?????,MOTO GUZZI,V7 Stone,99%,OK
???? ????,?7 ????? ?????,MOTO GUZZI,V7 Stone Corsa,99%,OK
???? ????,?85 ??,MOTO GUZZI,V85 TT,99%,OK
???? ????,?85 ?? ??????,MOTO GUZZI,V85 TT Travel,99%,OK
???? ????,????? 8 ?,MOTO GUZZI,Griso 8V,99%,OK
???? ????,?????????? 1100,MOTO GUZZI,California 1100,99%,OK
???? ????,?????????? 1400,MOTO GUZZI,California 1400,99%,OK
???? ????,??,MOTO GUZZI,KD,80%,OK
???? ????,??,MOTO GUZZI,LV,80%,OK
???? ????,??,MOTO GUZZI,LL,80%,OK
???? ????,??,MOTO GUZZI,LM,80%,OK
???? ????,??,MOTO GUZZI,LH,80%,OK
???? ????,??? 21,MOTO GUZZI,MGX-21,99%,OK
???? ????,???? ???? ?????? 750 ????,MOTO GUZZI,Nevada 750 Club,99%,OK
???? ????,???? ???? ???,MOTO GUZZI,NTX,95%,OK
???? ????,???????,MOTO GUZZI,Stelvio,99%,OK
???? ????,??????? 1200 8?,MOTO GUZZI,Stelvio 1200 8V,99%,OK
???? ????,???? 50,MOTO ZETA,Rally 50,90%,OK
???? ??????,6 1-2 ???,MOTO MORINI,Seiemmezzo STR,95%,OK
???? ??????,6 1-2 ???,MOTO MORINI,Seiemmezzo SCR,95%,OK
???? ??????,???????,MOTO MORINI,Altrike,OK,NEEDS_REVIEW
???? ??????,????????1200,MOTO MORINI,Granpasso 1200,95%,OK
???? ??????,??????? 700,MOTO MORINI,Calibro 700,95%,OK
???? ??????,?16,MOTO MORINI,P16,80%,OK
???? ??????,? ???? 1200,MOTO MORINI,X-Cape 1200,95%,OK
???? ??????,? ???? 700,MOTO MORINI,X-Cape 700,95%,OK
???? ??????,? ????,MOTO MORINI,X-Cape,95%,OK
???? ? ? ?,?? 250? 1,YAMAHA,WR 250F,85%,OK
???? ? ? ?,?? 50 ?,HM,CRE 50 R,85%,OK
???? ? ? ?,?? 50?,HM,CRM 50 X,85%,OK
???? ? ? ?,??? 250,HM,HMF 250,85%,OK
??????,??1,MOTOBI,BC1,90%,OK
??????,??2,MOTOBI,BC2,90%,OK
??????,?????,MOTOBI,Imola,95%,OK
??????,?????,MOTOBI,Stella,95%,OK
??????,? 15,MOTOBI,T15,90%,OK
???????,??????,MOTOVEL,Elenor,85%,OK
???????,?????? ??,MOTOVEL,Magnet RS,85%,OK
????? ??????,???,MOTOR HISPANIA,Ryz,95%,OK
????? ??????,?????,MOTOR HISPANIA,Furia,95%,OK
????? ??????,????? ???? ????,MOTOR HISPANIA,Furia Max Cross,95%,OK
????? ??????,????? ???? ????? ??????,MOTOR HISPANIA,Furia Max Supermotard,95%,OK
?????????,125 ??2 01 00,MOTORBIKE,125 XC2,OK,NEEDS_REVIEW
????????,?1,MOTORETTA,D1,90%,OK
????????,????,MOTORETTA,Plus,90%,OK
????????,?? 125 ? 15 ?????? 125,MOTORINI,Misano 125,90%,OK
????????????,???? 125 ???,MOTOR HISPANIA,Duna 125,95%,OK
????????????,??? ??????,MOTOR HISPANIA,Ryz Enduro,95%,OK
????????????,????? ?????,MOTOR HISPANIA,Furia Trial,95%,OK
??????????,??????,MOTORMANIA,Vatimo,85%,OK
??????????,?????? ?????,MOTORMANIA,Vatimo Cargo,85%,OK
??????????,??50??-?,MOTORMANIA,ZN50QT-E,80%,OK
??????,????? 50,MOTRON,Breezy 50,95%,OK
??????,??????? 125,MOTRON,Ventura 125,95%,OK
????,???????,HYOSUNG,Mofa,80%,OK
??????,????????,MRAMOR,Dokumaci,OK,NEEDS_REVIEW
?? ???????,?10,MS ENERGY,e10,90%,OK
?? ?????,??? 10 24 ?,MS PARTS,SBK 10 24 L,OK,NEEDS_REVIEW
???,400,MTA,400,85%,OK
???,???750???,MTA,MTA 750 BBA,85%,OK
????,?,MTDK,K,OK,NEEDS_REVIEW
???,????? 125,MTR,Ibiza 125,90%,OK
????? ???,?? 20,MUENZ OTTO,AT 20,90%,OK
????? ???,??12,MUENZ OTTO,PT12,90%,OK
??????,???? 7000,MULDER,OPLV 7000,85%,OK
????,1250 ?,REFORM,Muli 1250 L,85%,OK
????????,? 26,MULTICAR,M26,95%,OK
????????,? 30,MULTICAR,M30,95%,OK
????????,????? ??????,MULTICAR,Tremo Carrier,95%,OK
?????,???? ???? ????,SSANGYONG,Musso,95%,OK
??????? ??????,??12,MUSTANG STRONG,NT12,80%,OK
??????????,380,LMC,Munsterland 380,90%,OK
??????????,??????????? 430 ?,LMC,Munsterland 430 K,90%,OK
??????????,??????????? 480,LMC,Munsterland 480,90%,OK
???,??250 2? 250 01,MUT,KM250 2X 250 01,80%,OK
???,?030,MXS,P030,OK,NEEDS_REVIEW
?? ?????,???? 673,MC LOUIS,Zgvf 673,85%,OK
?? ?????,?110,MC LOUIS,M110,90%,OK
?? ?????,??4 373,MC LOUIS,Mc4 373,95%,OK
?? ?????,??4 ???? 339,MC LOUIS,Mc4 Slim 339,95%,OK
?? ?????,???? 430 ??,MC LOUIS,Mclc 430 VV,90%,OK
?? ?????,? 700,MC LOUIS,P700,95%,OK
?? ?????,????? 640,MC LOUIS,Tandy 640,95%,OK
?? ??????,?????,MC MOTORS,Dream,80%,OK
?? ??????,??????,MC MOTORS,Phantom,80%,OK
?????,??? 75?,MULLER MITTELTAL,MAU 75L,85%,OK
?????,????????,MULLER MITTELTAL,Mitteltal,90%,OK
?????,???????? ??? ?? ?,MULLER MITTELTAL,Mitteltal EAL TA F,85%,OK
?????,???????? ?? 18.0,MULLER MITTELTAL,Mitteltal RA 18.0,90%,OK
?????,???????? ?? 2,MULLER MITTELTAL,Mitteltal TS 2,90%,OK
?????,???? 40 2,MULLER MITTELTAL,MHKS 40/2,85%,OK
?????,?????,MULLER,Muller,OK,NEEDS_REVIEW
?????? ????????,??? ??,MULLER MITTELTAL,ETU TA,95%,OK
?????? ????????,?3 30,MULLER MITTELTAL,T3 30,95%,OK
??????,? 6015,MULLNER,Z 6015,80%,OK
???????????,380 ?,LMC,Munsterland 380 P,90%,OK
???????????,390,LMC,Munsterland 390,90%,OK
???????????,480 ?1,LMC,Munsterland 480 P1,90%,OK
???????????,500,LMC,Munsterland 500,90%,OK
???????????,? 500,LMC,Munsterland L 500,90%,OK
???????????,?????? 450 ?,LMC,Munsterland Luxus 450 T,90%,OK
? ????,750,N REMA,750,OK,NEEDS_REVIEW
??????,11??21???0750?00,NAVI??,11DC21MCN0750C00,80%,OK
????,??272,NADIA,TR272,80%,OK
???????,??7500?-??,NAXEON,NX7500S-NO,90%,OK
???????,?????,NANFANG,Moped,OK,NEEDS_REVIEW
?????,23 ?? 3,NARKO,23 PP 3,90%,OK
?????,???,NARKO,NFS,90%,OK
?????,?3??13?61,NARKO,S3ZB13L61,90%,OK
??????????,??? 140,NAUTICRAFT,MFF 140,80%,OK
????????,? 181 142?70,NAUTILUS,N 181 142L70,90%,OK
????????,? 182 141?75,NAUTILUS,N 182 141L75,90%,OK
???????? ?????,???? ??????,NATIONAL MOTOR,Black Edition,80%,OK
?????,?240,NEGRI,R240,90%,OK
?????,?260,NEGRI,R260,90%,OK
?????,?280,NEGRI,R280,90%,OK
?????,?13,NEGRI,T13,90%,OK
????,?????? 125,NECO,Abruzzi 125,95%,OK
????,????????? ??? 50,NECO,Borsalino Due 50,95%,OK
????,???? 50,NECO,Vico 50,95%,OK
????,?? 50 ??,NECO,LJ 50 QT,90%,OK
????,??125? 9?,NECO,CY125T-9C,90%,OK
??????,??? 1300 ?,NELBACH,EBN 1300 M,85%,OK
????? ??????,400 7154,NEMETH LORINC,400 7154,85%,OK
???????,? 1122,NEOPLAN,N 1122,95%,OK
???????,? 1217 ???,NEOPLAN,N 1217 HDC,95%,OK
???????,? 122 3 ??????????,NEOPLAN,N 122/3 Skyliner,95%,OK
???????,? 2216 3 ????,NEOPLAN,N 2216/3 SHDL,95%,OK
???????,? 2216 ???,NEOPLAN,N 2216 SHD,95%,OK
???????,??????????,NEOPLAN,Cityliner,98%,OK
???????,?????????? ? 1216 ??,NEOPLAN,Cityliner N 1216 HD,98%,OK
???????,?????????,NEOPLAN,Tourliner,98%,OK
??????,1300,NEPTUN,1300,95%,OK
??????,302,NEPTUN,302,95%,OK
??????,550,NEPTUN,550,95%,OK
??????,7,NEPTUN,7,90%,OK
??????,75???32,NEPTUN,75BED32,90%,OK
??????,?,NEPTUN,B,80%,OK
??????,???,NEPTUN,KPS,85%,OK
??????,? 13-236 ???,NEPTUN,N13-236 Pro,95%,OK
??????,? 5 145 ????,NEPTUN,N5-145 City,95%,OK
??????,? 6 220 ?? 2,NEPTUN,N6-220 PM2,95%,OK
??????,? 7 17 ????,NEPTUN,N7-17 Navi,95%,OK
??????,? 7 202 ???,NEPTUN,N7-202 Ptv,95%,OK
??????,? 7 202 ???,NEPTUN,N7-202 Ptd,95%,OK
??????,? 7 263 ???,NEPTUN,N7-263 Ptv,95%,OK
??????,? 7-202 ???,NEPTUN,N7-202 Svw,95%,OK
??????,?13 305 ?????,NEPTUN,N13-305 Multi,95%,OK
??????,?4 155 ??,NEPTUN,N4-155 Pt,95%,OK
??????,?5 155 ???,NEPTUN,N5-155 Ptv,95%,OK
??????,?7 12 ????,NEPTUN,N7-12 Navi,95%,OK
??????,?7 17 ????,NEPTUN,N7-17 Navi,95%,OK
??????,?7 202 ???,NEPTUN,N7-202 Ptv,95%,OK
??????,?7 202 ???,NEPTUN,N7-202 Ptd,95%,OK
??????,?7 202 ???,NEPTUN,N7-202 Svw,95%,OK
??????,?7 202???,NEPTUN,N7-202 Svw,95%,OK
??????,?7 236 2???,NEPTUN,N7-236 2 Pro,95%,OK
??????,?7 236 ???,NEPTUN,N7-236 Ptv,95%,OK
??????,?7 236 ???,NEPTUN,N7-236 Ptr,95%,OK
??????,?7 236 ??,NEPTUN,N7-236 Rt,95%,OK
??????,?7 236 ??,NEPTUN,N7-236 Tv,95%,OK
??????,?7 263 ???,NEPTUN,N7-263 Ptv,95%,OK
??????,?? 7 -17 ????,NEPTUN,Nb7-17 Navi,95%,OK
??????,??1,NEPTUN,Tr1,95%,OK
??????,??2,NEPTUN,Tr2,95%,OK
??????,??4,NEPTUN,Tr4,95%,OK
??????,??5,NEPTUN,Tr5,95%,OK
??????,??6,NEPTUN,Tr6,95%,OK
??????,??8,NEPTUN,Tr8,95%,OK
????,????,NETA,Neta,OK,NEEDS_REVIEW
????? ?????,? 2 218,NETAM FRUEHAUF,A 2 218,90%,OK
?????,??,NZITA,GS,85%,OK
?????,???????,NZITA,Monster,85%,OK
?????,?? ?1,NZITA,NZ C1,85%,OK
?????,??-?12,NZITA,NZ-X12,85%,OK
????????,1200,NIEWIADOW,1200,95%,OK
????????,2000,NIEWIADOW,2000,95%,OK
????????,2030 ??,NIEWIADOW,2030 XT,95%,OK
????????,? 2001 ?,NIEWIADOW,A 2001 A,95%,OK
????????,? 3500,NIEWIADOW,B 3500,95%,OK
????????,?1,NIEWIADOW,B1,95%,OK
????????,?1300,NIEWIADOW,B1300,95%,OK
????????,?2,NIEWIADOW,B2,95%,OK
????????,?750,NIEWIADOW,B750,95%,OK
????????,?? 750,NIEWIADOW,BD 750,95%,OK
????????,?? 7202,NIEWIADOW,BO 7202,95%,OK
????????,?? 2,NIEWIADOW,BR 2,95%,OK
????????,??1,NIEWIADOW,BR1,95%,OK
????????,??3,NIEWIADOW,BR3,95%,OK
????????,?? 750,NIEWIADOW,BS 750,95%,OK
????????,??750,NIEWIADOW,BS 750,95%,OK
????????,?? 600,NIEWIADOW,EL 600,95%,OK
????????,?? 750,NIEWIADOW,EL 750,95%,OK
????????,?126,NIEWIADOW,N126,95%,OK
????????,????????,NIEWIADOW,Selandia,95%,OK
???????????,??? ?? 3.5?,NIEDERHAUSER,NHF AA 3.5A,85%,OK
??????? ?????,???? 64 ??,NIESMANN+BISCHOFF,Arto 64 EL,95%,OK
??????? ?????,???? 76?,NIESMANN+BISCHOFF,Arto 76E,95%,OK
??????? ?????,????? 7100 1,NIESMANN+BISCHOFF,Flair 7100 I,95%,OK
??????,??? 50,NIMOTO,Ceo 50,90%,OK
???,??8,NIO,EL8,95%,OK
???????,???? 125,NIPPONIA,Brio 125,95%,OK
???????,?????,NIPPONIA,Volty,95%,OK
?????,100 ??,NISSAN,100NX,98%,OK
?????,200 ??,NISSAN,200SX,98%,OK
?????,300 ??,NISSAN,300ZX,98%,OK
?????,350 ?,NISSAN,350Z,98%,OK
?????,370 ?,NISSAN,370Z,98%,OK
?????,??????,NISSAN,Almera,98%,OK
?????,?????? 2.2 ???,NISSAN,Almera,95%,OK
?????,?????? ????,NISSAN,Almera Tino,98%,OK
?????,??????,NISSAN,Atleon,95%,OK
?????,??????,NISSAN,Altima,98%,OK
?????,????,NISSAN,Ariya,98%,OK
?????,??????,NISSAN,Armada,98%,OK
?????,??????,NISSAN,Atleon,98%,OK
?????,?????? 120,NISSAN,Atleon 120,98%,OK
?????,??????? 1.6,NISSAN,Bluebird,98%,OK
?????,?????,NISSAN,Vanette,98%,OK
?????,????? ?????,NISSAN,Vanette Cargo,98%,OK
?????,?????,NISSAN,Versa,98%,OK
?????,????? ????,NISSAN,Versa Note,98%,OK
?????,??????,NISSAN,e-NV200 Voltia,90%,OK
?????,???,NISSAN,GT-R,OK,NEEDS_REVIEW
?????,?? ?,NISSAN,GT-R,98%,OK
?????,????? ???,NISSAN,Navara Double Cab,90%,OK
?????,????,NISSAN,Juke,98%,OK
?????,? ?? 200,NISSAN,e-NV200,98%,OK
?????,? ??200,NISSAN,e-NV200,98%,OK
?????,??? ? 100,NISSAN,Eco-T 100,95%,OK
?????,??? ? 135,NISSAN,Eco-T 135,95%,OK
?????,??? ? 160,NISSAN,Eco-T 160,95%,OK
?????,???????,NISSAN,Elgrand,98%,OK
?????,?????????,NISSAN,Interstar,98%,OK
?????,???????? ? 45,INFINITI,Q45,95%,OK
?????,???????? ?? 35,INFINITI,FX35,95%,OK
?????,???????,NISSAN,Cabstar,98%,OK
?????,??????? 35.11,NISSAN,Cabstar 35.11,98%,OK
?????,??????? 35.12,NISSAN,Cabstar 35.12,98%,OK
?????,??????? 35.15,NISSAN,Cabstar 35.15,98%,OK
?????,??????? 3510,NISSAN,Cabstar 35.10,98%,OK
?????,??????? ?,NISSAN,Cabstar E,98%,OK
?????,??????? ? 110.35,NISSAN,Cabstar E 110.35,98%,OK
?????,??????? ? 120,NISSAN,Cabstar E 120,98%,OK
?????,??????? ?24 35.13,NISSAN,Cabstar F24 35.13,98%,OK
?????,???????,NISSAN,Caravan,98%,OK
?????,??????,NISSAN,Qashqai,98%,OK
?????,?????? ???? 2,NISSAN,Qashqai+2,98%,OK
?????,?? 1111,NISSAN,KE 1111,OK,NEEDS_REVIEW
?????,????,NISSAN,Kicks,98%,OK
?????,???????,NISSAN,Navara King Cab,90%,OK
?????,?????,NISSAN,Quest,98%,OK
?????,???,NISSAN,Cube,98%,OK
?????,????????,NISSAN,Kubistar,98%,OK
?????,? 35,NISSAN,L35,95%,OK
?????,? 35.08,NISSAN,L35.08,95%,OK
?????,? 35.085 ?,NISSAN,L35.085 F,95%,OK
?????,? 3509,NISSAN,L35.09,95%,OK
?????,? 56 35 1 ??? ?100,NISSAN,L56.35 Eco T100,85%,OK
?????,? 70.09,NISSAN,L70.09,85%,OK
?????,????,NISSAN,Leaf,99%,OK
?????,???? 62 ?? ?,NISSAN,Leaf,98%,OK
?????,? 125.17,NISSAN,M125.17,85%,OK
?????,? 90.150,NISSAN,M90.150,85%,OK
?????,???????,NISSAN,Maxima,99%,OK
?????,?? 21,NISSAN,MD21,90%,OK
?????,?????,NISSAN,Micra,99%,OK
?????,????? 1.0,NISSAN,Micra,99%,OK
?????,????? ?? 1.4,NISSAN,Micra C+C,95%,OK
?????,??????,NISSAN,Murano,99%,OK
?????,?????? ??,NISSAN,Murano,98%,OK
?????,??????,NISSAN,Navara,99%,OK
?????,?????? ?? 4??,NISSAN,Navara,98%,OK
?????,?????? ?????? ???,NISSAN,Navara,95%,OK
?????,?? 200,NISSAN,NV200,99%,OK
?????,?? 300,NISSAN,NV300,99%,OK
?????,??250,NISSAN,NV250,99%,OK
?????,??400,NISSAN,NV400,99%,OK
?????,????,NISSAN,Note,99%,OK
?????,???? 1.4,NISSAN,Note,99%,OK
?????,???? 1.5 ???,NISSAN,Note,99%,OK
?????,???? 1.6,NISSAN,Note,99%,OK
?????,????,NISSAN,Note,99%,OK
?????,?? 300 ??????,NISSAN,NP300 Navara,99%,OK
?????,?? 300 ?????,NISSAN,NP300,98%,OK
?????,??400,NISSAN,NT400,99%,OK
?????,??????,NISSAN,Patrol,99%,OK
?????,?????????? 2.5 ?,NISSAN,Pathfinder,99%,OK
?????,??????????,NISSAN,Pathfinder,99%,OK
?????,?????????? ?51,NISSAN,Pathfinder,99%,OK
?????,????????? 4??,NISSAN,Pathfinder,99%,OK
?????,?????,NISSAN,Pickup,95%,OK
?????,?????,NISSAN,Pixo,99%,OK
?????,?????????,NISSAN,Primastar,99%,OK
?????,???????,NISSAN,Primera,99%,OK
?????,??????,NISSAN,Pulsar,99%,OK
?????,???,NISSAN,Rogue,99%,OK
?????,??? ?? ???,NISSAN,Rogue,98%,OK
?????,??? ?????,NISSAN,Rogue Sport,99%,OK
?????,??????,NISSAN,Sentra,99%,OK
?????,???????? 25??,NISSAN,Skyline,99%,OK
?????,???????? ????,NISSAN,Skyline Coupe,99%,OK
?????,????,NISSAN,Sunny,99%,OK
?????,????????,NISSAN,Townstar,99%,OK
?????,??????,NISSAN,Terrano,99%,OK
?????,?????? 2,NISSAN,Terrano II,99%,OK
?????,?????? ? 20 ? 2,NISSAN,Terrano II,95%,OK
?????,???? 1.8 16? 5?,NISSAN,Tiida,99%,OK
?????,????? 1.6 16? 5?,NISSAN,Tiida,99%,OK
?????,????? ? 11,NISSAN,Tiida,99%,OK
?????,?????,NISSAN,Titan,99%,OK
?????,??35,NISSAN,TL35,90%,OK
?????,?????,NISSAN,Trade,99%,OK
?????,????? 100,NISSAN,Trade,99%,OK
?????,??????,NISSAN,Figaro,99%,OK
?????,????????,NISSAN,Frontier,99%,OK
?????,? ????,NISSAN,Xterra,99%,OK
?????,? ?????,NISSAN,X-Trail,99%,OK
?????,300 5,NISSAN,300 5,OK,NEEDS_REVIEW
?????,?,NISSAN,A,OK,NEEDS_REVIEW
???,? ????,NIU,M Plus,99%,OK
???,??? ?? ?????,NIU,MQi GT Sport,95%,OK
???,?1?,NIU,N1S,99%,OK
???,???,NIU,NGT,99%,OK
???,???? ?7 ? 01,NIU,NQi GTS,90%,OK
???,??? ?????,NIU,NQi Sport,95%,OK
???,???? 150,NIU,NQi,80%,OK
???,?,NIU,U,90%,OK
???????,??,NIUDIAN,ZS,80%,OK
???????,?2 ?,NIUDIAN,H2 P,80%,OK
?????????,????? 150?,NIFTYLIFT,Nifty 150T,99%,OK
??,2000,NL,2000,OK,NEEDS_REVIEW
????,531,NOVA,531,OK,NEEDS_REVIEW
????,550,NOVA,550,OK,NEEDS_REVIEW
???? ??????,? ????? ????,NOVA MOTORS,e-Retro Star,99%,OK
???? ??????,?? 50?? ?,NOVA MOTORS,ZN50QT-A,95%,OK
???? ??????,???? ???? 50,NOVA MOTORS,City Star 50,99%,OK
???? ?????,???,NOVA TRAIL,NTO,85%,OK
??????,?2?? 20?,NOYENS,A2CR 20B,90%,OK
??????,?? 2?,NOYENS,MA 2A,90%,OK
???????,?? 210 ?,NEUSTADT,FO 210 U,85%,OK
???????,??? 210 ?,NEUSTADT,XXL 210 U,85%,OK
?????,??075?,NOMAD,NV075S,80%,OK
??????????,???,NONNENMACHER,PKA,90%,OK
??????,????,NO NOISE,Sunny,90%,OK
????,??? 240,NOPA,NSB 240,90%,OK
??? ????,??? 20,NOR-SLEP,PAV 20,95%,OK
???????,??? 50,NORAUTO,Nor 50,95%,OK
????,?? 1,NORT,PV 1,OK,NEEDS_REVIEW
???? ?????,???,NORTH GRADE,BRP,90%,OK
???? ?????,??? ??? ???,NORTH GRADE,BRP Big One,90%,OK
?????,?? 1500,NORTE,PV 1500,80%,OK
???????,????,NOSMOKE,Kate,95%,OK
???????,0 42 ?,NOOTEBOOM,O-42-V,95%,OK
???????,???? 48 03 ?,NOOTEBOOM,Euro 48-03P,95%,OK
???????,????-96-04?,NOOTEBOOM,Euro-96-04P,95%,OK
???????,?? 3,NOOTEBOOM,ID 3,90%,OK
???????,?????????,NOOTEBOOM,Lowloader,90%,OK
???????,??? 85 06 ? ?,NOOTEBOOM,MCO 85-06 V/Z,95%,OK
???????,??? 65 04?,NOOTEBOOM,OVB 65-04V,95%,OK
???????,???,NOOTEBOOM,OSD,95%,OK
???????,??? 58 04 ?,NOOTEBOOM,OSD 58-04 V,95%,OK
???????,??? 85 05?,NOOTEBOOM,OSD 85-05V,95%,OK
???????,???? 58 04?,NOOTEBOOM,OSDS 58-04V,95%,OK
??,???,NP,ABL,OK,NEEDS_REVIEW
???,?1835 ?1,NPS,L1835 L1,OK,NEEDS_REVIEW
???,?2035,NPS,L2035,OK,NEEDS_REVIEW
???,50,NSU,50,80%,OK
???,?????,NSU,Maxi,90%,OK
???,??,NSU,Prima RM,90%,OK
??????,?4318?,NUGENT,P4318T,95%,OK
????,????,NUMA,Mini,80%,OK
??? ???????????,??? 18 7.0,NFP EUROTRAILER,SKS 18 7.0,90%,OK
?????,?????,NEWBOT,Storm,90%,OK
?????,????? ?,NEWBOT,Storm E,90%,OK
???,17.232 ?,OAF,17.232 F,95%,OK
???,19 414,OAF,19.414,95%,OK
???,19.280 ??,OAF,19.280 FA,95%,OK
???,19.314 ???,OAF,19.314 FLC,95%,OK
???,19.403 ??? ?,OAF,19.403 FLTM,95%,OK
???,25.362 ??? ???,OAF,25.362 FVA,95%,OK
???,26.314 ????,OAF,26.314 FNLC,95%,OK
???,32.331 ??,OAF,32.331 FD,95%,OK
???,41 403 ??,OAF,41.403 VF,95%,OK
???,41.414 ???,OAF,41.414 VFK,95%,OK
???,41.463 ??,OAF,41.463 VF,95%,OK
???,????,OAF,Graf & Stift,90%,OK
???,??? 28.360,OAF,TGA 28.360,95%,OK
?????????,?? 2 ? 35 ?,OBERMAIER,OP 2 T 35 C,95%,OK
?????????,?? 2 - ?105?,OBERMAIER,OS 2 - L105L,95%,OK
?????????,??2 ? 190 ??,OBERMAIER,OS2 L 190 ZL,95%,OK
???????,?? 9700,OBERMANN,MB 9700,90%,OK
???,390 ? 911,OVA,390 K 911,85%,OK
????,??125? 18,OVER,LJ125T-18,80%,OK
????,??150 8,ODES,LZ150-8,90%,OK
?????,??08,OZGUL,FA08,90%,OK
????? ???????,3 ????? ???? ???????,OZSAN TRAILER,3 Axle Semi Trailer,90%,OK
????? ???????,????2,OZSAN TRAILER,MRIL2,90%,OK
??????,?5,AIWAYS,U5,95%,OK
??????,?-222-174?75,OCEANE,O-222-174L75,90%,OK
????????,?? 5,OLBERNHAU,CT 5,95%,OK
?????????,??????,OLDSMOBILE,Intrigue,99%,OK
?????????,????????,OLDSMOBILE,Toronado,99%,OK
???????,500,OHLMEYER,500,90%,OK
???????,?? 02 ?,OHLMEYER,BT 02 T,90%,OK
??,40 35,OM,40-35,95%,OK
????,20,OMAR,20,90%,OK
?????,? ?? ? ? ??,OMEPS,CM,95%,OK
?????,? ?? ? ? ?? 35,OMEPS,CM 35,95%,OK
?????,??,OMEPS,CM,95%,OK
?????,??35,OMEPS,CM35,95%,OK
?????,??39,OMEPS,CM39,95%,OK
?????,????? 7,OMODA,7,99%,OK
?????,????? 9,OMODA,9,99%,OK
?????,?????5,OMODA,5,99%,OK
?????,?????5 ??,OMODA,5 EV,99%,OK
???,??????,OMC,Master,80%,OK
??????,??? 320??,ONLINE,ATV 320SM,95%,OK
??????,?????? 50??,ONLINE,Bestia 50SM,95%,OK
??????,?????? ??125,ONLINE,Bestia SM125,95%,OK
??????,??????,ONLINE,Memory,95%,OK
??????,?????? 125,ONLINE,Memory 125,95%,OK
??????,????,ONLINE,Tapo,95%,OK
????,???,OPAI,JXH,90%,OK
????,??????? 4000?,OPAI,Myforce 4000E,90%,OK
????,??? ??005,OPAI,OPI EM005,90%,OK
????,??? ??006,OPAI,OPI EM006,90%,OK
????,(?????????),OPEL,Special,OK,NEEDS_REVIEW
????,?????,OPEL,Agila,99%,OK
????,????,OPEL,Adam,99%,OK
????,??????,OPEL,Ampera,99%,OK
????,?????? ?,OPEL,Ampera-e,99%,OK
????,??????,OPEL,Antara,99%,OK
????,?????,OPEL,Astra,99%,OK
????,????? 1.4 ?,OPEL,Astra,99%,OK
????,????? 1.6 ?,OPEL,Astra,99%,OK
????,????? 1.7 ?,OPEL,Astra,99%,OK
????,????? 1.7 ??,OPEL,Astra,99%,OK
????,????? ???,OPEL,Astra Van,99%,OK
????,????? ? ???????,OPEL,Astra Caravan,99%,OK
????,????? ? ??,OPEL,Astra CC,99%,OK
????,????? ???,OPEL,Astra GTC,99%,OK
????,????? ???????,OPEL,Astra Caravan,99%,OK
????,????? ??????,OPEL,Astra Notchback,99%,OK
????,????? ????? ??????,OPEL,Astra Sports Tourer,99%,OK
????,????? ?????? ?????? ???,OPEL,Astra Sports Tourer Van,99%,OK
????,????? ?????? ?????,OPEL,Astra Sports Tourer,99%,OK
????,????? ??????? ?????,OPEL,Astra Station Wagon,99%,OK
????,????? ???? ???,OPEL,Astra TwinTop,99%,OK
????,????? ?,OPEL,Astra F,99%,OK
????,???????,OPEL,Bedford,95%,OK
????,?????,OPEL,Vario,OK,NEEDS_REVIEW
????,??????,OPEL,Vectra,99%,OK
????,?????? 2.2 ???,OPEL,Vectra,99%,OK
????,?????? ?,OPEL,Vectra B,99%,OK
????,??????,OPEL,Vivaro,99%,OK
????,?????? 1.9 ??,OPEL,Vivaro,99%,OK
????,?????? 1.9 ???,OPEL,Vivaro,99%,OK
????,?????? 2.5 ????,OPEL,Vivaro,99%,OK
????,?????? ?,OPEL,Vivaro,98%,OK
????,?????? ????,OPEL,Vivaro,99%,OK
????,?????????,OPEL,Grandland,99%,OK
????,????????? ?,OPEL,Grandland X,99%,OK
????,??,OPEL,GT,99%,OK
????,??????,OPEL,Zafira,99%,OK
????,?????? ????,OPEL,Zafira Life,99%,OK
????,?????? ??????,OPEL,Zafira Tourer,99%,OK
????,???????? ???????? ??,OPEL,Insignia,95%,OK
????,???????? ???????? ??,OPEL,Insignia,95%,OK
????,????????,OPEL,Insignia,99%,OK
????,???????? ????? ?????,OPEL,Insignia Grand Sport,99%,OK
????,???????? ????????? 130????,OPEL,Insignia,95%,OK
????,???????? ????????,OPEL,Insignia,95%,OK
????,???????? ????? ????? ??,OPEL,Insignia Sports Tourer,95%,OK
????,???????? ?????? ?????,OPEL,Insignia Sports Tourer,99%,OK
????,???????? ???????,OPEL,Insignia,95%,OK
????,?????,OPEL,Kadett,99%,OK
????,???????,OPEL,Calibra,99%,OK
????,?????,OPEL,Campo,99%,OK
????,????,OPEL,Karl,99%,OK
????,???? ????,OPEL,Karl Viva,99%,OK
????,????????,OPEL,Karl Rocks,99%,OK
????,???????,OPEL,Cascada,99%,OK
????,?????,OPEL,Combo,99%,OK
????,????? ???,OPEL,Combo,95%,OK
????,????? ?,OPEL,Combo,98%,OK
????,????? ? ?????,OPEL,Combo Cargo,95%,OK
????,????? ? ????,OPEL,Combo Life,95%,OK
????,????? ????,OPEL,Combo Life,90%,OK
????,????? ?,OPEL,Combo,98%,OK
????,????? ? ???,OPEL,Combo,95%,OK
????,????? ? ???,OPEL,Combo CNG,95%,OK
????,?????,OPEL,Corsa,99%,OK
????,????? 1.4 ?,OPEL,Corsa,99%,OK
????,????? ???,OPEL,Corsa,95%,OK
????,????? ?,OPEL,Corsa,98%,OK
????,????? ? ???,OPEL,Corsa,95%,OK
????,????????,OPEL,Crossland,99%,OK
????,???????? ?,OPEL,Crossland X,99%,OK
????,?????,OPEL,Manta,99%,OK
????,??????,OPEL,Meriva,99%,OK
????,?????? ???,OPEL,Meriva,95%,OK
????,??????,OPEL,Movano,99%,OK
????,????,OPEL,Mokka,99%,OK
????,???? ?,OPEL,Mokka X,99%,OK
????,????????,OPEL,Monterey,99%,OK
????,?????,OPEL,Monza,99%,OK
????,??????,OPEL,Notchback,OK,NEEDS_REVIEW
????,???????,OPEL,Olympia,99%,OK
????,?????,OPEL,Omega,99%,OK
????,??????,OPEL,Rekord,99%,OK
????,??????,OPEL,Signum,99%,OK
????,??????,OPEL,Sintra,99%,OK
????,?????,OPEL,Tigra,99%,OK
????,????? 1.4,OPEL,Tigra,99%,OK
????,? 7 ??????,OPEL,Vivaro,90%,OK
????,????????,OPEL,Frontera,99%,OK
????,???????? ????? 2.0 ?,OPEL,Frontera Sport,95%,OK
???? ????,???? ??? ??????,OPEN RANGE,Fifth Wheel,85%,OK
??????,???? ?950,OPTARE,Solo M950,95%,OK
???,??????? ???,ORA,Lightning Cat,99%,OK
???,????? ???,ORA,Funky Cat,99%,OK
???,????? ??? ??,ORA,Funky Cat GT,99%,OK
??????,?? 2,ORBONS,Go 2,80%,OK
??????,?? 3.5 ??,ORBONS,Go 3.5 AT,80%,OK
?????,?28,ORCAL,V28,95%,OK
?????,??125 25?,ORCAL,OR125,90%,OK
??????,??,ORTMANN,SP,OK,NEEDS_REVIEW
?????????,?? 2000 ??,OOSTERWIJK,DG 2000 VV,80%,OK
?????????,?? 1500,OOSTERWIJK,JO 1500,80%,OK
?????????,?? 2500,OOSTERWIJK,JO 2500,80%,OK
?????,/ ????? ???? 1000,AUSTIN,Mini 1000,95%,OK
?????,????? 3000 ??3,AUSTIN-HEALEY,3000 MK3,98%,OK
?????,????? ?????? ?? ???,AUSTIN-HEALEY,Sprite MK III,98%,OK
????? ??????,? 8 ??????,ASTON MARTIN,V8 Vantage,99%,OK
????? ??????,?12 ??????,ASTON MARTIN,V12 Vantage,99%,OK
????? ??????,???????,ASTON MARTIN,Valiant,99%,OK
????? ??????,?????,ASTON MARTIN,Valour,99%,OK
????? ??????,???????,ASTON MARTIN,Vanquish,99%,OK
????? ??????,??????,ASTON MARTIN,Vantage,99%,OK
????? ??????,?? 9,ASTON MARTIN,DB9,99%,OK
????? ??????,??12,ASTON MARTIN,DB12,99%,OK
????? ??????,??12 ???????,ASTON MARTIN,DB12 Volante,99%,OK
????? ??????,???,ASTON MARTIN,DBS,99%,OK
????? ??????,??? 770 ???????? ???????,ASTON MARTIN,DBS 770 Ultimate Volante,99%,OK
????? ??????,???,ASTON MARTIN,DBX,99%,OK
????? ??????,??? ?,ASTON MARTIN,DBX S,95%,OK
????? ??????,???707,ASTON MARTIN,DBX707,99%,OK
????? ??????,??????,ASTON MARTIN,Rapide,99%,OK
????,3650 ??,OTTEN,3650 DS,80%,OK
??? ???????,??4,OTTO TRAILER,IS4,80%,OK
??? ???????,??3,OTTO TRAILER,MI3,80%,OK
??????,11 ?,OTOKAR,11 S,90%,OK
??????,?????,OTOKAR,Atlas,99%,OK
??????,????? 11 ?,OTOKAR,Atlas 11 S,95%,OK
??????,????? 11?,OTOKAR,Atlas 11L,95%,OK
??????,??????,OTOKAR,Vectio,99%,OK
??????,?????? 250 ?,OTOKAR,Vectio 250 S,95%,OK
??????,? ??????,OTOKAR,e-Centro,95%,OK
??????,??????,OTOKAR,Navigo,99%,OK
??????,?????? ????,OTOKAR,Navigo Mega,95%,OK
??????,?????? ?,OTOKAR,Navigo T,95%,OK
??????,? 185 ? 31,OTOKAR,F 185 X 31,OK,NEEDS_REVIEW
??????,??????,OTOKAR,Centro,99%,OK
??????? ??????,?????? ?? ??6,OFFICINE CUCINI,Porter OC NP6,90%,OK
??????? ??????,?????? ?? ??6 ? ?,OFFICINE CUCINI,Porter OC NP6,85%,OK
?????? ??,105 ?,OFFICINE BS,105 A,80%,OK
???,???35,OHM,OHM35,90%,OK
??,123,PA,123,OK,NEEDS_REVIEW
??,1534,PA,1534,OK,NEEDS_REVIEW
??????,2?362???,PAVELLI,2S362STE,90%,OK
??????,3?32??,PAVELLI,3S32BT,90%,OK
?????,???27,PAVIC,HTA27,90%,OK
?????,??? 24,PAVIC,HTS 24,90%,OK
??????,??????,PAGANI,Utopia,99%,OK
??????,??????,PAGEANT,Moselle,90%,OK
????,? 2000 2,PACO,P 2000 2,80%,OK
????,? 2 1000,PACO,X 2 1000,80%,OK
??????,2016 ??,PACTON,2016 PL,90%,OK
??????,3142 ?? 4,PACTON,3142 PL 4,90%,OK
??????,??4,PACTON,ET4,90%,OK
??????,??? 218,PACTON,MXD 218,90%,OK
??????,? 3 002,PACTON,T 3-002,90%,OK
??????,? 3 010,PACTON,T 3-010,90%,OK
??????,??? 343,PACTON,TXC 343,90%,OK
????,?? 3000,PACU,PT 3000,80%,OK
?????,?02012,PALIC,Z02012,80%,OK
?????????,?200??? ?24? ?6,PALFINGER,P200AXE,90%,OK
???,?2202,PAM,B2202,80%,OK
?????,?? 35,PANAV,NV 35,95%,OK
?????,?? 35 ?,PANAV,NV 35 L,95%,OK
?????,?? 35 ??,PANAV,NV 35 OK,95%,OK
?????,??042?,PANAV,NV042M,95%,OK
?????,???44,PANAV,NVD44,95%,OK
?????,?? 1 36,PANAV,NS 1 36,95%,OK
?????,?? 16 ?,PANAV,TV 16 L,95%,OK
?????,?? 18 ???,PANAV,TV 18 LPK,95%,OK
?????,?? 24 ?,PANAV,TV 24 L,95%,OK
?????,??018?,PANAV,TV018M,95%,OK
?????,???18?,PANAV,TVK18M,95%,OK
?????,??036?,PANAV,HR036X,95%,OK
???????? ??????,350?,PAOLETTI RACING,350Z,90%,OK
???????? ??????,?? 700,PAOLETTI RACING,PR 700,90%,OK
????????,1,PARADISO,1,80%,OK
????????,325 ?,PARADISO,325 V,80%,OK
????????,345,PARADISO,345,80%,OK
????????????,??,PARTENHEIMER,AT,80%,OK
????????????,??,PARTENHEIMER,KA,80%,OK
???????,?? 3 ?,PARCISA,CA 3 E,90%,OK
???????? ?????,????,PATIKIMA LINIJA,Rimo,85%,OK
?????????,????????,PATRIDGEON,Original,OK,NEEDS_REVIEW
?????,????,POWER,Knot,OK,NEEDS_REVIEW
????,??? 2.0,PAUL,PTT 2.0,90%,OK
????,18 ??,PAUS,18 VX,90%,OK
????,31??,PAUS,31 VX,90%,OK
????,??? 25 ?? ?,PAUS,ASA 25 VHM,90%,OK
????,??? 26 ?? ??,PAUS,ASA 26 VHKI,90%,OK
????,??? 31 ???,PAUS,ASA 31 VHM,90%,OK
????,??? 33 ??,PAUS,ASA 33 VX,90%,OK
??,????,PG,BETD,OK,NEEDS_REVIEW
???,?? 500,PGO,BR 500,95%,OK
???,? ???? 125,PGO,G-Max 125,95%,OK
???,?????,PGO,Comet,95%,OK
???,????? 50,PGO,Libra 50,95%,OK
???,?????? 50 ??,PGO,Ligero 50 RS,95%,OK
???,?2-50,PGO,M2-50,95%,OK
???,??? 50,PGO,PMX 50,95%,OK
???,?? 50,PGO,PS 50,95%,OK
???,? ???? 125,PGO,T-Rex 125,95%,OK
???,?? 3,PGO,TR3,95%,OK
???,??,PGO,CP,90%,OK
????,2700,PEGA,2700,90%,OK
????,??3500 760,PEGA,ZB3500,90%,OK
????,?325 420,PEGA,L325,90%,OK
????,??750,PEGA,SH750,90%,OK
???????,?? 4 ?,PEGASUS,BT 4 B,90%,OK
???????,?????? 25,PEGASUS,Corona 25,95%,OK
???????,?????? 50,PEGASUS,Corona 50,95%,OK
???????,?????? 1135 50,PEGASUS,Pegaso 1135,90%,OK
???????,???? 25,PEGASUS,Sky 25,95%,OK
???????,???? 50,PEGASUS,Sky 50,95%,OK
???????,?? 50 ?? 10,PEGASUS,HN 50 QT-10,90%,OK
???????,?? 50 ?? 7,PEGASUS,HN 50 QT-7,90%,OK
????,??????? 125,PEDA,Matador 125,95%,OK
???????,?? 2100,PEDRETTI,FT 2100,90%,OK
????,1007,PEUGEOT,1007,99%,OK
????,106,PEUGEOT,106,99%,OK
????,107,PEUGEOT,107,99%,OK
????,107 1.0 ?,PEUGEOT,107,99%,OK
????,108,PEUGEOT,108,99%,OK
????,2008,PEUGEOT,2008,99%,OK
????,205,PEUGEOT,205,99%,OK
????,205 ???,PEUGEOT,205,99%,OK
????,206,PEUGEOT,206,99%,OK
????,206 1.1,PEUGEOT,206,99%,OK
????,206 1.4,PEUGEOT,206,99%,OK
????,206 1.4 ?,PEUGEOT,206,99%,OK
????,206 1.4 ?,PEUGEOT,206,99%,OK
????,206 1.6 ?,PEUGEOT,206,99%,OK
????,206 ????,PEUGEOT,206+,99%,OK
????,206 ? 1.6 ?,PEUGEOT,206,90%,OK
????,206 ??,PEUGEOT,206 SW,99%,OK
????,206 ?? 1.4 ?,PEUGEOT,206 SW,99%,OK
????,206 ?? 1.6 ?,PEUGEOT,206 SW,99%,OK
????,206 ??,PEUGEOT,206 CC,99%,OK
????,206 ?? 1.6 ?,PEUGEOT,206 CC,99%,OK
????,207,PEUGEOT,207,99%,OK
????,207 ??,PEUGEOT,207 RC,99%,OK
????,207 ??,PEUGEOT,207 SW,99%,OK
????,207 ??,PEUGEOT,207 CC,99%,OK
????,207 ?? 1.6 ?,PEUGEOT,207 CC,99%,OK
????,207 ?? 1.6 ???,PEUGEOT,207 CC,99%,OK
????,208,PEUGEOT,208,99%,OK
????,230,PEUGEOT,Boxer,85%,OK
????,230 ?,PEUGEOT,Boxer,85%,OK
????,280,PEUGEOT,J5,80%,OK
????,280 ?,PEUGEOT,J5,80%,OK
????,290 ?,PEUGEOT,J5,80%,OK
????,290 ?52,PEUGEOT,J5,80%,OK
????,3003,PEUGEOT,3008,80%,OK
????,3008,PEUGEOT,3008,99%,OK
????,301,PEUGEOT,301,99%,OK
????,306,PEUGEOT,306,99%,OK
????,307,PEUGEOT,307,99%,OK
????,307 1.4 ?,PEUGEOT,307,99%,OK
????,307 1.6 ?,PEUGEOT,307,99%,OK
????,307 1.6 ???,PEUGEOT,307,99%,OK
????,307 2.0 ?,PEUGEOT,307,99%,OK
????,307 2.0 ?,PEUGEOT,307,99%,OK
????,307 ??,PEUGEOT,307 SW,99%,OK
????,307 ?? 1.6 ?,PEUGEOT,307 SW,99%,OK
????,307 ?? 2.0 ?,PEUGEOT,307 SW,99%,OK
????,307 ??,PEUGEOT,307 CC,99%,OK
????,307 ?? 2.0 ?,PEUGEOT,307 CC,99%,OK
????,308,PEUGEOT,308,99%,OK
????,308 1.6 ?,PEUGEOT,308,99%,OK
????,308 1.6 ???,PEUGEOT,308,99%,OK
????,308 2.0 ???,PEUGEOT,308,99%,OK
????,308 ??,PEUGEOT,308 SW,99%,OK
????,308 ??,PEUGEOT,308 CC,99%,OK
????,309,PEUGEOT,309,99%,OK
????,4007,PEUGEOT,4007,99%,OK
????,4008,PEUGEOT,4008,99%,OK
????,403,PEUGEOT,403,99%,OK
????,405,PEUGEOT,405,99%,OK
????,406,PEUGEOT,406,99%,OK
????,406 2.0 ?,PEUGEOT,406,99%,OK
????,406 2.2 ?,PEUGEOT,406,99%,OK
????,406 ???,PEUGEOT,406,99%,OK
????,407,PEUGEOT,407,99%,OK
????,407 1.6 ?,PEUGEOT,407,99%,OK
????,407 1.8 ?,PEUGEOT,407,99%,OK
????,407 2.0 ?,PEUGEOT,407,99%,OK
????,407 2.0 ?,PEUGEOT,407,99%,OK
????,407 2.2 ???,PEUGEOT,407,99%,OK
????,407 2.7 ???,PEUGEOT,407,99%,OK
????,407 ?? 1.6 ?,PEUGEOT,407 SW,99%,OK
????,407 ?? 2.0 ?,PEUGEOT,407 SW,99%,OK
????,407 ?? 2.2 ???,PEUGEOT,407 SW,99%,OK
????,408,PEUGEOT,408,99%,OK
????,50,PEUGEOT,50,OK,NEEDS_REVIEW
????,5008,PEUGEOT,5008,99%,OK
????,504,PEUGEOT,504,99%,OK
????,508,PEUGEOT,508,99%,OK
????,607,PEUGEOT,607,99%,OK
????,806,PEUGEOT,806,99%,OK
????,807,PEUGEOT,807,99%,OK
????,807 2.0 ?,PEUGEOT,807,99%,OK
????,807 2.0 ?,PEUGEOT,807,99%,OK
????,807 2.2 ?,PEUGEOT,807,99%,OK
????,J 5,PEUGEOT,J5,99%,OK
????,?1,PEUGEOT,A1,OK,NEEDS_REVIEW
????,????,PEUGEOT,Boxer Al-Ko,OK,NEEDS_REVIEW
????,?1,PEUGEOT,B1,OK,NEEDS_REVIEW
????,???????,PEUGEOT,Belville,95%,OK
????,?????,PEUGEOT,Bipper,99%,OK
????,??????? ??,PEUGEOT,Ludix Blaster,90%,OK
????,??????,PEUGEOT,Boxer,99%,OK
????,?????? 2.0 ?,PEUGEOT,Boxer,99%,OK
????,?????? 2.2 ?,PEUGEOT,Boxer,99%,OK
????,?????? 2.2 ???,PEUGEOT,Boxer,99%,OK
????,?????? 2.5 ???,PEUGEOT,Boxer,99%,OK
????,?????? 2.8 ?,PEUGEOT,Boxer,99%,OK
????,?????? 330,PEUGEOT,Boxer,99%,OK
????,?????? 330 ?? ??? ???,PEUGEOT,Boxer,99%,OK
????,?????? 335 ???,PEUGEOT,Boxer,99%,OK
????,?????? 350,PEUGEOT,Boxer,99%,OK
????,?????? 350 ?,PEUGEOT,Boxer,99%,OK
????,?????? 350 ??,PEUGEOT,Boxer,99%,OK
????,?????? 4?4,PEUGEOT,Boxer,99%,OK
????,????????,PEUGEOT,Vivacity,95%,OK
????,???????? 50,PEUGEOT,Vivacity,95%,OK
????,?????,PEUGEOT,V-Clic,95%,OK
????,???,PEUGEOT,Vogue,95%,OK
????,????????,PEUGEOT,Geopolis,95%,OK
????,??????,PEUGEOT,Django,95%,OK
????,???? ???? 125,PEUGEOT,Jet Force,95%,OK
????,???? ???? 50,PEUGEOT,Jet Force,95%,OK
????,????????,PEUGEOT,Jet Force,95%,OK
????,?,PEUGEOT,E,OK,NEEDS_REVIEW
????,? ??????,PEUGEOT,e-Ludix,95%,OK
????,? ???????,PEUGEOT,e-Partner,95%,OK
????,? ??????,PEUGEOT,e-Rifter,95%,OK
????,???????,PEUGEOT,Expert,99%,OK
????,??????? 2.0 ?,PEUGEOT,Expert,99%,OK
????,??????? 2.0 ?,PEUGEOT,Expert,99%,OK
????,??????? ????????,PEUGEOT,Traveller,95%,OK
????,??????,PEUGEOT,Elyseo,95%,OK
????,?????? 125,PEUGEOT,Elyseo,95%,OK
????,?????? 50,PEUGEOT,Elyseo,95%,OK
????,???????,PEUGEOT,Elystar,95%,OK
????,?  5,PEUGEOT,J5,99%,OK
????,? 2 ?,PEUGEOT,J2A,OK,NEEDS_REVIEW
????,? 5,PEUGEOT,J5,99%,OK
????,? 9,PEUGEOT,J9,99%,OK
????,????? 45,PEUGEOT,Zenith,95%,OK
????,????? 50,PEUGEOT,Zenith,95%,OK
????,???,PEUGEOT,iOn,95%,OK
????,?????,PEUGEOT,Kisbee,95%,OK
????,????? ?,PEUGEOT,Kisbee,95%,OK
????,?? 1,PEUGEOT,LV1,OK,NEEDS_REVIEW
????,??2 ???,PEUGEOT,LV2,OK,NEEDS_REVIEW
????,??2 ???,PEUGEOT,LV2,OK,NEEDS_REVIEW
????,?????,PEUGEOT,Limbo,95%,OK
????,??????,PEUGEOT,Ludix,95%,OK
????,??????,PEUGEOT,Looxor,95%,OK
????,?????? ?????,PEUGEOT,Ludix Trend,95%,OK
????,??????????,PEUGEOT,Metropolis,95%,OK
????,???,PEUGEOT,MTC,OK,NEEDS_REVIEW
????,?? 50,PEUGEOT,NK50,OK,NEEDS_REVIEW
????,???? ????? ??? 75,PEUGEOT,Partner,95%,OK
????,???? ?????? ??? 110,PEUGEOT,Partner Outdoor,95%,OK
????,???????,PEUGEOT,Partner,99%,OK
????,???????  1.8,PEUGEOT,Partner,99%,OK
????,??????? 1.4 ?,PEUGEOT,Partner,99%,OK
????,??????? 1.6 ?,PEUGEOT,Partner,99%,OK
????,??????? 1.6 ???,PEUGEOT,Partner,99%,OK
????,??????? 1.9,PEUGEOT,Partner,99%,OK
????,??????? 1.9 ?,PEUGEOT,Partner,99%,OK
????,??????? 190 ?,PEUGEOT,Partner,95%,OK
????,??????? 2.0,PEUGEOT,Partner,99%,OK
????,????,PEUGEOT,Ranch,95%,OK
????,??????,PEUGEOT,Rifter,99%,OK
????,???,PEUGEOT,RCZ,99%,OK
????,? 1,PEUGEOT,S1,OK,NEEDS_REVIEW
????,? 1 ?,PEUGEOT,S1B,OK,NEEDS_REVIEW
????,? 2 ?,PEUGEOT,S2A,OK,NEEDS_REVIEW
????,???????,PEUGEOT,Satelis,95%,OK
????,?? 125,PEUGEOT,SV 125,95%,OK
????,?? 50,PEUGEOT,SV 50,95%,OK
????,???? ????,PEUGEOT,Citystar,95%,OK
????,?????,PEUGEOT,Squab,95%,OK
????,????? ???? 2,PEUGEOT,Speedfight 2,95%,OK
????,????? ????,PEUGEOT,Speedfight,95%,OK
????,????????? 3,PEUGEOT,Speedfight 3,95%,OK
????,?????????,PEUGEOT,Speedfight,95%,OK
????,????????? 100,PEUGEOT,Speedfight 100,95%,OK
????,????????? 50,PEUGEOT,Speedfight 50,95%,OK
????,??? 125,PEUGEOT,Sum-Up 125,90%,OK
????,???,PEUGEOT,TKR,95%,OK
????,????????,PEUGEOT,Traveller,99%,OK
????,??????,PEUGEOT,Trekker,95%,OK
????,??????,PEUGEOT,Trekker,95%,OK
????,????,PEUGEOT,Tweet,95%,OK
????,? 052 ?,PEUGEOT,F052D,OK,NEEDS_REVIEW
????,???? ???,PEUGEOT,Speedfight WRC,90%,OK
????,?? 2,PEUGEOT,FB2,OK,NEEDS_REVIEW
????,??50?? 6?,PEUGEOT,FB50,OK,NEEDS_REVIEW
????,?? 052,PEUGEOT,FE052,OK,NEEDS_REVIEW
????,????,PEUGEOT,Fox,95%,OK
????,????????,PEUGEOT,Hercules,OK,NEEDS_REVIEW
????,????? ???? 51,PEUGEOT,Boxer Hymer Camp 51,OK,NEEDS_REVIEW
????,??,PEUGEOT,XP,OK,NEEDS_REVIEW
????,??? ??????,PEUGEOT,XPS Street,90%,OK
????,?? 6,PEUGEOT,XR6,90%,OK
?????,??200?? ?,PEIDU,CM200ST-A,85%,OK
?????,????????? ??? ?? 1.3,PEITZ,PAV SR 1.3,85%,OK
??????,2 ?????,PEISCHL,2 ZPTOJ,80%,OK
??????,3 ????,PEISCHL,3 ESPO,80%,OK
??????,3 ?????,PEISCHL,3 ESPOS,80%,OK
????,600,PEKA,600,85%,OK
??????,?? ?? 2000 ??,PEKAWE,WA WE 2000 TG,85%,OK
??????,?? 1500,PEKAWE,CT 1500,85%,OK
????,??? 824,PEKI,SVA 824,85%,OK
?????????,??? 350,PERKONTRA,FPC 350,80%,OK
????? - ??????,2011?,PETER INTRAK,2011R,80%,OK
??????,???,PETERS,PPT,85%,OK
????????,???31 ?,PEZZAIOLI,RBA31 C,95%,OK
????????,??? 31,PEZZAIOLI,SBA 31,95%,OK
????????,??? 32,PEZZAIOLI,SBA 32,95%,OK
????????,??? 32 ?,PEZZAIOLI,SBA 32 U,95%,OK
??????,1,PIAGGIO,1,95%,OK
??????,125,PIAGGIO,125,OK,NEEDS_REVIEW
??????,??? 2,PIAGGIO,Ape,80%,OK
??????,??????? 125,PIAGGIO,Beverly 125,99%,OK
??????,??????? 250,PIAGGIO,Beverly 250,99%,OK
??????,??????? 300 ???,PIAGGIO,Beverly 300 HPE,99%,OK
??????,??????? 310 ???,PIAGGIO,Beverly 310 HPE,99%,OK
??????,??????? 400 ???,PIAGGIO,Beverly 400,95%,OK
??????,????? 125,PIAGGIO,Vespa 125,95%,OK
??????,????? 50,PIAGGIO,Vespa 50,95%,OK
??????,????? ???,PIAGGIO,Vespa GTV,95%,OK
??????,????? ??? 125,PIAGGIO,Vespa GTS 125,95%,OK
??????,????? ??? 300,PIAGGIO,Vespa GTS 300,95%,OK
??????,????? ??? ????????,PIAGGIO,Vespa GTS Supertech,95%,OK
??????,????? ????????,PIAGGIO,Vespa Elettrica,95%,OK
??????,????? ??2 50,PIAGGIO,Vespa LX 50,90%,OK
??????,????? ???????? ?,PIAGGIO,Vespa Primavera,90%,OK
??????,????? ????????? 125,PIAGGIO,Vespa Primavera 125,95%,OK
??????,????? ????????? 125???,PIAGGIO,Vespa Primavera 125,95%,OK
??????,????? ????????? 150,PIAGGIO,Vespa Primavera 150,95%,OK
??????,????? ????????? 150 ???,PIAGGIO,Vespa Primavera 150,95%,OK
??????,????? ????????? 50,PIAGGIO,Vespa Primavera 50,95%,OK
??????,????? ????????? ???? 50,PIAGGIO,Vespa Primavera Tech 50,90%,OK
??????,????? ? 150,PIAGGIO,Vespa S 150,95%,OK
??????,????? ?????????,PIAGGIO,Vespa Sei Giorni,95%,OK
??????,????? ??????,PIAGGIO,Vespa Sprint,95%,OK
??????,????? ?????? 125,PIAGGIO,Vespa Sprint 125,95%,OK
??????,????? ?????? 150,PIAGGIO,Vespa Sprint 150,95%,OK
??????,????? ?????? 50,PIAGGIO,Vespa Sprint 50,95%,OK
??????,????? ?????? ? ????????,PIAGGIO,Vespa Sprint S Elettrica,95%,OK
??????,??????? 502,PIAGGIO,Gilera 502,OK,NEEDS_REVIEW
??????,?????? 50,PIAGGIO,Diesis 50,95%,OK
??????,??2,PIAGGIO,Vespa ET2,95%,OK
??????,???,PIAGGIO,Zip,95%,OK
??????,????? 125,PIAGGIO,Xevo 125,95%,OK
??????,??????? 125,PIAGGIO,Liberty 125,95%,OK
??????,??????? 125 ???,PIAGGIO,Liberty 125,95%,OK
??????,??????? 200,PIAGGIO,Liberty 200,95%,OK
??????,??????? 150 ???,PIAGGIO,Liberty 150,95%,OK
??????,? 23,PIAGGIO,M23,OK,NEEDS_REVIEW
??????,? 24,PIAGGIO,M24,OK,NEEDS_REVIEW
??????,? 28,PIAGGIO,M28,OK,NEEDS_REVIEW
??????,? 31,PIAGGIO,M31,OK,NEEDS_REVIEW
??????,? 34,PIAGGIO,M34,OK,NEEDS_REVIEW
??????,? 35,PIAGGIO,M35,OK,NEEDS_REVIEW
??????,? 36,PIAGGIO,M36,OK,NEEDS_REVIEW
??????,? 45,PIAGGIO,M45,OK,NEEDS_REVIEW
??????,? 53,PIAGGIO,M53,OK,NEEDS_REVIEW
??????,?01,PIAGGIO,M01,OK,NEEDS_REVIEW
??????,?36,PIAGGIO,M36,OK,NEEDS_REVIEW
??????,?46,PIAGGIO,M46,OK,NEEDS_REVIEW
??????,?4?1?,PIAGGIO,M4R1T,OK,NEEDS_REVIEW
??????,?71 2 00,PIAGGIO,M71,OK,NEEDS_REVIEW
??????,?????? 125,PIAGGIO,Medley 125,95%,OK
??????,?????? 150,PIAGGIO,Medley 150,95%,OK
??????,?????,PIAGGIO,Medley,95%,OK
??????,????? 200,PIAGGIO,Medley 200,95%,OK
??????,?? 3 125 ??,PIAGGIO,MP3 125,95%,OK
??????,??3 300 ??,PIAGGIO,MP3 300 LT,95%,OK
??????,??3 300 ?? ?????,PIAGGIO,MP3 300 LT Urban,95%,OK
??????,??3 300 ???,PIAGGIO,MP3 300 HPE,95%,OK
??????,??3 310 ???,PIAGGIO,MP3 310 HPE,95%,OK
??????,??3 400 ???,PIAGGIO,MP3 400 HPE,95%,OK
??????,??3 530 ???,PIAGGIO,MP3 530 HPE,95%,OK
??????,???,PIAGGIO,NRG,95%,OK
??????,??? 50,PIAGGIO,NRG 50,95%,OK
??????,??? ?????,PIAGGIO,NRG Power,95%,OK
??????,???,PIAGGIO,NRG,90%,OK
??????,???,PIAGGIO,NSL,90%,OK
??????,??? 80,PIAGGIO,NSL 80,90%,OK
??????,??????? 125 4 ?,PIAGGIO,125 4T,OK,NEEDS_REVIEW
??????,??????? ???,PIAGGIO,Ape,95%,OK
??????,??????? ??? 50,PIAGGIO,Ape 50,95%,OK
??????,??????? ??? ? 501,PIAGGIO,Ape P 501,95%,OK
??????,??????? ??? ?? ? 703 ?,PIAGGIO,Ape TM P 703 V,95%,OK
??????,??????? ???????,PIAGGIO,Aprilia,OK,NEEDS_REVIEW
??????,??????? ???????,PIAGGIO,Beverly,95%,OK
??????,??????? ??????? 300,PIAGGIO,Beverly 300,95%,OK
??????,??????? ??????? 500,PIAGGIO,Beverly 500,95%,OK
??????,??????? ????? 125,PIAGGIO,Vespa 125,95%,OK
??????,??????? ????? 150,PIAGGIO,Vespa 150,95%,OK
??????,??????? ????? 200,PIAGGIO,Vespa 200,95%,OK
??????,??????? ????? 50 ?? 4,PIAGGIO,Vespa ET4 50,95%,OK
??????,??????? ????? 50 ??,PIAGGIO,Vespa PX 50,95%,OK
??????,??????? ????? 50 ??,PIAGGIO,Vespa FL 50,95%,OK
??????,??????? ????? 50 ????,PIAGGIO,Ciao 50,95%,OK
??????,??????? ????? 946,PIAGGIO,Vespa 946,95%,OK
??????,??????? ????? ???,PIAGGIO,Vespa GTS,95%,OK
??????,??????? ????? ??? 250,PIAGGIO,Vespa GTS 250,95%,OK
??????,??????? ????? ?? 4,PIAGGIO,Vespa ET4,95%,OK
??????,??????? ????? ?? 125,PIAGGIO,Vespa LX 125,95%,OK
??????,??????? ????? ?????????,PIAGGIO,Vespa Primavera,95%,OK
??????,??????? ??????? 228,PIAGGIO,Gilera 228,OK,NEEDS_REVIEW
??????,??????? ??????? ?? 800,PIAGGIO,Gilera GP 800,95%,OK
??????,??????? ??????? ??? 50,PIAGGIO,Gilera DNA 50,95%,OK
??????,??????? ??? 50,PIAGGIO,DNA 50,95%,OK
??????,??????? ???,PIAGGIO,Zip,95%,OK
??????,??????? ??? 50,PIAGGIO,Zip 50,95%,OK
??????,??????? ??? 50 2 ?,PIAGGIO,Zip 50,95%,OK
??????,??????? ??? 50 4 ?,PIAGGIO,Zip 50,95%,OK
??????,??????? ???????,PIAGGIO,Liberty,95%,OK
??????,??????? ??????? 125 4 ?,PIAGGIO,Liberty 125,95%,OK
??????,??????? ??????? 50,PIAGGIO,Liberty 50,95%,OK
??????,??????? ??????? 50 4 ?,PIAGGIO,Liberty 50,95%,OK
??????,??????? ? 07,PIAGGIO,M07,OK,NEEDS_REVIEW
??????,??????? ? 25,PIAGGIO,M25,OK,NEEDS_REVIEW
??????,??????? ? 27,PIAGGIO,M27,OK,NEEDS_REVIEW
??????,??????? ? 38,PIAGGIO,M38,OK,NEEDS_REVIEW
??????,??????? ? 47,PIAGGIO,M47,OK,NEEDS_REVIEW
??????,??????? ? 52,PIAGGIO,M52,OK,NEEDS_REVIEW
??????,??????? ? 59,PIAGGIO,M59,OK,NEEDS_REVIEW
??????,??????? ? 60,PIAGGIO,M60,OK,NEEDS_REVIEW
??????,??????? ? 62,PIAGGIO,M62,OK,NEEDS_REVIEW
??????,??????? ? 63,PIAGGIO,M63,OK,NEEDS_REVIEW
??????,??????? ? 64,PIAGGIO,M64,OK,NEEDS_REVIEW
??????,??????? ? 67,PIAGGIO,M67,OK,NEEDS_REVIEW
??????,??????? ? 68,PIAGGIO,M68,OK,NEEDS_REVIEW
??????,??????? ? 69,PIAGGIO,M69,OK,NEEDS_REVIEW
??????,??????? ? 70,PIAGGIO,M70,OK,NEEDS_REVIEW
??????,??????? ? 73,PIAGGIO,M73,OK,NEEDS_REVIEW
??????,??????? ? 76,PIAGGIO,M76,OK,NEEDS_REVIEW
??????,??????? ? 86,PIAGGIO,M86,OK,NEEDS_REVIEW
??????,??????? ?31,PIAGGIO,M31,OK,NEEDS_REVIEW
??????,??????? ?34,PIAGGIO,M34,OK,NEEDS_REVIEW
??????,??????? ?35,PIAGGIO,M35,OK,NEEDS_REVIEW
??????,??????? ?4 ?2 ? ?????,PIAGGIO,Ape Poker,85%,OK
??????,??????? ?45,PIAGGIO,M45,OK,NEEDS_REVIEW
??????,??????? ?? 3,PIAGGIO,MP3,95%,OK
??????,??????? ??? 50 ? 20,PIAGGIO,NRG 50,95%,OK
??????,??????? ??? ???????,PIAGGIO,NRG Extreme,95%,OK
??????,??????? ??? ?? 2,PIAGGIO,NRG MC2,95%,OK
??????,??????? ???000,PIAGGIO,NRG,90%,OK
??????,??????? ??? 1 ?,PIAGGIO,NSP1T,OK,NEEDS_REVIEW
??????,??????? ??? 50,PIAGGIO,NTT 50,95%,OK
??????,??????? ?????? ?????,PIAGGIO,Porter Pick-Up,95%,OK
??????,??????? ?????? ? 85,PIAGGIO,Porter S85,95%,OK
??????,??????? ?????,PIAGGIO,Runner,95%,OK
??????,??????? ? 85 ??,PIAGGIO,Porter S85,90%,OK
??????,??????? ??,PIAGGIO,Si,95%,OK
??????,??????? ?????? 125,PIAGGIO,Skipper 125,95%,OK
??????,??????? ??? ? 20,PIAGGIO,M20,OK,NEEDS_REVIEW
??????,??????? ??? ? 28,PIAGGIO,M28,OK,NEEDS_REVIEW
??????,??????? ??? ? 36,PIAGGIO,M36,OK,NEEDS_REVIEW
??????,??????? ??? ?61,PIAGGIO,M61,OK,NEEDS_REVIEW
??????,??????? ??????,PIAGGIO,Vespa Sprint,95%,OK
??????,??????? ??? 50,PIAGGIO,Sfera 50,80%,OK
??????,??????? ?? 125,PIAGGIO,ST 125,80%,OK
??????,??????? ?????,PIAGGIO,Sfera,95%,OK
??????,??????? ????? 125,PIAGGIO,Sfera 125,95%,OK
??????,??????? ??????,PIAGGIO,Typhoon,95%,OK
??????,??????? ?????? 50,PIAGGIO,Typhoon 50,95%,OK
??????,??????? ?????? 50 ????? 2 -????,PIAGGIO,Typhoon 50 Sport,95%,OK
??????,??????? ??? 80,PIAGGIO,Tec 80,80%,OK
??????,??????? ????,PIAGGIO,Fly,95%,OK
??????,??????? ????,PIAGGIO,Free,95%,OK
??????,??????? ?,PIAGGIO,X,OK,NEEDS_REVIEW
??????,??????? ????????,PIAGGIO,Hexagon,95%,OK
??????,??????? ???????? 125,PIAGGIO,Hexagon 125,95%,OK
??????,??????? ???????? ??? 250,PIAGGIO,Hexagon GTX 250,95%,OK
??????,??????? ? 151 ?,PIAGGIO,C151M,OK,NEEDS_REVIEW
??????,??????? ? 220,PIAGGIO,C220,OK,NEEDS_REVIEW
??????,??????? ? 25,PIAGGIO,C25,OK,NEEDS_REVIEW
??????,??????? ? 29,PIAGGIO,C29,OK,NEEDS_REVIEW
??????,??????? ? 32,PIAGGIO,C32,OK,NEEDS_REVIEW
??????,??????? ? 34,PIAGGIO,C34,OK,NEEDS_REVIEW
??????,??????? ? 38,PIAGGIO,C38,OK,NEEDS_REVIEW
??????,??????? ? 44,PIAGGIO,C44,OK,NEEDS_REVIEW
??????,??????? ? 45,PIAGGIO,C45,OK,NEEDS_REVIEW
??????,??????? ? 46,PIAGGIO,C46,OK,NEEDS_REVIEW
??????,??????? ? 48,PIAGGIO,C48,OK,NEEDS_REVIEW
??????,??????? ? 49,PIAGGIO,C49,OK,NEEDS_REVIEW
??????,??????? ? 52,PIAGGIO,C52,OK,NEEDS_REVIEW
??????,??????? ?37,PIAGGIO,C37,OK,NEEDS_REVIEW
??????,??????? ?42,PIAGGIO,C42,OK,NEEDS_REVIEW
??????,??????? ???,PIAGGIO,Ciao,95%,OK
??????,??????,PIAGGIO,Porter,95%,OK
??????,?????? 1.3 ?,PIAGGIO,Porter,95%,OK
??????,?????? ?????,PIAGGIO,Porter Maxxi,95%,OK
??????,?????? ??6,PIAGGIO,Porter NP6,95%,OK
??????,?85,PIAGGIO,Porter S85,90%,OK
??????,?????,PIAGGIO,Sport,OK,NEEDS_REVIEW
??????,???? 125,PIAGGIO,Fly 125,95%,OK
??????,???? 150,PIAGGIO,Fly 150,95%,OK
??????,???? 50,PIAGGIO,Fly 50,95%,OK
??????,??? 4 ?,PIAGGIO,FCS4M,OK,NEEDS_REVIEW
??????,? 10 350 ???,PIAGGIO,X10 350,95%,OK
??????,? 7 250 ??,PIAGGIO,X7 250,95%,OK
??????,? 8 125,PIAGGIO,X8 125,95%,OK
??????,? 9,PIAGGIO,X9,95%,OK
??????,? 9 500 4 ? ??,PIAGGIO,X9 500,95%,OK
??????,?7 ??? 300,PIAGGIO,X7 Evo 300,95%,OK
??????,?8 400,PIAGGIO,X8 400,95%,OK
??????,???????? 150,PIAGGIO,Hexagon 150,95%,OK
??????,? 14,PIAGGIO,C14,OK,NEEDS_REVIEW
??????,? 28,PIAGGIO,C28,OK,NEEDS_REVIEW
??????,? 42,PIAGGIO,C42,OK,NEEDS_REVIEW
??????,? 50,PIAGGIO,C50,OK,NEEDS_REVIEW
??????,?15,PIAGGIO,C15,OK,NEEDS_REVIEW
??????,?21,PIAGGIO,C21,OK,NEEDS_REVIEW
??????,?45,PIAGGIO,C45,OK,NEEDS_REVIEW
??????,?? 1?,PIAGGIO,CX 1M,OK,NEEDS_REVIEW
?????? ?????,?????????? ??3,PIAGGIO,NRG MC3,95%,OK
????????,? 37 ? 2 ?,PIACENZA,S37R2Z,OK,NEEDS_REVIEW
?????????,??,PIJNAPPEL,JG,80%,OK
?????????,??? 1500,PIJNAPPEL,PTA 1500,80%,OK
???????,???5500?,PIJPOPS,APG5500F,OK,NEEDS_REVIEW
??????,??????,PILATO,Aurora,95%,OK
???????,????? ???????,PILGRIM,Cobra Replica,95%,OK
?????,?? 2.7,PILOB,AT 2.7,90%,OK
????,?????? ????,PINZ,Martin Pinz,80%,OK
??????,? 45 ??,PIONEER,P 45 LE,85%,OK
??????,?? 125 10?,PIONEER,HF 125,90%,OK
??????,?? 125 ? 4 ?,PIONEER,HF 125,90%,OK
?????,12 ??,PIPER,12 CL,80%,OK
??????,???????,PIRKER,Eigenbau,90%,OK
????????,??? 3500 ??,PLANDEX,PTL 3500 CU,90%,OK
??????,(???),PLYMOUTH,Unknown,OK,NEEDS_REVIEW
??????,???? ????,PLYMOUTH,Gran Fury,98%,OK
??????,???????,PLYMOUTH,Prowler,98%,OK
????? ? ????????,??? 401,PLINI E GIGLIOTTI,PGG 401,95%,OK
?????,??? 18,PLUGE,ZAL 18,80%,OK
?????,? 300,PLUMA,A 300,90%,OK
??,130 ?,PM,130 U,80%,OK
??,80 ???,PM,80 TNI,80%,OK
???,450,PMW,450,80%,OK
??,244201,PO,244201,OK,NEEDS_REVIEW
????????,?600,PODLESZAK,T600,90%,OK
?????,??9,POESSL,KV9,90%,OK
?????,????? 600 ????,POESSL,Summit 600 Plus,98%,OK
?????,470,POLAR,470,95%,OK
?????,520 ??,POLAR,520 GL,95%,OK
?????,550 ???,POLAR,550 GLE,95%,OK
?????,620,POLAR,620,95%,OK
???????,??? 525 ?,POLARIS,Outlaw 525,90%,OK
???????,??? 800 ?,POLARIS,RZR 800,98%,OK
???????,??????,POLARIS,Sawtooth,98%,OK
???????,????????? 1000,POLARIS,Scrambler 1000,98%,OK
???????,????????? 1000 ?,POLARIS,Scrambler 1000 S,98%,OK
???????,????????? 500 ?,POLARIS,Scrambler 500,98%,OK
???????,????????? ?? 850,POLARIS,Scrambler XP 850,98%,OK
???????,????????,POLARIS,Slingshot,98%,OK
???????,???????? ?,POLARIS,Slingshot R,98%,OK
???????,???????? ???,POLARIS,Slingshot SLR,98%,OK
???????,???????? ?23?????,POLARIS,Slingshot,95%,OK
???????,????????? 1000,POLARIS,Sportsman 1000,98%,OK
???????,????????? 1000 ?,POLARIS,Sportsman 1000 S,98%,OK
???????,????????? 570,POLARIS,Sportsman 570,98%,OK
???????,????????? 570 ??????? ???,POLARIS,Sportsman 570 Touring,98%,OK
???????,????????? 800 ?,POLARIS,Sportsman 800,98%,OK
???????,????????? 850 ?,POLARIS,Sportsman 850,98%,OK
???????,????????? ?????? ?? 1000,POLARIS,Sportsman Touring XP 1000,98%,OK
???????,????????? ?????? 500,POLARIS,Sportsman Forest 500,98%,OK
???????,????????? ?????? 570,POLARIS,Sportsman Forest 570,98%,OK
???????,????????? 500,POLARIS,Sportsman 500,98%,OK
???????,????????? 550 ?,POLARIS,Sportsman 550,98%,OK
????????,2,POLESTAR,2,99%,OK
????????,4,POLESTAR,4,99%,OK
?????????,???? 50,POLYMOBIL,Mini 50,90%,OK
???????,?? 420 ?,POLCAMP,WK 420 E,90%,OK
??????,??? 2223,POLKON,NNT 2223,90%,OK
??????,?? 183,POLKON,PK 183,90%,OK
??????,?23,POLMAR,P23,90%,OK
???????????,(???????????),SEMI-TRAILER,Unknown,OK,NEEDS_REVIEW
???????????,?????? ??? 350,FLIEGL,SDS 350,95%,OK
???????????,????? ???24-?1362?,SCHMITZ CARGOBULL,SPR 24,95%,OK
????????,6024,PONGRATZ,6024,90%,OK
????????,?? 145 ?,PONGRATZ,VA 145 T,95%,OK
????????,???206?,PONGRATZ,WPA 206 G,95%,OK
????????,??? 170 ?,PONGRATZ,GPA 170 U,95%,OK
????????,??? 200 ?,PONGRATZ,GPA 200 G,95%,OK
????????,??? 206 ?,PONGRATZ,EPA 206 G,95%,OK
????????,? ?? 350 ? ?,PONGRATZ,L-AT 350,95%,OK
????????,? ?? 400 ? ?,PONGRATZ,L-AT 400,95%,OK
????????,? ?? 400 ? ? 2,PONGRATZ,L-AT 400,95%,OK
????????,? ?? 470 ? ?,PONGRATZ,L-AT 470,95%,OK
????????,?-??,PONGRATZ,L-AT,95%,OK
????????,??? 150 ?,PONGRATZ,LPA 150 U,95%,OK
????????,??? 150 ?-?,PONGRATZ,LPA 150 U-B,95%,OK
????????,??? 180 ?,PONGRATZ,LPA 180 U,95%,OK
????????,??? 206 ?,PONGRATZ,LPA 206 G,95%,OK
????????,??? 206 ?,PONGRATZ,LPA 206 U,95%,OK
????????,??? 206 ? ?,PONGRATZ,LPA 206 U-B,95%,OK
????????,??? 250 12 ?,PONGRATZ,LPA 250/12 U,95%,OK
????????,??? 300 13?,PONGRATZ,LPA 300/13 T,95%,OK
????????,??? ?,PONGRATZ,LPA U,95%,OK
????????,???300 15 ???,PONGRATZ,LPA 300/15 G-AL,95%,OK
????????,?? 2300 16 ? ??,PONGRATZ,LH 2300/16 U-AL,95%,OK
????????,?? 250 ? ?,PONGRATZ,MA 250 U-K,95%,OK
????????,?? 750 2,PONGRATZ,MA 750/2,95%,OK
????????,?? 123,PONGRATZ,PA 123,95%,OK
????????,?? 125,PONGRATZ,PA 125,95%,OK
????????,?? 140,PONGRATZ,PA 140,95%,OK
????????,?? 160,PONGRATZ,PA 160,95%,OK
????????,?? 160 4,PONGRATZ,PA 160/4,95%,OK
????????,?? 190,PONGRATZ,PA 190,95%,OK
????????,?? 190 6,PONGRATZ,PA 190/6,95%,OK
????????,?? 205?,PONGRATZ,PA 205 G,95%,OK
????????,?? ?? 2000,PONGRATZ,PA-TL 2000,95%,OK
????????,?? ?? 3500,PONGRATZ,PA-HL 3500,95%,OK
????????,??? 300,PONGRATZ,PBA 300,95%,OK
????????,??? 450,PONGRATZ,PBA 450,95%,OK
????????,??? 650,PONGRATZ,PBA 650,95%,OK
????????,??? 800?,PONGRATZ,PBA 800 M,95%,OK
????????,???850,PONGRATZ,PBA 850,95%,OK
????????,??? 185 ?,PONGRATZ,PFA 185 U,95%,OK
????????,?? 800,PONGRATZ,SA 800,95%,OK
????????,???? 201 ?,PONGRATZ,SEPA 201 G,95%,OK
????????,?200 150? ?,PONGRATZ,F200 150U A,95%,OK
???????,????,PONTIAC,Vibe,99%,OK
???????,????? ???,PONTIAC,Grand Prix,99%,OK
???????,???,PONTIAC,GTO,99%,OK
???????,???????,PONTIAC,Solstice,99%,OK
???????,????? ??,PONTIAC,Trans Am,99%,OK
???????,????????,PONTIAC,Firebird,99%,OK
???????,?????????,PONTIAC,Firebird,99%,OK
??? ????????,????,POP INDUSTRY,Repo,95%,OK
?????,356,PORSCHE,356,99%,OK
?????,718 ???????,PORSCHE,718 Boxster,99%,OK
?????,718 ??????? ???,PORSCHE,718 Boxster GTS,99%,OK
?????,718 ??????? ?,PORSCHE,718 Boxster S,99%,OK
?????,718 ??????? ???????,PORSCHE,718 Spyder,99%,OK
?????,718 ??????,PORSCHE,718 Cayman,99%,OK
?????,718 ?????? ??4,PORSCHE,718 Cayman GT4,99%,OK
?????,718 ?????? ??4 ??,PORSCHE,718 Cayman GT4 RS,99%,OK
?????,718 ?????? ???,PORSCHE,718 Cayman GTS,99%,OK
?????,718 ?????? ?,PORSCHE,718 Cayman S,99%,OK
?????,718 ??????? ??,PORSCHE,718 Spyder RS,99%,OK
?????,911,PORSCHE,911,99%,OK
?????,911 ?? 2,PORSCHE,911 GT2,99%,OK
?????,911 ?? 3 ??,PORSCHE,911 GT3 RS,99%,OK
?????,911 ??2 ??,PORSCHE,911 GT2 RS,99%,OK
?????,911 ??3,PORSCHE,911 GT3,99%,OK
?????,911 ???,PORSCHE,911 GTS,99%,OK
?????,911 ?????,PORSCHE,911 Dakar,99%,OK
?????,911 ??????,PORSCHE,911 Carrera,99%,OK
?????,911 ?????? 2 ??,PORSCHE,911 Carrera RS,99%,OK
?????,911 ?????? 4,PORSCHE,911 Carrera 4,99%,OK
?????,911 ?????? 4 ???,PORSCHE,911 Carrera 4 GTS,99%,OK
?????,911 ?????? 4?,PORSCHE,911 Carrera 4S,99%,OK
?????,911 ?????? ???,PORSCHE,911 Carrera GTS,99%,OK
?????,911 ?????? ?,PORSCHE,911 Carrera S,99%,OK
?????,911 ?????? ? ??????,PORSCHE,911 Carrera S Cabriolet,99%,OK
?????,911 ?????? ?,PORSCHE,911 Carrera T,99%,OK
?????,911 ?,PORSCHE,911 S,99%,OK
?????,911 ? ?,PORSCHE,911 S/T,99%,OK
?????,911 ????????,PORSCHE,911 Speedster,99%,OK
?????,911 ?????,PORSCHE,911 Targa,99%,OK
?????,911 ????? 4,PORSCHE,911 Targa 4,99%,OK
?????,911 ????? 4 ???,PORSCHE,911 Targa 4 GTS,99%,OK
?????,911 ????? 4?,PORSCHE,911 Targa 4S,99%,OK
?????,911 ?????,PORSCHE,911 Turbo,99%,OK
?????,911 ????? 50,PORSCHE,911 Turbo 50 Years,99%,OK
?????,911 ????? ?????????,PORSCHE,911 Turbo Cabriolet,99%,OK
?????,911 ????? ?,PORSCHE,911 Turbo S,99%,OK
?????,912,PORSCHE,912,99%,OK
?????,924,PORSCHE,924,99%,OK
?????,928,PORSCHE,928,99%,OK
?????,944,PORSCHE,944,99%,OK
?????,968 ??,PORSCHE,968 CS,99%,OK
?????,993 ?????,PORSCHE,911 Turbo,99%,OK
?????,996,PORSCHE,911,99%,OK
?????,???????,PORSCHE,Boxster,99%,OK
?????,??????? ?,PORSCHE,Boxster S,99%,OK
?????,??????? ???????,PORSCHE,Boxster Spyder,99%,OK
?????,?????,PORSCHE,Cayenne,99%,OK
?????,????? ???,PORSCHE,Cayenne GTS,99%,OK
?????,????? ?????,PORSCHE,Cayenne Diesel,99%,OK
?????,????? ? ??????,PORSCHE,Cayenne E-Hybrid,99%,OK
?????,????? ? ?????? ???,PORSCHE,Cayenne E-Hybrid,99%,OK
?????,????? ?,PORSCHE,Cayenne S,99%,OK
?????,????? ? ?????,PORSCHE,Cayenne S Diesel,99%,OK
?????,????? ? ? ??????,PORSCHE,Cayenne S E-Hybrid,99%,OK
?????,????? ?????,PORSCHE,Cayenne Turbo,99%,OK
?????,????? ????? ??,PORSCHE,Cayenne Turbo GT,99%,OK
?????,????? ????? ? ??????,PORSCHE,Cayenne Turbo E-Hybrid,99%,OK
?????,????? ????? ?,PORSCHE,Cayenne Turbo S,99%,OK
?????,????? ????? ? ? ??????,PORSCHE,Cayenne Turbo S E-Hybrid,99%,OK
?????,??????,PORSCHE,Cayman,99%,OK
?????,?????? ??4,PORSCHE,Cayman GT4,99%,OK
?????,?????? ?,PORSCHE,Cayman S,99%,OK
?????,?????? 4 ??????,PORSCHE,911 Carrera 4 Cabriolet,99%,OK
?????,?????? 4 ?,PORSCHE,911 Carrera 4S,99%,OK
?????,?????? 911,PORSCHE,911 Carrera,99%,OK
?????,?????? ??????,PORSCHE,911 Carrera Cabriolet,99%,OK
?????,?????? ? ????,PORSCHE,911 Carrera S Coupe,99%,OK
?????,?????? ?????,PORSCHE,911 Turbo,99%,OK
?????,?????,PORSCHE,Macan,99%,OK
?????,????? 4,PORSCHE,Macan 4,99%,OK
?????,????? 4?,PORSCHE,Macan 4S,99%,OK
?????,????? ???,PORSCHE,Macan GTS,99%,OK
?????,????? ?,PORSCHE,Macan S,99%,OK
?????,????? ? ?????,PORSCHE,Macan S Diesel,99%,OK
?????,????? ?,PORSCHE,Macan T,99%,OK
?????,????? ?????,PORSCHE,Macan Turbo,99%,OK
?????,????????,PORSCHE,Panamera,99%,OK
?????,???????? 4,PORSCHE,Panamera 4,99%,OK
?????,???????? 4 ? ??????,PORSCHE,Panamera 4 E-Hybrid,99%,OK
?????,???????? 4 ?,PORSCHE,Panamera 4S,99%,OK
?????,???????? 4? ?????,PORSCHE,Panamera 4S Diesel,99%,OK
?????,???????? 4? ? ??????,PORSCHE,Panamera 4S E-Hybrid,99%,OK
?????,???????? ???,PORSCHE,Panamera GTS,99%,OK
?????,???????? ?????,PORSCHE,Panamera Diesel,99%,OK
?????,???????? ?,PORSCHE,Panamera S,99%,OK
?????,???????? ? ? ??????,PORSCHE,Panamera S E-Hybrid,99%,OK
?????,???????? ?????,PORSCHE,Panamera Turbo,99%,OK
?????,???????? ????? ? ??????,PORSCHE,Panamera Turbo E-Hybrid,99%,OK
?????,???????? ????? ?,PORSCHE,Panamera Turbo S,99%,OK
?????,???????? ????? ? ? ??????,PORSCHE,Panamera,99%,OK
?????,???????? ??????,PORSCHE,Panamera,99%,OK
?????,??????,PORSCHE,Taycan,99%,OK
?????,?????? 4,PORSCHE,Taycan,99%,OK
?????,?????? 4?,PORSCHE,Taycan,99%,OK
?????,?????? ???,PORSCHE,Taycan,99%,OK
?????,?????? ?????,PORSCHE,Taycan,99%,OK
?????,?????? ????? ?,PORSCHE,Taycan,99%,OK
?????,????? 640,POESSL,Summit 640,95%,OK
????? ???????,1?1,POWER TRAILER,1A1,80%,OK
????,?? 350,PUCH,HP 350,85%,OK
???,??? 400,PPM,ATT 400,90%,OK
?????,??? (?????????),PRAGA,VZS,80%,OK
????,??0407,PRAT,CP0407,OK,NEEDS_REVIEW
???????,?? 185,PRATIKA,EP 185,OK,NEEDS_REVIEW
??? ????????,2??,PRG TRAILERS,2AB,90%,OK
??? ????????,3??,PRG TRAILERS,3AB,90%,OK
??? ????????,?2?,PRG TRAILERS,A2B,90%,OK
??????,126 ?,PREDOM,126N,95%,OK
???????,?? 270,PRESTIGE,BT 270,85%,OK
???????,???? 640,PRESTIGE,Lux 640,85%,OK
?????????,??,PRICOLICI,EU,OK,NEEDS_REVIEW
???,2002 ?? 16 ? 210,PRK,2002 AB 16 F 210,OK,NEEDS_REVIEW
??? ????,2 ???,PRO STAFF,2 JPD,OK,NEEDS_REVIEW
??????,??3500,PROBST,PG3500,85%,OK
???????,??? 89,PROGRESS,TSZh 89,OK,NEEDS_REVIEW
???????,??2 ??,PROCTON,VT2 XK,OK,NEEDS_REVIEW
???????,?202,PROLINE,P202,80%,OK
??????,?? 15,PRONAR,MR 15,90%,OK
??????,???????,PROTON,Persona,95%,OK
???? ?,?????? ?,PUMA C,Gazelle C,80%,OK
?????????,365,PUMBERGER,365,80%,OK
?????,?? 400 02 42,PUMPE,HP 400,OK,NEEDS_REVIEW
?????,??????? ????? ?? 4,PUPPE,Wilhelm Puppe TP 4,85%,OK
???,230 ?,PUCH,230 G,95%,OK
???,230 ??,PUCH,230 GE,95%,OK
???,250 ??? 6 2,PUCH,250 GD,90%,OK
???,280 ??,PUCH,280 GE,95%,OK
???,290 ??,PUCH,290 GD,95%,OK
???,300 ??,PUCH,300 GD,95%,OK
???,300 ??? 6,PUCH,300 GD,90%,OK
???,300 ???,PUCH,300 GSE,90%,OK
???,???,PUCH,Boss,85%,OK
???,?????,PUCH,Maxi,95%,OK
???,??????,PUCH,Typhoon,90%,OK
???,??? 1?,PUCH,TEC 1T,OK,NEEDS_REVIEW
???,?????,PUCH,Typhoon,90%,OK
???,?? 50 ?,PUCH,CS 50 X,90%,OK
??????????,??? 1005 ?5,PUTZMEISTER,BSA 1005 D5,95%,OK
??????????,?????? ??? 450 ??,PUTZMEISTER,Estrich Boy 450 BS,95%,OK
??????????,????????? ?? 260 55 ??,PUTZMEISTER,Estrich Boy DC 260/55 BS,95%,OK
??????????,? 740 ?,PUTZMEISTER,M 740 D,95%,OK
??????????,? 760 ??,PUTZMEISTER,M 760 DX,95%,OK
??????????,? 760 ???,PUTZMEISTER,M 760 DXB,95%,OK
??????????,?740??,PUTZMEISTER,M 740 DB,95%,OK
??????????,?740????,PUTZMEISTER,M 740 DXBS,95%,OK
??????????,?760????,PUTZMEISTER,M 760 DXBS,95%,OK
??????????,??25???,PUTZMEISTER,SP 25 DXF,95%,OK
????,??????? ?6500,PFA?,Rexter A6500,95%,OK
????,?????? 6.5 4?4,PFA?,Spring 6.5,90%,OK
?????????,??? 15,PFAFFENBACH,TTG 15,85%,OK
??????????,600,PFEFFERKORN,600,80%,OK
???????,?? 20,RAASING,RT 20,80%,OK
????,580 00 003,RABA,580,80%,OK
??????? ????? ???,? 30??,CRUISER RV,Radiance Ultra Lite R-30DS,90%,OK
?????,12750,RAEMA,12750,OK,NEEDS_REVIEW
?????,????? 50,RAZZO,Capri 50,90%,OK
?????,???? 50,RAZZO,Light 50,90%,OK
?????,????,RAZZO,Luca,90%,OK
??????,??,RAZORY,GI,80%,OK
????,???? 24,REISCH,RPHK 24,95%,OK
????,???????? ?,REISCH,Steelpipe R,90%,OK
????,? 92,RYDE,B 92,80%,OK
????,?24,RYDE,B24,80%,OK
????,???? 125,RYDE,Blur 125,90%,OK
????,????????,RYDE,Vendetta,90%,OK
????,?????,RYDE,Jump,90%,OK
????,????????,RYDE,Evolution,90%,OK
????,?????? 50,RYDE,Classic 50,90%,OK
????,?????? 50,RYDE,Cracker 50,90%,OK
????,??? 50,RYDE,MRS 50,90%,OK
????,????,RYDE,Omen,90%,OK
????,????????,RYDE,Paradise,90%,OK
????,??????? 50,RYDE,Twister 50,90%,OK
????,?? 1025,RICE,MT 1025,85%,OK
???? ????????,?????? ??????,RICE TRAILERS,Animal Carrier,90%,OK
????,???? 35 24 ??,REISCH,RVLS 35/24 LK,95%,OK
????,???? ???? 35 24 ??,REISCH,RSBS 35/24 LK,95%,OK
????,???? ???? 35 24??,REISCH,RHKS 35/24 AL,95%,OK
????,???? 35 24 ??,REISCH,RHKS 35/24 AL,95%,OK
????,???? 35 24 ???,REISCH,RHKS 35/24 SSL,95%,OK
????,???? 39 24 ??,REISCH,RHKS 39/24 AL,95%,OK
????,????????? ?,REISCH,Steelpipe R,95%,OK
??????,????,RACLET,SDAH,90%,OK
???,1500,RAM,1500,99%,OK
???,1500 ??????? 4?4,RAM,1500,99%,OK
???,1500 ???,RAM,1500 TRX,99%,OK
???,2500,RAM,2500,99%,OK
???,?????????,RAM,ProMaster,99%,OK
???,????????? ????,RAM,ProMaster City,99%,OK
???,???,RAM,Ram,90%,OK
?????,500,RAMMER,500,85%,OK
???????,1900,RANDERS,1900,80%,OK
??????,252,RAPIDO,252,95%,OK
??????,690 ?,RAPIDO,690F,95%,OK
??????,906,RAPIDO,906,95%,OK
??????,963,RAPIDO,963,95%,OK
??????,983 ?,RAPIDO,983F,95%,OK
??????,986,RAPIDO,986,95%,OK
??????,?? 5,RAPIDO,AF 5,90%,OK
??????,???? 30,RAPIDO,Club 30,95%,OK
??????,???????,RAPIDO,Confort,95%,OK
??????,??0,RAPIDO,MA0,80%,OK
??????,??6,RAPIDO,FA6,80%,OK
??????,13,RASLER,13,OK,NEEDS_REVIEW
???,500,RATH,500,80%,OK
??,2000,RV,2000,OK,NEEDS_REVIEW
??,750,RV,750,OK,NEEDS_REVIEW
??,????????,RV,Ladenbau,OK,NEEDS_REVIEW
??,???2500,RV,RVP 2500,OK,NEEDS_REVIEW
??,?3500,RV,T3500,OK,NEEDS_REVIEW
???,?70?,RVK,X70T,OK,NEEDS_REVIEW
???,?52?85,RVK,C52T85,OK,NEEDS_REVIEW
???,500?,RVM,500F,85%,OK
??? ???,?? 450,RGP SRL,VR 450,80%,OK
??,?? 3503,RD,BT 3503,OK,NEEDS_REVIEW
???,?????,RDB,Kombi,85%,OK
???,? ????,RDB,F-Klass,85%,OK
??????,?? 1,REWACO,RF1,95%,OK
????? ??????,??125? 5,REGAL RAPTOR,DD125E-5,95%,OK
????? ??????,?5,REGAL RAPTOR,K5,95%,OK
???????,??? 250?? 1?,REDMOTO,RMX 250RX,90%,OK
?????????,385,REISINGER,385,85%,OK
?????????,?? 3500,REISINGER,GK 3500,85%,OK
??????,???,REKWAN,RKV,OK,NEEDS_REVIEW
?????,???,RECKER,LLK,80%,OK
???? ???????,?? 3000???,RECO TRAILER,HF 3000 HTD,85%,OK
????,25,REX,25,90%,OK
????,50,REX,50,90%,OK
????,??,REX,AA,OK,NEEDS_REVIEW
????,??,REX,GI,OK,NEEDS_REVIEW
????,?? 1000,REX,RS 1000,90%,OK
????,?? 1100,REX,RS 1100,90%,OK
?????,50,REXY,50,85%,OK
????,2000,REMA,2000,OK,NEEDS_REVIEW
????,750,REMA,750,OK,NEEDS_REVIEW
????,?????? ??7225,REMA,Maxis XL7225,80%,OK
????,??????,REMA,Relian,80%,OK
???????,(???????),REMORCA,Trailer,OK,NEEDS_REVIEW
???????,(?????????),REMORCA,Special,OK,NEEDS_REVIEW
???????,???????????,REMORCA,Car Trailer,OK,NEEDS_REVIEW
???????,???????,REMORCA,Luggage Trailer,OK,NEEDS_REVIEW
???????,????????,BÜRSTNER,Caravan,85%,OK
???????,????? ?? 97,WEBER,TP 97,85%,OK
???????,?????????? ???? 1002,GROENEWEGEN,GRVA 1002,90%,OK
???????,????? 615 ?,JOKER,615 A,80%,OK
???????,????? 11 ? 060-15?,ZORZI,11 R 060-15P,90%,OK
???????,????????,KÄSSBOHRER,Trailer,90%,OK
???????,???????,REMORCA,Boat Trailer,OK,NEEDS_REVIEW
???????,????,KROLL,Trailer,80%,OK
???????,???? ?,REMORCA,Lux C,OK,NEEDS_REVIEW
???????,????? ??,MAYER,WM,80%,OK
???????,??? ?????? ??? 218,NOLL KÜNZEL,AVB 218,85%,OK
???????,???,REMORCA,PKW,OK,NEEDS_REVIEW
???????,?????????,REMORCA,Platform,OK,NEEDS_REVIEW
???????,??????,PORZIO,Trailer,80%,OK
???????,??? 500,RKR,500,80%,OK
???????,?????,SOMMER,Trailer,85%,OK
???????,????? ?? 6070,STEMA,HP 6070,95%,OK
???????,??????? ? 243 ????,TRAILOR,R 243 ELIL,90%,OK
???????,????????????,REMORCA,Tourist,OK,NEEDS_REVIEW
???????,???????? ?? 2040-2,HEINEMANN,AT 2040-2,95%,OK
???????,???????? ? 412,HEINEMANN,Z 412,95%,OK
???????,???????,HUMBAUR,Trailer,90%,OK
?????,??? 750,REMEL,ATV 750,80%,OK
?????,??3 5?,REMEL,RB3 5R,80%,OK
???????????,????75??,REMOLCASECA,RMS075LA,80%,OK
???????? ????????,150 110 ??,REMOLQUES BALLESTER,150 110 CC,85%,OK
??????,? 200,REMORQUE,R 200,OK,NEEDS_REVIEW
???????,3?????08,RENDERS,3AFCST08,90%,OK
???????,???? 800,RENDERS,Euro 800,90%,OK
???????,???? 902,RENDERS,Euro 902,90%,OK
???????,???? 903,RENDERS,Euro 903,90%,OK
???????,??? 12 27,RENDERS,ROC 12 27,90%,OK
???????,??? 10,RENDERS,RPS 10,90%,OK
???????,?08??3????,RENDERS,F08FJ3HVSB,85%,OK
???????,? 125,RENEGADE,V 125,90%,OK
????,120.35,RENAULT,120.35,95%,OK
????,150.12 ?,RENAULT,150.12 B,95%,OK
????,16,RENAULT,16,99%,OK
????,33 ????,RENAULT,33 FVCE,85%,OK
????,33???2 420,RENAULT,33FVC2 420,85%,OK
????,4,RENAULT,4,99%,OK
????,5,RENAULT,5,99%,OK
????,5 ? ??? ????????,RENAULT,5 E-Tech Electric,99%,OK
????,52 ???1 125 ?3,RENAULT,52 AFA1 125 E3,80%,OK
????,55??,RENAULT,55SB,80%,OK
????,????????,RENAULT,Avantime,99%,OK
????,???????,RENAULT,Alaskan,99%,OK
????,?????,RENAULT,Alpine,99%,OK
????,??????,RENAULT,Arkana,100%,OK
????,?????? ? ???,RENAULT,Arkana,100%,OK
????,???????,RENAULT,Austral,100%,OK
????,? 120 35,RENAULT,B120,90%,OK
????,? 90,RENAULT,B90,90%,OK
????,?? 03 ? 1,RENAULT,BA03B1,OK,NEEDS_REVIEW
????,? ? 40???5,RENAULT,VI 40ACE5,OK,NEEDS_REVIEW
????,??? ????? 2.2 ?,RENAULT,Vel Satis,100%,OK
????,????????,RENAULT,Vel Satis,100%,OK
????,?230,RENAULT,G230,90%,OK
????,????? ??????,RENAULT,Grand Espace,100%,OK
????,????? ??????,RENAULT,Grand Scenic,100%,OK
????,?,RENAULT,D,90%,OK
????,? ????,RENAULT,D Wide,95%,OK
????,??????,RENAULT,Duster,100%,OK
????,? ??? ??????,RENAULT,Master,100%,OK
????,???????,RENAULT,Express,100%,OK
????,?????,RENAULT,Espace,100%,OK
????,??????,RENAULT,Espace,100%,OK
????,???,RENAULT,Zoe,100%,OK
????,?????????,RENAULT,Interstar,100%,OK
????,?,RENAULT,K,90%,OK
????,??????,RENAULT,Kadjar,100%,OK
????,?????,RENAULT,Kangoo,100%,OK
????,????? 1.1,RENAULT,Kangoo,100%,OK
????,????? 2,RENAULT,Kangoo,100%,OK
????,????? ???,RENAULT,Kangoo Van,100%,OK
????,????? ??? ? ??? ????????,RENAULT,Kangoo Van,100%,OK
????,????? ???????,RENAULT,Kangoo Express,100%,OK
????,????? ??????? ?.?,RENAULT,Kangoo Express,100%,OK
????,????? ??????? ?.?.,RENAULT,Kangoo Express,100%,OK
????,??????,RENAULT,Captur,100%,OK
????,?????? ? ??? ?????? ??????,RENAULT,Captur,100%,OK
????,?????? ? ??? ??????,RENAULT,Captur,100%,OK
????,??????,RENAULT,Kerax,100%,OK
????,?????? 320.18,RENAULT,Kerax,100%,OK
????,?????? 370. 26,RENAULT,Kerax,100%,OK
????,?????? 380.18 ?,RENAULT,Kerax,100%,OK
????,?????? 380.32,RENAULT,Kerax,100%,OK
????,????,RENAULT,Clio,100%,OK
????,???? ? ??? ??????,RENAULT,Clio,100%,OK
????,???? ??????? 1.5 ?,RENAULT,Clio Societe,100%,OK
????,??????,RENAULT,Koleos,100%,OK
????,???6,RENAULT,QM6,95%,OK
????,??????,RENAULT,Laguna,100%,OK
????,?????? 1.6 16 ?,RENAULT,Laguna,100%,OK
????,?????? 1.8,RENAULT,Laguna,100%,OK
????,?????? 1.9 ???,RENAULT,Laguna,100%,OK
????,?????? 2 1.9 ???,RENAULT,Laguna,100%,OK
????,?????? 2.0,RENAULT,Laguna,100%,OK
????,?????? 370 4?2,RENAULT,Lander,100%,OK
????,?????? 410 6?4,RENAULT,Lander,100%,OK
????,???????,RENAULT,Latitude,100%,OK
????,? 180.12,RENAULT,M180,90%,OK
????,? 210 ?????????,RENAULT,Midliner,100%,OK
????,??????,RENAULT,Magnum,100%,OK
????,?????? 440.19,RENAULT,Magnum,100%,OK
????,?????? 460.18,RENAULT,Magnum,100%,OK
????,???????,RENAULT,Maxity,100%,OK
????,???????,RENAULT,Maxter,100%,OK
????,??????,RENAULT,Mascott,100%,OK
????,?????? 110.35,RENAULT,Mascott,100%,OK
????,?????? 120 35,RENAULT,Mascott,100%,OK
????,?????? 130 35,RENAULT,Mascott,100%,OK
????,?????? 160 35,RENAULT,Mascott,100%,OK
????,?????? 160.55,RENAULT,Mascott,100%,OK
????,?????? 160.65,RENAULT,Mascott,100%,OK
????,??????? 150.65,RENAULT,Mascott,100%,OK
????,??????,RENAULT,Master,100%,OK
????,?????? 2.5 ?,RENAULT,Master,100%,OK
????,?????? ? ???,RENAULT,Master,100%,OK
????,?????? ???,RENAULT,Master,95%,OK
????,?????? ?? ??,RENAULT,Master,95%,OK
????,?????? ?????????,RENAULT,Master Propulsion,95%,OK
????,?????? ? 28,RENAULT,Master,100%,OK
????,?????? ? 33,RENAULT,Master,100%,OK
????,?????? ? 35,RENAULT,Master,100%,OK
????,?????? ? 35 ?,RENAULT,Master,100%,OK
????,?????,RENAULT,Megane,100%,OK
????,????? 1.6 ?,RENAULT,Megane,100%,OK
????,????? 2.0 ?????,RENAULT,Megane Sport,100%,OK
????,????? ? ??? ????????,RENAULT,Megane E-Tech,100%,OK
????,????? ????,RENAULT,Megane Coupe,100%,OK
????,????? ?? ?????,RENAULT,Megane RS,100%,OK
????,????? ??????,RENAULT,Megane Scenic,100%,OK
????,???????? ? 110.35,RENAULT,Messenger,100%,OK
????,???????? ? 120,RENAULT,Messenger,100%,OK
????,????????? ? 180.13,RENAULT,Midliner,100%,OK
????,????????? ? 200,RENAULT,Midliner,100%,OK
????,????????? ?210,RENAULT,Midliner,100%,OK
????,????????? ? 120,RENAULT,Midliner,100%,OK
????,????????? ? 160,RENAULT,Midliner,100%,OK
????,??????,RENAULT,Midlum,100%,OK
????,?????? 180,RENAULT,Midlum,100%,OK
????,?????? 220.12,RENAULT,Midlum,100%,OK
????,?????? 220.14,RENAULT,Midlum,100%,OK
????,?????? 220.18,RENAULT,Midlum,100%,OK
????,?????,RENAULT,Modus,100%,OK
????,????? 1.2,RENAULT,Modus,100%,OK
????,????? 1.4,RENAULT,Modus,100%,OK
????,?? ??????,RENAULT,Twingo,100%,OK
????,???3,RENAULT,PRD3,OK,NEEDS_REVIEW
????,???????,RENAULT,Premium,100%,OK
????,??????? 300,RENAULT,Premium,100%,OK
????,??????? 320.19 ??,RENAULT,Premium,100%,OK
????,??????? 340,RENAULT,Premium,100%,OK
????,??????? 410.19,RENAULT,Premium,100%,OK
????,??????? 430 ???,RENAULT,Premium,100%,OK
????,??????? 450 6?2,RENAULT,Premium,100%,OK
????,??????? 450.18 ???,RENAULT,Premium,100%,OK
????,??????? 460 ???,RENAULT,Premium,100%,OK
????,??????? 460.18,RENAULT,Premium,100%,OK
????,??????? ??????,RENAULT,Premium Lander,100%,OK
????,??????? ?270,RENAULT,Premium,100%,OK
????,?????,RENAULT,Rapid,100%,OK
????,??????,RENAULT,Rafale,100%,OK
????,???,RENAULT,RVI,OK,NEEDS_REVIEW
????,???? 4 ? ??? ????????,RENAULT,4 E-Tech,100%,OK
????,? 135 ?????????,RENAULT,Midliner,100%,OK
????,? 150,RENAULT,S150,90%,OK
????,? 150.08 ? 4,RENAULT,S150,90%,OK
????,? 180 ?????????,RENAULT,Midliner,100%,OK
????,???????,RENAULT,Symbioz,100%,OK
????,??????,RENAULT,Symbol,100%,OK
????,?? 5,RENAULT SAMSUNG,SM5,95%,OK
????,??6,RENAULT SAMSUNG,SM6,95%,OK
????,??????,RENAULT,Scenic,100%,OK
????,?????? ? ??? ????????,RENAULT,Scenic E-Tech,100%,OK
????,?????? ??,RENAULT,Scenic,95%,OK
????,?,RENAULT,T,90%,OK
????,? 460,RENAULT,T460,95%,OK
????,? 480,RENAULT,T480,95%,OK
????,? 520 ??????? ?4?2 ?6,RENAULT,T520,95%,OK
????,?480 ???????,RENAULT,T480,95%,OK
????,?480 ?4?2 ?6,RENAULT,T480,95%,OK
????,?520 4?2,RENAULT,T520,95%,OK
????,????????,RENAULT,Talisman,100%,OK
????,?????,RENAULT,Thalia,100%,OK
????,?????,RENAULT,Tipper,OK,NEEDS_REVIEW
????,??????,RENAULT,Trafic,100%,OK
????,?????? ?,RENAULT,Trafic,100%,OK
????,?????? ??27 ???100 ???,RENAULT,Trafic,100%,OK
????,?????? ??29 ??? 115,RENAULT,Trafic,100%,OK
????,?????? ????,RENAULT,Trafic,100%,OK
????,?????,RENAULT,Twizy,100%,OK
????,??????,RENAULT,Twingo,100%,OK
????,????,RENAULT,Wind,100%,OK
????,??????,RENAULT,Fluence,100%,OK
????,?? 40 ?5,RENAULT,FN40B5,OK,NEEDS_REVIEW
????,? ???,RENAULT,Scenic XMOD,90%,OK
????,?,RENAULT,C,90%,OK
????,?520,RENAULT,C520,95%,OK
???? ?? ?? ?? ??????,??????,RENAULT,Master,95%,OK
???? ??????,??????,RENAULT,Master,95%,OK
???? ???????,???3,RENAULT SAMSUNG,QM3,95%,OK
???? ???????,???6,RENAULT SAMSUNG,QM6,95%,OK
????,???,REPO,RPP,OK,NEEDS_REVIEW
???,?????? 2,RER,Animal 2,OK,NEEDS_REVIEW
???????,????2,REISENIG,AHRH2,80%,OK
???????,????3 400.1,REISENIG,AHRH3,80%,OK
???????,???? 140-1,REISENIG,TDKO 140-1,80%,OK
?????,1200?000?000,RESPO,1200V000L000,90%,OK
?????,1350?651?209,RESPO,1350V651L209,90%,OK
?????,1500?301?207,RESPO,1500P301L207,90%,OK
?????,1800?661?209,RESPO,1800V661L209,90%,OK
?????,2000?332?150,RESPO,2000M332L150,90%,OK
?????,2400?000?000,RESPO,2400V000T000,90%,OK
?????,3500?822?252,RESPO,3500V822T252,90%,OK
?????,750 ? 411 ? 160,RESPO,750V411T160,90%,OK
?????,750 ? 431 ? 160,RESPO,750V431T160,90%,OK
?????,750 ? 441?199,RESPO,750V441L199,90%,OK
?????,750 ? 501 ? 199,RESPO,750V501L199,90%,OK
?????,750 ? 511 ? 191,RESPO,750V511L191,90%,OK
?????,750 ? 521 ? 209,RESPO,750V521L209,90%,OK
?????,750 ? 201 ? 125 ???,RESPO,750M201L125 PLH,90%,OK
?????,750 ? 301? 150???,RESPO,750M301L150 PLH,90%,OK
?????,750?000?000,RESPO,750V000L000,90%,OK
?????,750?000?000,RESPO,750V000T000,90%,OK
?????,750?391?160,RESPO,750V391T160,90%,OK
?????,750?451?179,RESPO,750V451T179,90%,OK
?????,750?571?209,RESPO,750V571L209,90%,OK
?????,750?000?000,RESPO,750M000L000,90%,OK
?????,750?251?150???,RESPO,750M251L150 PLH,90%,OK
?????,750?302?150,RESPO,750M302B150,90%,OK
?????,750?351?186,RESPO,750M351L186,90%,OK
?????,750?000?000,RESPO,750P000L000,90%,OK
?????,750?332?150,RESPO,750P332T150,90%,OK
?????,750?352?207,RESPO,750P352L207,90%,OK
?????,750?000?000,RESPO,750S000T000,90%,OK
?????,750?301?147,RESPO,750F301L147,90%,OK
?????????,20,RETTENMAIER,20,80%,OK
?????????,?? 16,RETTENMAIER,VA 16,80%,OK
??????,??? ????,REUTER,Big Star,80%,OK
?????,120?,RESCHKE,120A,80%,OK
????,?? 350 ???????,RIBA,BV 350 Special,80%,OK
????,?? 650 ??,RIBA,BV 650 ST,80%,OK
????,??? 2600,RIBA,BVT 2600,80%,OK
???????? ???????,?3,RYBINSK TRAILER,R3,80%,OK
??????,?? 50 ??,RIVERO,VR 50 QT,80%,OK
??????,?2700,RYDWAN,A2700,90%,OK
??????,? 2600,RIDVAN,B 2600,85%,OK
??????,???? ?1300,RIDVAN,Euro A1300,85%,OK
??????,???? ?750,RIDVAN,Euro A750,85%,OK
??????,???? ? 750,RIDVAN,Euro C 750,85%,OK
??????,??? 218,RIEDLER,PKX 218,90%,OK
??????,??????,RIEDLER,Riedler,80%,OK
?????,???????? 125,RIEJU,Aventura 125,98%,OK
?????,???????? 500,RIEJU,Aventura 500,98%,OK
?????,??4,RIEJU,BB4,90%,OK
?????,?????,RIEJU,Windy,95%,OK
?????,? ?????,RIEJU,E-Tango,98%,OK
?????,??????? 125,RIEJU,Marathon 125,98%,OK
?????,??,RIEJU,MR,98%,OK
?????,??6?,RIEJU,MR6E,95%,OK
?????,???,RIEJU,MRH,90%,OK
?????,??? 5,RIEJU,MRT 5,98%,OK
?????,??? 50,RIEJU,MRT 50,98%,OK
?????,???6,RIEJU,MRT 6,98%,OK
?????,???? 307,RIEJU,Rally 307,95%,OK
?????,?? 50,RIEJU,RR 50,98%,OK
?????,?? 1,RIEJU,RS1,98%,OK
?????,?? 2,RIEJU,RS2,98%,OK
?????,??3,RIEJU,RS3,98%,OK
?????,??3 125,RIEJU,RS3 125,98%,OK
?????,??? 50 ???? ????? ?,RIEJU,SMX 50 Spike X,95%,OK
?????,??12 1 ?,RIEJU,SC12 1 E,90%,OK
?????,??4?,RIEJU,TG4T,90%,OK
?????,????? 50,RIEJU,Toreo 50,98%,OK
?????,? ???? 357,RIEJU,X-Over 357,95%,OK
?????,????,RIEJU,Hplo,80%,OK
????,????,RIES,Kurt,80%,OK
??????,???????? ???,RIZZATO,Califfo Piu,90%,OK
?????,746,RICOE,746,80%,OK
??????,?1,RELIVE,N1,85%,OK
?????,??????,RIMAC,Nevera,99%,OK
????,????? 2,RYMO,Adero 2,80%,OK
????,?? 1,RYMO,PL 1,80%,OK
????,??4,RYMO,PL 4,80%,OK
?????,???,RIMOR,AAF,95%,OK
?????,??? 63 ? 3,RIMOR,Ava 63 A 3,95%,OK
?????,???,RIMOR,AGR,95%,OK
?????,??? 97 ? 3,RIMOR,ADR 97 F 3,95%,OK
?????,??? 59 ? 3,RIMOR,ANF 59 R 3,95%,OK
?????,??? 34,RIMOR,ARM 34,95%,OK
?????,??? 39 ?3??,RIMOR,ARF 39 P3AX,95%,OK
?????,??? 50?3,RIMOR,ARF 50P3,95%,OK
?????,????? ???? ? ? ?,RIMOR,Luano Camp,90%,OK
?????,??1,RIMOR,RA1,95%,OK
?????,????? 560 1,RIMOR,Squash 560 1,95%,OK
????????,??? 650 ?,RIMORCAR,ITS 650 B,85%,OK
????????,??????? ?? 4,PEDRETTI,EL 4,90%,OK
???,?? 2025 ?,RICH,BJ 2025 F,OK,NEEDS_REVIEW
???,?? 50 ?? - 21,RIYA,RY50QT-21,90%,OK
???,?? 50 ?? 16,RIYA,RY50QT-16,90%,OK
???,??50?? 8,RIYA,RY50QT-8,90%,OK
???,??50?? ?,RIYA,TY50QT-K,90%,OK
???,???1500,RKS,REE1500,90%,OK
??,?? 113 ?,RM,RM 113 A,80%,OK
??,??750??,RM,750 CA,85%,OK
??????,?7204?,ROBUST,S7204F,85%,OK
?????? ??????,????????,ROBUST KAISER,Original,85%,OK
?????? ??????,? 3803,ROBUST KAISER,S 3803,85%,OK
?????? ??????,? 4203 ???,ROBUST KAISER,S 4203 EIC,85%,OK
????,??,ROWA,DA,80%,OK
????,??1,ROWE,DA1,80%,OK
????,??1,ROWE,EA1,80%,OK
?????,/ ?????? ?????,LAND ROVER,Range Rover,95%,OK
?????,216 ????,ROVER,216 Coupe,98%,OK
?????,25,ROVER,25,98%,OK
?????,45,ROVER,45,98%,OK
?????,75,ROVER,75,98%,OK
?????,???? ?????,LAND ROVER,Land Rover,95%,OK
?????,????,ROVER,Mini,95%,OK
?????,?????,ROVER,Rover,90%,OK
??????,?? 2500,ROYBET,RC 2500,85%,OK
?????,?? 2 ??,ROYEN,ET 2 PG,90%,OK
?????,? 18 ? 2 ?,ROYEN,R 18 T 2 P,90%,OK
????? ????????,?2670,ROCKET TRAILERS,C2670,90%,OK
?????,??,ROCCA,MM,90%,OK
??????,?????? ????,ASIA,Rocsta,95%,OK
??? ??,???? ?,ROLL ON,AAVV A,80%,OK
????????,? ????? 25 ? 2,ROLECTRO,E-Trike 25 V.2,90%,OK
?????,??????? 470 ?,SUN ROLLER,Princess 470 F,90%,OK
?????,? 63 ?? 38,SUN ROLLER,R 63 BL 38,85%,OK
?????,? 94 ? 36,SUN ROLLER,R 94 L 36,85%,OK
?????,? 95 ? 40,SUN ROLLER,R 95 L 40,85%,OK
????? ???,???? ????? 27,ROLLER TEAM,Auto-Roller 27,98%,OK
????? ???,?????? 267 ????????,ROLLER TEAM,Zefiro 267 Integral,98%,OK
????? ???,?????? 287 ????????,ROLLER TEAM,Zefiro 287 Integral,98%,OK
????? ???,?????? 287 ??,ROLLER TEAM,Zefiro 287 TL,98%,OK
????? ???,?????? 265 ??,ROLLER TEAM,Kronos 265 TL,98%,OK
????? ???,?????? 267 ??,ROLLER TEAM,Kronos 267 TL,98%,OK
????? ???,?????? 284 ??,ROLLER TEAM,Kronos 284 TL,98%,OK
????? ???,?????? 285 ??,ROLLER TEAM,Kronos 285 TL,98%,OK
????? ???,?????? 287 ??,ROLLER TEAM,Kronos 287 TL,98%,OK
????? ???,?????? 290,ROLLER TEAM,Kronos 290,98%,OK
????? ???,?????? 290 ?,ROLLER TEAM,Kronos 290 M,98%,OK
????? ???,?????? 295 ??,ROLLER TEAM,Kronos 295 TL,98%,OK
????? ???,?????? ??? 230 ??,ROLLER TEAM,Kronos Fit 230 TL,98%,OK
????? ???,?????????? 5,ROLLER TEAM,Livingstone 5,98%,OK
????? ???,?????? 285,ROLLER TEAM,Pegaso 285,98%,OK
????? ???,? ???? ????? ?,ROLLER TEAM,T-Line Garage M,98%,OK
????? ???,?-???? ?? ?,ROLLER TEAM,T-Line XL S,98%,OK
???? ????,???? ???? ???????,ROLLS-ROYCE,Cullinan Black Badge,99%,OK
???? ????,???? ???? ???????,ROLLS-ROYCE,Spectre Black Badge,99%,OK
???? ????,????,ROLLS-ROYCE,Ghost,99%,OK
???? ????,???? ???? ????,ROLLS-ROYCE,Ghost Black Badge,99%,OK
???? ????,????,ROLLS-ROYCE,Dawn,99%,OK
???? ????,???????,ROLLS-ROYCE,Cullinan,99%,OK
???? ????,??????? ???? ?????,ROLLS-ROYCE,Cullinan Black Badge,99%,OK
???? ????,????,ROLLS-ROYCE,Wraith,99%,OK
???? ????,?????? ????,ROLLS-ROYCE,Silver Spur,99%,OK
???? ????,?????? ????? ??,ROLLS-ROYCE,Silver Shadow II,99%,OK
???? ????,?????? ????? 1,ROLLS-ROYCE,Silver Shadow I,99%,OK
???? ????,???????,ROLLS-ROYCE,Spectre,99%,OK
???? ????,??????,ROLLS-ROYCE,Phantom,99%,OK
???? ????,?????? ???,ROLLS-ROYCE,Phantom EWB,99%,OK
???? ????,?????? ?????????,ROLLS-ROYCE,Phantom Extended,99%,OK
?????,2?,ROLFO,2C,95%,OK
?????,??????,ROLFO,Arctic,95%,OK
?????,? 1 ???? 1 ?,ROLFO,B1 EAAJ 1 B,95%,OK
?????,? 1 ????,ROLFO,B1 SAAS,95%,OK
?????,?2,ROLFO,C2,95%,OK
?????,?? 2210 ??,ROLFO,SA 2210 TV,95%,OK
?????,? 171,ROLFO,C171,95%,OK
?????,? 218 ?,ROLFO,C218D,95%,OK
?????,?2,ROLFO,C2,95%,OK
?????,?2?1,ROLFO,C2S1,95%,OK
???,400,ROM,400,80%,OK
?????,??,ROMET,GI,90%,OK
?????,460?,RONDO,460T,80%,OK
???,??18?,ROR,RA18L,90%,OK
???,??? 18,ROR,RAK 18,90%,OK
???,??? 18??,ROR,RZK 18IV,90%,OK
???,???,ROR,ROR,85%,OK
???,??? 21??,ROR,RSK 21TK,90%,OK
???,???? ? ? ?18,ROR,RSCB FF R18,90%,OK
???,??? ? ? 37.5,ROR,TAL A Z 37.5,90%,OK
???,?? 430,ROS,LN 430,80%,OK
??????????,?????? 6?6,ROSENBAUER,Panther 6x6,98%,OK
??????????,?????? 6?6 ??5,ROSENBAUER,Panther 6x6 CA5,98%,OK
?????? ?,?????,ROSERO-P,First,95%,OK
??????,???? 26 ?,ROTAIR,MDVN 26 K,90%,OK
??????,???? 125 ???5,ROTAIR,MDVS 125 Eco 5,90%,OK
??????????,???? ?,ROADMASTER,Midi S,90%,OK
??????????,?????? ?,ROADMASTER,Family S,90%,OK
???? ????,??125?,ROYAL ALLOY,GP125S,95%,OK
???? ??????,????? 350,ROYAL ENFIELD,Bullet 350,99%,OK
???? ??????,????? 500,ROYAL ENFIELD,Bullet 500,99%,OK
???? ??????,?????? ?????? ???,ROYAL ENFIELD,Bullet Classic EFI,99%,OK
???? ??????,???? ?????? 350,ROYAL ENFIELD,Goan Classic 350,99%,OK
???? ??????,??????? 450,ROYAL ENFIELD,Guerrilla 450,99%,OK
???? ??????,??????????? ???? 650,ROYAL ENFIELD,Interceptor Bear 650,99%,OK
???? ??????,??????????? ??? 650,ROYAL ENFIELD,Interceptor INT 650,99%,OK
???? ??????,?????? 350,ROYAL ENFIELD,Classic 350,99%,OK
???? ??????,?????? 650 ????,ROYAL ENFIELD,Classic 650 Twin,99%,OK
???? ??????,??????????? ?? 650,ROYAL ENFIELD,Continental GT 650,99%,OK
???? ??????,?????? 350,ROYAL ENFIELD,Meteor 350,99%,OK
???? ??????,??????? 350,ROYAL ENFIELD,Signals 350,99%,OK
???? ??????,????? 411,ROYAL ENFIELD,Scram 411,99%,OK
???? ??????,????? ?????? 650,ROYAL ENFIELD,Super Meteor 650,99%,OK
???? ??????,?????????,ROYAL ENFIELD,Himalayan,99%,OK
???? ??????,???? 350,ROYAL ENFIELD,Hunter 350,99%,OK
???? ??????,?????? 650,ROYAL ENFIELD,Shotgun 650,99%,OK
???,?061??,RSA,B061RB,90%,OK
???,?????? ??1110,RSA,Italia MX1110,90%,OK
???,??1500,RSA,MX1500,90%,OK
?????,?21??81310001000,RUBIS,T21AB81310001000,80%,OK
?????,????? ?????3120?,RURIS,Pilot 3120A,90%,OK
?????,????? ?????3130?,RURIS,Pilot 3130A,90%,OK
??????,??????? ??? 260,RUTHMANN,Steiger TBR 260,95%,OK
??????,??210?,RUTHMANN,TA210E,95%,OK
????,??? 19 21,RUFA,ZTC 19 21,85%,OK
????,??? 4 12,RUFA,ZTC 4 12,85%,OK
????,??? 38 31,RUFA,SGF 38 31,85%,OK
???,?8?,RFW,R8X,80%,OK
???,???,RCH,NNK,80%,OK
? ? ? ? ?,? 480,SCANIA,R 480,90%,OK
????,9 3,SAAB,3-Sep,99%,OK
????,9 3 ????,SAAB,9-3 Aero,99%,OK
????,9 3 ?????? 150 ???,SAAB,9-3 Vector,95%,OK
????,9 5,SAAB,5-Sep,99%,OK
????,9 5 ????,SAAB,9-5 Aero,99%,OK
????,9 5 ?????? 2.0 ?,SAAB,9-5 Linear,95%,OK
????,9 7?,SAAB,9-7X,99%,OK
????,900,SAAB,900,99%,OK
????,9000,SAAB,9000,99%,OK
?????,? 155 03 98,SABAT,K 155 03 98,80%,OK
?????,?2,SAIGE,A2,95%,OK
?????,??,SAIGE,BP,95%,OK
?????,???????,SAIGE,Zhanlong,95%,OK
?????,?? ?,SAIGE,ZG S,95%,OK
?????,????,SAIGE,Keith,95%,OK
?????,?????,SAIGE,Rabbit,95%,OK
?????,?????,SAIGE,Rapid,95%,OK
?????,?? ??,SAIGE,SG HC,95%,OK
?????,??,SAIGE,HG,95%,OK
?????,???,SAIGE,HPB,95%,OK
?????,?????? ????,SAIGE,Chuangyi Plus,95%,OK
???????,? 01,SILENCE,S01,98%,OK
???????,? 02,SILENCE,S02,95%,OK
???????,? 02 ??,SILENCE,S02 LS,95%,OK
???????,?01 ????,SILENCE,S01 Plus,95%,OK
???????,?04,SILENCE,S04,95%,OK
?????,?? 450,SAKAR,SR 450,80%,OK
????,?? 125,SACHS,ZZ 125,95%,OK
????,?? 1,SACHS,SX1,90%,OK
????,? ????,SACHS,X-Road,95%,OK
??????,??? 43 ? ?,SAXAS,MKD 43 L U,90%,OK
??????,??? 61 ?,SAXAS,MKD 61 M,90%,OK
??????,??? 73 ? ?,SAXAS,MKD 73 M E,90%,OK
??????,??2000,SAKURA,EV2000,90%,OK
?????,??,SALAS,SB,OK,NEEDS_REVIEW
???,?? ????,SAM,La Veta,OK,NEEDS_REVIEW
???,?-??,SAM,Trailer,OK,NEEDS_REVIEW
???,???,SAM,Sam,OK,NEEDS_REVIEW
???,???????????,SAM,Universal,OK,NEEDS_REVIEW
??????????,400,SAMOVYROBA,400,OK,NEEDS_REVIEW
??????????,??????????,SAMOGRADNJA,Samogradnja,OK,NEEDS_REVIEW
?????,?338 ??,SAMRO,S338 VB,95%,OK
?????,?? 2 8????,SAMRO,SD 2 8MHPA,90%,OK
?????,??334 ?-13.62,SAMRO,SR334,90%,OK
?????,??338,SAMRO,SR338,95%,OK
?????,?? 39,SAMRO,ST 39,95%,OK
?????,??19??,SAMRO,CD19PJ,90%,OK
???????,??6,SAMSUNG,QM6,95%,OK
???????,??6,SAMSUNG,SM6,95%,OK
???????,??3,SAMSUNG,XM3,95%,OK
???,??200,SAN,KA200,OK,NEEDS_REVIEW
??? ???,?5? 6,SYM,G5X 6,90%,OK
??? ???,???? ? 50,SYM,Jet 50,95%,OK
??? ???,?125? 6,SYM,N125A 6,90%,OK
??? ???,?? 15?,SYM,XA 15A,90%,OK
???????,????,SANWALD,SAHB,85%,OK
???? ????,/// ???????,SSANGYONG,Rexton,98%,OK
???? ????,??????,SSANGYONG,Actyon,98%,OK
???? ????,?????? ??????,SSANGYONG,Actyon Sports,98%,OK
???? ????,??????,SSANGYONG,Kyron,98%,OK
???? ????,???????,SSANGYONG,Korando,98%,OK
???? ????,??????? 661 ??,SSANGYONG,Korando,95%,OK
???? ????,??????? ??????,SSANGYONG,Korando Sports,98%,OK
???? ????,???? 2.9 ?,SSANGYONG,Musso,98%,OK
???? ????,???? ?????,SSANGYONG,Musso Grand,98%,OK
???? ????,?????,SSANGYONG,Musso,98%,OK
???? ????,???????,SSANGYONG,Rexton,98%,OK
???? ????,??????? 2.7 ?,SSANGYONG,Rexton,98%,OK
???? ????,??????? ??,SSANGYONG,Rexton,95%,OK
???? ????,??????,SSANGYONG,Rodius,98%,OK
???? ????,??????,SSANGYONG,Tivoli,98%,OK
???? ????,?????,SSANGYONG,Torres,98%,OK
???? ????,????? ???,SSANGYONG,Torres EVX,98%,OK
???? ????,???,SSANGYONG,XLV,98%,OK
?????? ????????,? 1 ?,SANDRA TRAILERS,A 1 B,90%,OK
?????? ????????,? 1 ?,SANDRA TRAILERS,A 1 M,90%,OK
?????? ????????,? 1 ?,SANDRA TRAILERS,B 1 B,90%,OK
?????? ????????,? 2 ?,SANDRA TRAILERS,D 2 A,90%,OK
???????,?? 10,SANTANA,PS-10,98%,OK
?????,??105,SANTI,SA105,90%,OK
?????,??105,SANTI,SL105,90%,OK
?????,??,SANTI,CS,85%,OK
???????,??? ????,SANTINI,San Remo,95%,OK
???????,???????,SANTINI,Firenze,95%,OK
??????,?? 12,SYM,AV 12,90%,OK
??????,?? 50,SYM,DD 50,95%,OK
??????,?? 15 ?,SYM,LA 15 V,90%,OK
??????,?? 25 ?,SYM,LM 25 V,90%,OK
??????,?? 18 ?,SYM,LH 18 V,90%,OK
??????,?? 30 ?,SYM,LH 30 V,90%,OK
??????,?? 18 ?,SYM,UA 18 A,90%,OK
??????,? 5 ?,SYM,F 5 A,90%,OK
?????,27?,SARIS,27C,95%,OK
?????,35 ?,SARIS,35 C,95%,OK
?????,500 ?,SARIS,500 C,95%,OK
?????,9702,SARIS,9702,90%,OK
?????,? 750,SARIS,A 750,95%,OK
?????,?1?,SARIS,A1C,95%,OK
?????,????,SARIS,Arba,95%,OK
?????,???? 600,SARIS,Arba 600,95%,OK
?????,? 1300,SARIS,B 1300,95%,OK
?????,?1350,SARIS,B1350,95%,OK
?????,? 40,SARIS,G 40,95%,OK
?????,? 400,SARIS,G 400,95%,OK
?????,?? 2027,SARIS,GP 2027,95%,OK
?????,?? 3500,SARIS,ZV 3500,95%,OK
?????,??,SARIS,KL,95%,OK
?????,?? 60,SARIS,KL 60,95%,OK
?????,?,SARIS,P,90%,OK
?????,? 20,SARIS,P 20,95%,OK
?????,? 30,SARIS,P 30,95%,OK
?????,? 40,SARIS,P 40,95%,OK
?????,?30?,SARIS,P30B,95%,OK
?????,??20,SARIS,PA20,95%,OK
?????,???,SARIS,Pak,90%,OK
?????,?? 300,SARIS,PM 300,95%,OK
?????,???,SARIS,PTS,90%,OK
?????,?? 60,SARIS,RT 60,95%,OK
?????,?4,SARIS,S4,95%,OK
?????,?????,SARIS,Speedy,95%,OK
?????,?,SARIS,F,90%,OK
?????,? 30,SARIS,F 30,95%,OK
?????,? 3015,SARIS,F 3015,95%,OK
?????,? 3020,SARIS,F 3020,95%,OK
?????,?2513,SARIS,F2513,95%,OK
?????,?,SARIS,H,90%,OK
?????,? 100 ?,SARIS,H 100 N,95%,OK
?????,? 200,SARIS,H 200,95%,OK
?????,? 200 ?,SARIS,H 200 N,95%,OK
?????,??,SARIS,HN,95%,OK
?????,? 2700,SARIS,C 2700,95%,OK
?????,? 3500,SARIS,C 3500,95%,OK
?????,?1?,SARIS,C1C,95%,OK
?????,?2000,SARIS,C2000,95%,OK
?????,?2?,SARIS,C2C,95%,OK
????????,2??? 1,SATELLITE,2LDC 1,95%,OK
????????,?? 13,SATELLITE,VS 13,95%,OK
????????,? 181 142?75,SATELLITE,M 181,90%,OK
????????,? 252 204?75,SATELLITE,M 252,90%,OK
????????,?? 061,SATELLITE,MX 061,95%,OK
??????,??,SATURN,Vue,98%,OK
?????,???????,SAURER,Wilhelm,85%,OK
???????,?????,SAURIUM,Swing,90%,OK
??????,?????,SAFARI,Scout,80%,OK
?????? ???? 531 ? ??,? 531,SAFARI LUX,E 531,85%,OK
?????,????? ?,SAXXX,Speed E,95%,OK
???,???? ??? ???????,SBS,Jet Ski Trailer,95%,OK
???,??750,SBS,JS750,95%,OK
???,??? ???,SBS,Easy Load,95%,OK
????,??? 303,SVAN,NCH 303,90%,OK
????,??? 39,SVAN,NCH 39,90%,OK
????,???33,SVAN,NCH33,90%,OK
????,? ???,SVAN,S Van,85%,OK
????,???18,SVAN,TCH18,90%,OK
????,???303,SVAN,TCH303,90%,OK
????,???202,SVAN,CHT202,90%,OK
????,???? 10,SVAN,CHTP 10,90%,OK
?????,?1,SVELA,C1,90%,OK
???,?????? ???,SWM,Binsen Pro,95%,OK
???,?????125,SWM,Varez 125,98%,OK
???,?01 ???,SWM,G01 Pro,98%,OK
???,?01?,SWM,G01F,98%,OK
???,?03?,SWM,G03F,98%,OK
???,?03? ???,SWM,G03F Edi,95%,OK
???,???? ??????,SWM,Gran Milano,98%,OK
???,???? ???????,SWM,Gran Turismo,98%,OK
???,?? 125 ??,SWM,RS 125 GS,98%,OK
???,??300?,SWM,RS 300 R,98%,OK
???,??500?,SWM,RS 500 R,98%,OK
???,???? ????,SWM,Six Days,98%,OK
???,?????? ????,SWM,Silver Vase,98%,OK
???,?? 125 ?,SWM,SM 125 R,98%,OK
???,?? 500?,SWM,SM 500 R,98%,OK
???,??? 24 3 ?,SVF,SVP 24 3 L,85%,OK
????,250 ?,SDAH,250 V,80%,OK
????,??????????,SDAH,Verkaufsfahrzeug,80%,OK
????,???????,SDAH,Martens,80%,OK
????,????????,SDAH,Platform,80%,OK
???,? 700,SEA,M700,90%,OK
???,?150,SEA,M150,90%,OK
???,?200,SEA,M200,90%,OK
???,? 700,SEA,P700,90%,OK
????,124,SEAT,124,99%,OK
????,?????,SEAT,Altea,99%,OK
????,????? 1.6,SEAT,Altea,99%,OK
????,????? 1.9 ???,SEAT,Altea,99%,OK
????,????? 2.0 ???,SEAT,Altea,99%,OK
????,????? 4 ????????,SEAT,Altea Freetrack,99%,OK
????,????? ??,SEAT,Altea XL,99%,OK
????,????????,SEAT,Alhambra,99%,OK
????,???????? ???,SEAT,Alhambra,99%,OK
????,?????,SEAT,Arona,99%,OK
????,?????,SEAT,Arosa,99%,OK
????,????? 1.0,SEAT,Arosa,99%,OK
????,?????,SEAT,Ateca,99%,OK
????,?????,SEAT,Exeo,99%,OK
????,????? ??,SEAT,Exeo ST,99%,OK
????,?????,SEAT,Ibiza,99%,OK
????,????? 1.9 ?,SEAT,Ibiza,99%,OK
????,????? 1.9 ???,SEAT,Ibiza,99%,OK
????,????? ?????,SEAT,Ibiza Cupra,99%,OK
????,????? ??,SEAT,Ibiza ST,99%,OK
????,????,SEAT,Inca,99%,OK
????,???? 1.9 ???,SEAT,Inca,99%,OK
????,???????,SEAT,Cordoba,99%,OK
????,????? ?????,CUPRA,Ateca,95%,OK
????,????,SEAT,Leon,99%,OK
????,???? 1.4,SEAT,Leon,99%,OK
????,???? 1.6,SEAT,Leon,99%,OK
????,???? 1.6 ?,SEAT,Leon,99%,OK
????,???? 1.9 ???,SEAT,Leon,99%,OK
????,???? 2.0,SEAT,Leon,99%,OK
????,???? 2.0 ???,SEAT,Leon,99%,OK
????,???? ??????????,SEAT,Leon X-Perience,98%,OK
????,???? ??????????,SEAT,Leon X-Perience,98%,OK
????,???? ??,SEAT,Leon Sportstourer,95%,OK
????,???? ???????????,SEAT,Leon Sportstourer,99%,OK
????,???? ????????? ??,SEAT,Leon Sportstourer ST,99%,OK
????,???? ??,SEAT,Leon ST,99%,OK
????,???? ??,SEAT,Leon SC,99%,OK
????,???? ? ???????,SEAT,Leon X-Perience,98%,OK
????,???,SEAT,Mii,99%,OK
????,????,SEAT,Seat,99%,OK
????,??????,SEAT,Tarraco,99%,OK
????,??????,SEAT,Toledo,99%,OK
????,?????? 1.6 ?,SEAT,Toledo,99%,OK
????,?????? 1.9 ???,SEAT,Toledo,99%,OK
?????,?500?,SEVIC,V500e,95%,OK
??????,??5 ?,SEGWAY,AT5 L,99%,OK
??????,??6 ?,SEGWAY,AT6 L,99%,OK
??????,?110?,SEGWAY,E110S,99%,OK
??????,?125?,SEGWAY,E125S,99%,OK
??????,??????? 600??,SEGWAY,Snarler 600GL,95%,OK
??????,??????? ??6 ?,SEGWAY,Snarler AT6 L,99%,OK
??????,1700,SEGERS,1700,OK,NEEDS_REVIEW
?????????,732000,SEDLMAIER,732000,OK,NEEDS_REVIEW
???????,3000,SEIDLER,3000,OK,NEEDS_REVIEW
?????,?750,SEYER,A750,OK,NEEDS_REVIEW
?????,?? 42 15 ?,SEIKO,AE 42 15 V,OK,NEEDS_REVIEW
?????,?? 42 25 ?,SEIKO,AE 42 25 V,OK,NEEDS_REVIEW
????,105,SEKA,105,OK,NEEDS_REVIEW
????,11,SEKA,11,OK,NEEDS_REVIEW
????,????,SEKA,Seka,OK,NEEDS_REVIEW
????,?????,SEKA,Spstt,OK,NEEDS_REVIEW
????,????? 105,SEKA,Stela 105,OK,NEEDS_REVIEW
???????,??????,SENATOR,Uplist,OK,NEEDS_REVIEW
?????,??2,SENZO,GT2,95%,OK
?????,???? ????,SENZO,Riva Lux,95%,OK
?????,?????,SENZO,Urban,95%,OK
?????,??125 22 125,SENKE,SK125,90%,OK
?????,8 ???,SERES,8 NFN,OK,NEEDS_REVIEW
?????,?7,SERES,M7,95%,OK
?????,????? 3,SERES,3,99%,OK
?????,(???????),SETRA,Bus,OK,NEEDS_REVIEW
?????,319 ?? ??,SETRA,S 319 GT-HD,95%,OK
?????,? 313 ??,SETRA,S 313 UL,95%,OK
?????,? 315 ??,SETRA,S 315 GT,95%,OK
?????,? 315 ?? ??,SETRA,S 315 GT-HD,95%,OK
?????,? 315 ??,SETRA,S 315 NF,95%,OK
?????,? 315 ??,SETRA,S 315 UL,95%,OK
?????,? 315 ?,SETRA,S 315 H,95%,OK
?????,? 315 ??,SETRA,S 315 HD,95%,OK
?????,? 315 ???,SETRA,S 315 HDH,95%,OK
?????,? 316 ??,SETRA,S 316 UL,95%,OK
?????,? 316 ???,SETRA,S 316 HDS,95%,OK
?????,? 317 ?? ??,SETRA,S 317 GT-HD,95%,OK
?????,? 317 ??? 3,SETRA,S 317 HDH/3,95%,OK
?????,? 319 ??,SETRA,S 319 UL,95%,OK
?????,? 328 ??,SETRA,S 328 DT,95%,OK
?????,? 411 ??,SETRA,S 411 HD,95%,OK
?????,? 412??,SETRA,S 412 MH,90%,OK
?????,? 415 ??,SETRA,S 415 GT,95%,OK
?????,? 415 ?? ??,SETRA,S 415 GT-HD,95%,OK
?????,? 415 ??,SETRA,S 415 NF,95%,OK
?????,? 415 ??,SETRA,S 415 UL,95%,OK
?????,? 415 ??,SETRA,S 415 HD,95%,OK
?????,? 416 ?? ??,SETRA,S 416 GT-HD,95%,OK
?????,? 416 ?? ?? 2,SETRA,S 416 GT-HD/2,95%,OK
?????,? 416 ??,SETRA,S 416 NF,95%,OK
?????,? 416 ??,SETRA,S 416 UL,95%,OK
?????,? 417 ?? ??,SETRA,S 417 GT-HD,95%,OK
?????,? 417 ??,SETRA,S 417 UL,95%,OK
?????,? 417 ???,SETRA,S 417 HDH,95%,OK
?????,? 417 ??? ??? ????,SETRA,S 417 HDH TopClass,95%,OK
?????,? 419 ??,SETRA,S 419 UL,95%,OK
?????,? 431 ??,SETRA,S 431 DT,95%,OK
?????,? 515 ??,SETRA,S 515 HD,95%,OK
?????,? 516 ??,SETRA,S 516 HD,95%,OK
?????,? 516 ?? 2,SETRA,S 516 HD/2,95%,OK
?????,? 517 ??,SETRA,S 517 HD,95%,OK
???,16??28 ?16?,SIEG,16PL28 E16N,OK,NEEDS_REVIEW
???,?? ?,SIEG,PK B,OK,NEEDS_REVIEW
???????,??075,SIDECAR,BS075,OK,NEEDS_REVIEW
???????,????,SIEMENS,Schork,OK,NEEDS_REVIEW
??????,?????? ???????,SIESTA,Siesta Caravan,OK,NEEDS_REVIEW
????,????,CIF,City,OK,NEEDS_REVIEW
???,???? ??????,CEE,Sans Objet,OK,NEEDS_REVIEW
?????,?? 3,SICAL,SS 3,OK,NEEDS_REVIEW
??????,??2?,SEALAND,SH2D,OK,NEEDS_REVIEW
??????????,??2720,SILVERSTONE,LA2720,OK,NEEDS_REVIEW
??????,2700,SILTEK,2700,OK,NEEDS_REVIEW
???,?? 05 ?,SYM,AV05W,90%,OK
???,?? 12 ?,SYM,AV12W,90%,OK
???,?? 05 ?,SYM,AD05W,90%,OK
???,???,SYM,ADH,90%,OK
???,??,SYM,AZ,90%,OK
???,??05?,SYM,AZ05W,90%,OK
???,?? 05 ?,SYM,AI05W,90%,OK
???,??? ??,SYM,Allo GT,90%,OK
???,?????????? ???,SYM,Bombardier ATV,OK,NEEDS_REVIEW
???,???? 125,SYM,Wolf 125,99%,OK
???,???? 250?,SYM,Wolf 250i,99%,OK
???,?? 125,SYM,VS 125,99%,OK
???,??,SYM,VF,95%,OK
???,??125,SYM,VF 125,99%,OK
???,? 5 ?,SYM,G5J,90%,OK
???,??? 125,SYM,GTS 125,99%,OK
???,??? 250,SYM,GTS 250,99%,OK
???,??? 300?,SYM,GTS 300i,99%,OK
???,???? 14,SYM,Jet 14,99%,OK
???,???? 14 ???,SYM,Jet 14 Evo,99%,OK
???,???? 4,SYM,Jet 4,99%,OK
???,???? 4 50 ?,SYM,Jet 4 50R,99%,OK
???,???? 50,SYM,Jet 50,99%,OK
???,???? 50 ????? ?,SYM,Jet 50 SportX,99%,OK
???,???? ???? ? 50,SYM,Jet Euro X 50,99%,OK
???,???? ?,SYM,Jet X,99%,OK
???,????14 125,SYM,Jet 14 125,99%,OK
???,???????? ?,SYM,Joymax Z,99%,OK
???,????????,SYM,Joyride,99%,OK
???,??05?,SYM,JD05W,90%,OK
???,??? ??,SYM,Can-Am,OK,NEEDS_REVIEW
???,?????,SYM,Crox,99%,OK
???,???????,SYM,Cruisym,99%,OK
???,??25,SYM,LM25,90%,OK
???,?? ?7 01,SYM,LN A7 01,90%,OK
???,?? ?9 01,SYM,LH A9 01,90%,OK
???,?????? ??,SYM,Maxsym GT,99%,OK
???,?????? ??,SYM,Maxsym TL,99%,OK
???,???????,SYM,Maxsym,95%,OK
???,??? 100,SYM,Mio 100,99%,OK
???,??? 50,SYM,Mio 50,99%,OK
???,?????,SYM,Orbit,99%,OK
???,????? 125,SYM,Orbit 125,99%,OK
???,????? 2 50,SYM,Orbit II 50,99%,OK
???,????? 2 50 2?,SYM,Orbit II 50,99%,OK
???,????? ?,SYM,NH T,95%,OK
???,???????,SYM,Symphony,99%,OK
???,??????? ??,SYM,Symphony SR,99%,OK
???,??????? ??,SYM,Symphony ST,99%,OK
???,??????? 300,SYM,Citycom 300,99%,OK
???,??????? ? 300?,SYM,Citycom S 300i,99%,OK
???,????? ????,SYM,Super Duke,95%,OK
???,?? 60 ?,SYM,UA60A,90%,OK
???,?? 25 ?,SYM,UB25A,90%,OK
???,??05?,SYM,FV05A,90%,OK
???,????? 2 125,SYM,Fiddle II 125,99%,OK
???,????? 3,SYM,Fiddle III,99%,OK
???,?????,SYM,Fiddle,99%,OK
???,????? 3 50,SYM,Fiddle III 50,99%,OK
???,?? 05 ?,SYM,FT05W,90%,OK
???,?? 125 ???,SYM,HD 125 Evo,99%,OK
???,?? 200,SYM,HD 200,99%,OK
???,??2 125,SYM,HD2 125,99%,OK
???,??2 125 ??,SYM,HD2 125 LC,99%,OK
???,????,SYM,X-Pro,99%,OK
???,?? 125 ?,SYM,XS 125 K,99%,OK
???,?? 50 ??,SYM,XS 50 QT,99%,OK
???,?? 05 ?,SYM,HU05W,90%,OK
???,???? 50,SYM,Shark 50,99%,OK
????,????1,SIMA,SDA01,OK,NEEDS_REVIEW
????,????2,SIMA,SDA02,OK,NEEDS_REVIEW
????,????1,SIMA,SEA01,OK,NEEDS_REVIEW
?????,?? ?? ?? 22948,SIMON,AC BL HB 22948,OK,NEEDS_REVIEW
?????,?? ?? ?? 23422,SIMON,AC KA HB 23422,OK,NEEDS_REVIEW
???? ???????????,??03,SIMS SILVERGREEN,SC03,OK,NEEDS_REVIEW
????????,?2 1,SIMSGLUS,P2 1,OK,NEEDS_REVIEW
??????,50,SIMSON,50,90%,OK
??????,70,SIMSON,70,90%,OK
??????,? 51,SIMSON,S 51,99%,OK
??????,? 51 ?,SIMSON,S 51 B,99%,OK
??????,? 53,SIMSON,S 53,99%,OK
??????,?? 50 1,SIMSON,SR 50/1,99%,OK
????? ??????,???429,SINAN TANKER,SNT429,OK,NEEDS_REVIEW
??????,??10000 ???,SINSKI,AR10000 New,80%,OK
??????,??? ? ????,SINSKI,RDB M Class,80%,OK
??????,??? ?? ????,SINSKI,RDB XS Class,80%,OK
???,390 ?,SIRE,390 T,OK,NEEDS_REVIEW
???????,?1?,SIRIUSZ,B1N,OK,NEEDS_REVIEW
???????,?2?,SIRIUSZ,B2S,OK,NEEDS_REVIEW
???????,?2?,SIRIUSZ,B2H,OK,NEEDS_REVIEW
???????,?3?,SIRIUSZ,B3H,OK,NEEDS_REVIEW
???????,?9310,SIRIUSZ,L9310,OK,NEEDS_REVIEW
???????,?2,SIRIUSZ,H2,OK,NEEDS_REVIEW
???????,?3,SIRIUSZ,H3,OK,NEEDS_REVIEW
??????,??? 322,SIRMAK,SAB 322,OK,NEEDS_REVIEW
?????,?750?,SISAS,S750E,OK,NEEDS_REVIEW
?????,?750???,SISAS,S750USL,OK,NEEDS_REVIEW
?????? ???????,????20,SYSTEM TRAILER,ZTKA20,85%,OK
?????? ???????,??? 27,SYSTEM TRAILER,PRS 27,85%,OK
?????? ???????,????? 10,SYSTEM TRAILER,PRSSK 10,85%,OK
?????? ???????,?????? 18,SYSTEM TRAILER,PRSHPI 18,85%,OK
?????? ???????,??? 24,SYSTEM TRAILER,TKS 24,85%,OK
???? ???,???? ??,CITY EL,City El,95%,OK
???????,2 ?? 6,CITROEN,2CV 6,99%,OK
???????,230 ?,CITROEN,Jumper,85%,OK
???????,280 ?,CITROEN,C25,80%,OK
???????,280 ?,CITROEN,C25,80%,OK
???????,290 ? 52 1,CITROEN,C25,80%,OK
???????,290 ?,CITROEN,C25,80%,OK
???????,290 ?,CITROEN,C25,80%,OK
???????,?? ?,CITROEN,2CV,85%,OK
???????,???,CITROEN,Ami,99%,OK
???????,????????,CITROEN,Berlingo,99%,OK
???????,???????? 1.6 ???,CITROEN,Berlingo,99%,OK
???????,???????? 1.9 ?,CITROEN,Berlingo,99%,OK
???????,???????? ???????? 1.4,CITROEN,Berlingo,99%,OK
???????,???????? ?? 1.6 ???,CITROEN,Berlingo,99%,OK
???????,???????? ??? 2.0,CITROEN,Berlingo,99%,OK
???????,???????? ???,CITROEN,Berlingo XTR,99%,OK
???????,???????,CITROEN,Jumper,99%,OK
???????,??????? 18?? 2.8???,CITROEN,Jumper,99%,OK
???????,??????? 2.5 ?,CITROEN,Jumper,99%,OK
???????,??????? 2.5 ??,CITROEN,Jumper,99%,OK
???????,??????? 29,CITROEN,Jumper,99%,OK
???????,??????? 35,CITROEN,Jumper,99%,OK
???????,??????? ?,CITROEN,Jumper,99%,OK
???????,??????,CITROEN,Jumpy,99%,OK
???????,?????? ?????,CITROEN,Jumpy,99%,OK
???????,?????? ???????????,CITROEN,Jumpy Spacetourer,99%,OK
???????,??????,CITROEN,Dispatch,99%,OK
???????,?? 21,CITROEN,DS 21,99%,OK
???????,?? 23,CITROEN,DS 23,99%,OK
???????,?? 3,CITROEN,DS3,99%,OK
???????,?? 3 ???????,CITROEN,DS3 Racing,99%,OK
???????,?? 4,CITROEN,DS4,99%,OK
???????,?? 5,CITROEN,DS5,99%,OK
???????,??3 ??????,CITROEN,DS3 Cabrio,99%,OK
???????,??4,CITROEN,DS4,99%,OK
???????,? ????????,CITROEN,e-Berlingo,99%,OK
???????,? ???????? ???,CITROEN,e-Berlingo Van,99%,OK
???????,? ?3,CITROEN,e-C3,99%,OK
???????,? ?3 ???????,CITROEN,e-C3 Aircross,99%,OK
???????,? ?3 ???,CITROEN,e-C3 Van,99%,OK
???????,? ?4,CITROEN,e-C4,99%,OK
???????,? ?4 ?,CITROEN,e-C4 X,99%,OK
???????,???????,CITROEN,Evasion,99%,OK
???????,??,CITROEN,ZX,99%,OK
???????,???????,CITROEN,Evasion,95%,OK
???????,?? 19,CITROEN,ID 19,99%,OK
???????,???????,CITROEN,Xantia,99%,OK
???????,?????,CITROEN,Xsara,99%,OK
???????,????? 1.6 ?,CITROEN,Xsara,99%,OK
???????,????? 1.9 ?,CITROEN,Xsara,99%,OK
???????,????? 2.0 ???,CITROEN,Xsara,99%,OK
???????,????? ?????? 1.6 ?,CITROEN,Xsara Picasso,99%,OK
???????,????? ?????? 1.6 ???,CITROEN,Xsara Picasso,99%,OK
???????,????? ?????? 1.7 ?,CITROEN,Xsara Picasso,99%,OK
???????,????? ?????? 1.8 ?,CITROEN,Xsara Picasso,99%,OK
???????,????? ?????? 2.0 ?,CITROEN,Xsara Picasso,99%,OK
???????,????? ?????? 2.0 ???,CITROEN,Xsara Picasso,99%,OK
???????,??,CITROEN,LN,99%,OK
???????,????,CITROEN,Nemo,99%,OK
???????,???? 1.4 ???,CITROEN,Nemo,99%,OK
???????,???? ?? 1.4 ?,CITROEN,Nemo,99%,OK
???????,???? ?? 1.4 ???,CITROEN,Nemo,99%,OK
???????,??????,CITROEN,Picasso,90%,OK
???????,???? ?? ?? 003,CITROEN,Posl Eg Df 003,OK,NEEDS_REVIEW
???????,???????,CITROEN,Prestige,90%,OK
???????,??,CITROEN,RD,OK,NEEDS_REVIEW
???????,?????,CITROEN,Relay,99%,OK
???????,????? 30 100?? ???,CITROEN,Relay,99%,OK
???????,????? 30 ?1?1 ?????????? ???,CITROEN,Relay,99%,OK
???????,????? 33 ?2?2 ????????? ???,CITROEN,Relay,99%,OK
???????,????? 35 ?3?2 ???,CITROEN,Relay,99%,OK
???????,????? 35 ??? 120???,CITROEN,Relay,99%,OK
???????,????? 35 ???? ?4 ???,CITROEN,Relay,99%,OK
???????,????? 35 ?3 ???,CITROEN,Relay,99%,OK
???????,?????,CITROEN,Saxo,99%,OK
???????,?? ?????? 2.2 ???,CITROEN,C-Crosser,99%,OK
???????,?? ?????? 2.4 ?,CITROEN,C-Crosser,99%,OK
???????,???????,CITROEN,Citroen,OK,NEEDS_REVIEW
???????,??????????,CITROEN,Spacetourer,99%,OK
???????,? 1,CITROEN,C1,99%,OK
???????,? 1 1.0 ?,CITROEN,C1,99%,OK
???????,? 2,CITROEN,C2,99%,OK
???????,? 25,CITROEN,C25,99%,OK
???????,? 25 ??????,CITROEN,C25,99%,OK
???????,? 3,CITROEN,C3,99%,OK
???????,? 3 1.1 ?,CITROEN,C3,99%,OK
???????,? 3 1.4 ?,CITROEN,C3,99%,OK
???????,? 3 1.4 ???,CITROEN,C3,99%,OK
???????,? 3 1.6 ? 16 ?,CITROEN,C3,99%,OK
???????,? 3 1.6 ???,CITROEN,C3,99%,OK
???????,? 3 ??????,CITROEN,C3 Picasso,99%,OK
???????,? 3 ???????,CITROEN,C3 Pluriel,99%,OK
???????,? 4,CITROEN,C4,99%,OK
???????,? 4 1.4 ?,CITROEN,C4,99%,OK
???????,? 4 1.6 ?,CITROEN,C4,99%,OK
???????,? 4 1.6 ???,CITROEN,C4,99%,OK
???????,? 4 1.6 ??? 16 ?,CITROEN,C4,99%,OK
???????,? 4 2.0 ? 16 ?,CITROEN,C4,99%,OK
???????,? 4 2.0 ???,CITROEN,C4,99%,OK
???????,? 4 ???????,CITROEN,C4 Aircross,99%,OK
???????,? 4 ??????,CITROEN,C4 Picasso,99%,OK
???????,? 4 ?????? 1.6 ?,CITROEN,C4 Picasso,99%,OK
???????,? 4 ?????? 1.6 ???,CITROEN,C4 Picasso,99%,OK
???????,? 4 ?????? 1.8 ?,CITROEN,C4 Picasso,99%,OK
???????,? 4 ?????? 2.0 ?,CITROEN,C4 Picasso,99%,OK
???????,? 4 ?????? 2.0 ???,CITROEN,C4 Picasso,99%,OK
???????,? 5,CITROEN,C5,99%,OK
???????,? 6,CITROEN,C6,99%,OK
???????,? 8,CITROEN,C8,99%,OK
???????,? ?????,CITROEN,C-Elysee,99%,OK
???????,? ??????,CITROEN,C-Crosser,99%,OK
???????,?-????,CITROEN,C-Zero,99%,OK
???????,?3 ???????,CITROEN,C3 Aircross,99%,OK
???????,?3 ???,CITROEN,C3 Van,99%,OK
???????,?4 ??????,CITROEN,C4 Cactus,99%,OK
???????,?4 ??????????,CITROEN,C4 Spacetourer,99%,OK
???????,?4 ?,CITROEN,C4 X,99%,OK
???????,?5 ???????,CITROEN,C5 Aircross,99%,OK
???????,?5 ?,CITROEN,C5 X,99%,OK
???????,??11,SKYWELL,BE11,95%,OK
????,?? 50,SCAM,AM 50,95%,OK
????,?? 60,SCAM,SM 60,95%,OK
????,??35,SCAM,SM 35,95%,OK
????????,420,SCANVOGN,420,90%,OK
????????,730,SCANVOGN,730,90%,OK
????????,??????? 1900,SCANVOGN,Woplist 1900,OK,NEEDS_REVIEW
??????,(??????),SCANIA,Tractor,OK,NEEDS_REVIEW
??????,112 ?,SCANIA,112 M,99%,OK
??????,112 ?,SCANIA,112 H,99%,OK
??????,114,SCANIA,114,99%,OK
??????,114 ?,SCANIA,114 L,99%,OK
??????,124 420,SCANIA,124,99%,OK
??????,124 ? 420,SCANIA,124 G,99%,OK
??????,124 ? 360,SCANIA,124 C,99%,OK
??????,124?6?4,SCANIA,124 C,95%,OK
??????,450??8?4?,SCANIA,450 CB,90%,OK
??????,94 ?,SCANIA,94 L,99%,OK
??????,?4?2,SCANIA,A4x2,OK,NEEDS_REVIEW
??????,? 4 ? 2,SCANIA,B4x2,OK,NEEDS_REVIEW
??????,? 6?2,SCANIA,B6x2,OK,NEEDS_REVIEW
??????,? 320,SCANIA,G 320,99%,OK
??????,? 320 ?? 4 ? 2 ???,SCANIA,G 320,99%,OK
??????,? 360,SCANIA,G 360,99%,OK
??????,? 370,SCANIA,G 370,99%,OK
??????,? 400,SCANIA,G 400,99%,OK
??????,? 410,SCANIA,G 410,99%,OK
??????,? 420,SCANIA,G 420,99%,OK
??????,? 420 ?? 4 ? 2 ???,SCANIA,G 420,99%,OK
??????,? 420 ??,SCANIA,G 420,99%,OK
??????,? 420 ??,SCANIA,G 420,99%,OK
??????,? 440,SCANIA,G 440,99%,OK
??????,? 440 ??,SCANIA,G 440,99%,OK
??????,? 440 ?? 4?2 ???,SCANIA,G 440,99%,OK
??????,? 450 ?8?4??,SCANIA,G 450,99%,OK
??????,? 480 ??,SCANIA,G 480,99%,OK
??????,? 480 ??,SCANIA,G 480,99%,OK
??????,? 480 ??,SCANIA,G 480,99%,OK
??????,? 500,SCANIA,G 500,99%,OK
??????,?280,SCANIA,G 280,99%,OK
??????,?450,SCANIA,G 450,99%,OK
??????,?450??6?2 4???,SCANIA,G 450,99%,OK
??????,?460,SCANIA,G 460,99%,OK
??????,?480,SCANIA,G 480,99%,OK
??????,?480??4?2???,SCANIA,G 480,99%,OK
??????,?490,SCANIA,G 490,99%,OK
??????,?560,SCANIA,G 560,99%,OK
??????,????????,SCANIA,Gniotpol,80%,OK
??????,?????????,SCANIA,Interlink,99%,OK
??????,?????? ?4 12 32,SCANIA,Irizar i4,99%,OK
??????,?????? ? 124 ??,SCANIA,Irizar K124,99%,OK
??????,?????? ??,SCANIA,Irizar PB,99%,OK
??????,?????? ?? 12 35,SCANIA,Irizar PB,99%,OK
??????,?????? ???????,SCANIA,Irizar Century,99%,OK
??????,? 124 ?? ?? 420,SCANIA,K124,99%,OK
??????,? ??4?2,SCANIA,K-Series,90%,OK
??????,?114??4?2,SCANIA,K114,99%,OK
??????,?124??4?2,SCANIA,K124,99%,OK
??????,?340,SCANIA,L 340,99%,OK
??????,?? 4 ? 2,SCANIA,LA4x2,OK,NEEDS_REVIEW
??????,?????? ???,SCANIA,Metago Pro,80%,OK
??????,?320 ????? ???,SCANIA,N 320,95%,OK
??????,???? ???????,SCANIA,OmniExpress,99%,OK
??????,???????? 2 ??????,SCANIA,OmniLink,99%,OK
??????,? 114 340,SCANIA,P 114,99%,OK
??????,? 114 ??,SCANIA,P 114,99%,OK
??????,? 114 ??,SCANIA,P 114,99%,OK
??????,? 114 ??,SCANIA,P 114,99%,OK
??????,? 114 ?? 6?2,SCANIA,P 114,99%,OK
??????,? 114 ?? 8 ? 4 ?? 380,SCANIA,P 114,99%,OK
??????,? 124,SCANIA,P 124,99%,OK
??????,? 124 ?,SCANIA,P 124,99%,OK
??????,? 230,SCANIA,P 230,99%,OK
??????,? 230 ? 4?2,SCANIA,P 230,99%,OK
??????,? 230 ??,SCANIA,P 230,99%,OK
??????,? 250,SCANIA,P 250,99%,OK
??????,? 270,SCANIA,P 270,99%,OK
??????,? 280,SCANIA,P 280,99%,OK
??????,? 310,SCANIA,P 310,99%,OK
??????,? 320,SCANIA,P 320,99%,OK
??????,? 340 ??,SCANIA,P 340,99%,OK
??????,? 340 ??4?2???,SCANIA,P 340,99%,OK
??????,? 340 ??,SCANIA,P 340,99%,OK
??????,? 360,SCANIA,P 360,99%,OK
??????,? 370,SCANIA,P 370,99%,OK
??????,? 380,SCANIA,P 380,99%,OK
??????,? 380 ??,SCANIA,P 380,99%,OK
??????,? 380 ??,SCANIA,P 380,99%,OK
??????,? 400,SCANIA,P 400,99%,OK
??????,? 400 ? 6?2 4,SCANIA,P 400,99%,OK
??????,? 410,SCANIA,P 410,99%,OK
??????,? 420 ??,SCANIA,P 420,99%,OK
??????,? 420 ??6?2???,SCANIA,P 420,99%,OK
??????,? 93 ?? 4 ? 2 ? 210 38 ?,SCANIA,P 93,99%,OK
??????,? 93 ??,SCANIA,P 93,99%,OK
??????,? 94 ?? 4?2 ?? 230,SCANIA,P 94,99%,OK
??????,? 94 ?? 6?2,SCANIA,P 94,99%,OK
??????,? 94 ?? 4 ? 2 ?? 310,SCANIA,P 94,99%,OK
??????,? 94 ?? 4 ? 2 ??,SCANIA,P 94,99%,OK
??????,? 94 ?? 4?2 ?? 220,SCANIA,P94,95%,OK
??????,? 94 ?? 6?2 4?? 220,SCANIA,P94,95%,OK
??????,? 94 ?? 6 ? 4 ?? 310,SCANIA,P94,95%,OK
??????,? 94??4?2??230,SCANIA,P94,95%,OK
??????,?114,SCANIA,P114,95%,OK
??????,?124 ?? 8?4,SCANIA,P124,95%,OK
??????,?320,SCANIA,P320,95%,OK
??????,?340,SCANIA,P340,95%,OK
??????,?370,SCANIA,P370,95%,OK
??????,?420,SCANIA,P420,95%,OK
??????,?450,SCANIA,P450,95%,OK
??????,?460,SCANIA,P460,95%,OK
??????,?500,SCANIA,P500,95%,OK
??????,?94,SCANIA,P94,95%,OK
??????,?94 ??4?2?? 260,SCANIA,P94,95%,OK
??????,?94??4?2??300,SCANIA,P94,95%,OK
??????,? 114 340,SCANIA,R114,95%,OK
??????,? 114 ?? 6?2 ?? 380,SCANIA,R114,95%,OK
??????,? 114 ?? 8?4 ??,SCANIA,R114,95%,OK
??????,? 124,SCANIA,R124,95%,OK
??????,? 124 ?? 6?2 ?? 420,SCANIA,R124,95%,OK
??????,? 124 ??,SCANIA,R124,95%,OK
??????,? 143,SCANIA,R143,95%,OK
??????,? 143 ??,SCANIA,R143,95%,OK
??????,? 144 ??,SCANIA,R144,95%,OK
??????,? 144 ?? 4 ? 2 ?? 460,SCANIA,R144,95%,OK
??????,? 144 ?? 4 ? 2 ?? 530,SCANIA,R144,95%,OK
??????,? 144 ?? 6 ? 2 ?? 460,SCANIA,R144,95%,OK
??????,? 164 ??,SCANIA,R164,95%,OK
??????,? 164 ??,SCANIA,R164,95%,OK
??????,? 164 ?? 4?2 ?? 480,SCANIA,R164,95%,OK
??????,? 164 ?? 8?4 ??,SCANIA,R164,95%,OK
??????,? 230 ?? ???,SCANIA,R230,95%,OK
??????,? 270 ?? 6?2,SCANIA,R270,95%,OK
??????,? 310 ?? 4?2 ???,SCANIA,R310,95%,OK
??????,? 320 ??,SCANIA,R320,95%,OK
??????,? 360 ?? 4 ???,SCANIA,R360,95%,OK
??????,? 380 ?? ???,SCANIA,R380,95%,OK
??????,? 380 ??,SCANIA,R380,95%,OK
??????,? 400,SCANIA,R400,95%,OK
??????,? 400 ??,SCANIA,R400,95%,OK
??????,? 410,SCANIA,R410,95%,OK
??????,? 420,SCANIA,R420,95%,OK
??????,? 420 ?? 4 ? 2 ???,SCANIA,R420,95%,OK
??????,? 420 ?? ???,SCANIA,R420,95%,OK
??????,? 420 ?? 6 ? 2 ???,SCANIA,R420,95%,OK
??????,? 420 ?? 6?2 ???,SCANIA,R420,95%,OK
??????,? 420 ?? ???,SCANIA,R420,95%,OK
??????,? 420 ??,SCANIA,R420,95%,OK
??????,? 440,SCANIA,R440,95%,OK
??????,? 440 ? 6?2 4,SCANIA,R440,95%,OK
??????,? 440 ??,SCANIA,R440,95%,OK
??????,? 440 ?? 4 ? 2 ???,SCANIA,R440,95%,OK
??????,? 440 ??,SCANIA,R440,95%,OK
??????,? 450,SCANIA,R450,95%,OK
??????,? 460,SCANIA,R460,95%,OK
??????,? 470,SCANIA,R470,95%,OK
??????,? 480,SCANIA,R480,95%,OK
??????,? 480 ??,SCANIA,R480,95%,OK
??????,? 480 ?? 4 ? 2 ???,SCANIA,R480,95%,OK
??????,? 480 ??4?2???,SCANIA,R480,95%,OK
??????,? 480 ?? 6?2,SCANIA,R480,95%,OK
??????,? 490,SCANIA,R490,95%,OK
??????,? 500,SCANIA,R500,95%,OK
??????,? 500 ??,SCANIA,R500,95%,OK
??????,? 500 ?? 4 ? 2 ???,SCANIA,R500,95%,OK
??????,? 500 ?? 4?2 ???,SCANIA,R500,95%,OK
??????,? 500 ?? 4?2 ???,SCANIA,R500,95%,OK
??????,? 500 ?? 6?2 4???,SCANIA,R500,95%,OK
??????,? 500 ??,SCANIA,R500,95%,OK
??????,? 520,SCANIA,R520,95%,OK
??????,? 560 ?? 6 ? 4 ???,SCANIA,R560,95%,OK
??????,? 560 ?? 6?2 ???,SCANIA,R560,95%,OK
??????,? 560 ?? ???,SCANIA,R560,95%,OK
??????,? 560 ?? ???,SCANIA,R560,95%,OK
??????,? 560 ??4?2 ???,SCANIA,R560,95%,OK
??????,? 560 ??4?2???,SCANIA,R560,95%,OK
??????,? 560 ?? 6?4 ???,SCANIA,R560,95%,OK
??????,? 560 ??,SCANIA,R560,95%,OK
??????,? 580,SCANIA,R580,95%,OK
??????,? 580 ?? 4?2 ???,SCANIA,R580,95%,OK
??????,? 580 ??6?2 4???,SCANIA,R580,95%,OK
??????,? 620,SCANIA,R620,95%,OK
??????,? 620 ??,SCANIA,R620,95%,OK
??????,? 650,SCANIA,R650,95%,OK
??????,? 730 ?? 4?2 ???,SCANIA,R730,95%,OK
??????,?280,SCANIA,R280,95%,OK
??????,?410??8?4???,SCANIA,R410,95%,OK
??????,?450,SCANIA,R450,95%,OK
??????,?460,SCANIA,R460,95%,OK
??????,?540,SCANIA,R540,95%,OK
??????,?560,SCANIA,R560,95%,OK
??????,?580 ?? 4?2 ???,SCANIA,R580,95%,OK
??????,?590,SCANIA,R590,95%,OK
??????,?660,SCANIA,R660,95%,OK
??????,?730,SCANIA,R730,95%,OK
??????,???? ????? 1 ?,SCANIA,Rimo Adero 1 S,85%,OK
??????,?410,SCANIA,S410,95%,OK
??????,?420,SCANIA,S420,95%,OK
??????,?450,SCANIA,S450,95%,OK
??????,?460,SCANIA,S460,95%,OK
??????,?500,SCANIA,S500,95%,OK
??????,?520,SCANIA,S520,95%,OK
??????,?540,SCANIA,S540,95%,OK
??????,?560,SCANIA,S560,95%,OK
??????,?580,SCANIA,S580,95%,OK
??????,?590,SCANIA,S590,95%,OK
??????,?650,SCANIA,S650,95%,OK
??????,?660,SCANIA,S660,95%,OK
??????,?730,SCANIA,S730,95%,OK
??????,?770,SCANIA,S770,95%,OK
??????,???????,SCANIA,Touring,95%,OK
??????,?????,SCARAB,Minor,90%,OK
???,75,SKW,75,OK,NEEDS_REVIEW
??? ????,4,SKI TEAM,4,OK,NEEDS_REVIEW
??? ????,?? 125 8 ?,SKI TEAM,ST 125 8 A,OK,NEEDS_REVIEW
??????,5,SKI TEAM,5,OK,NEEDS_REVIEW
??????,???????,SCORPA,Factory,90%,OK
????????,???202,SCORPION,SCR202,OK,NEEDS_REVIEW
????????,???414,SCORPION,SCR414,OK,NEEDS_REVIEW
????????,???329,SCORPION,HKM329,OK,NEEDS_REVIEW
????????,???4,SCORPION,HKM4,OK,NEEDS_REVIEW
????????,???429,SCORPION,HKM429,OK,NEEDS_REVIEW
?????,????,SCOUT,Piwo,OK,NEEDS_REVIEW
???,27-7.5,SKS,27-7.5,80%,OK
??????,?01,SCUTUM,S01,90%,OK
?????,????,SLUIS,Max,80%,OK
?????,????????,SLUIS,Mondrian,80%,OK
?????,??,SLUIS,PB,80%,OK
?????,?? 2,SLUIS,PT 2,80%,OK
??,???,SM,Ram,OK,NEEDS_REVIEW
??????,701???,SMARDA,701 Pro,85%,OK
??????,?? 03,SMARDA,SE-03,85%,OK
??????,?? 04,SMARDA,SE-04,85%,OK
??????,?? 07,SMARDA,SE-07,85%,OK
??????,??? 303,SMARDA,SMD 303,85%,OK
??????,??? ???03,SMARDA,SMD EEC03,85%,OK
??????,??? ???06,SMARDA,SMD EEC06,85%,OK
??????,??? ?1,SMARDA,SMD U1,85%,OK
??????,????? 701,SMARDA,Sport 701,85%,OK
?????,1,SMART,#1,95%,OK
?????,3,SMART,#3,95%,OK
?????,451,SMART,Fortwo,95%,OK
?????,451 ????? ??????,SMART,Fortwo Cabrio,95%,OK
?????,454,SMART,Forfour,95%,OK
?????,5,SMART,#5,95%,OK
?????,??????,SMART,Fortwo Brabus,90%,OK
?????,??? ????? ??????,SMART,EQ Fortwo Cabrio,95%,OK
?????,??? ????? ????,SMART,EQ Fortwo Coupe,95%,OK
?????,??? ??????,SMART,EQ Forfour,95%,OK
?????,???????? ?????,SMART,Fortwo Electric Drive,95%,OK
?????,????? ???????,SMART,City-Coupe,90%,OK
?????,?? 01,SMART,City-Coupe,90%,OK
?????,??? ?????,SMART,City-Coupe,90%,OK
?????,????,SMART,Fortwo Pulse,90%,OK
?????,????????,SMART,Roadster,95%,OK
?????,????,SMART,City-Coupe,95%,OK
?????,???? ????,SMART,City-Coupe,95%,OK
?????,??? ???? 1.5,SMART,Forfour,95%,OK
?????,?????,SMART,Fortwo,95%,OK
?????,????? ?????? ???,SMART,Fortwo Cabrio mhd,95%,OK
?????,????? ?????? ???,SMART,Fortwo Cabrio cdi,95%,OK
?????,????? ????,SMART,Fortwo Coupe,95%,OK
?????,????? ???? ??????,SMART,Fortwo Coupe Brabus,95%,OK
?????,????? ???? ???,SMART,Fortwo Coupe mhd,95%,OK
?????,?????? 1.1,SMART,Forfour,95%,OK
?????,???????,SMART,Forfour,95%,OK
?????,??????? 1.3,SMART,Forfour,95%,OK
?????,??????? ???,SMART,Forfour cdi,95%,OK
???,????? 50,SMC,Bullet 50,85%,OK
???,?????? 300 ?,SMC,Jumbo 300 S,85%,OK
???,???????? ??????? 250 ?,SMC,Quadzilla Stinger 250 E,85%,OK
???,???? 4,SMC,Sky 4,85%,OK
???,???,SMC,SMC,OK,NEEDS_REVIEW
?????,60?,SNIPE,60B,80%,OK
?????,??????? 5 ? 700,SNIPE,Trailer 5 T 700,80%,OK
??? ?????????,???002,SNE EMOBILITY,SNE002,85%,OK
?????,?9,SOVAB,U9,80%,OK
???????,?? 00788,SOLARIS,AV 00788,OK,NEEDS_REVIEW
???????,?????? 12,SOLARIS,Urbino 12,95%,OK
??????,2000 ???,SOLIDE,2000 LBK,80%,OK
??????,2000??,SOLIDE,2000 LB,80%,OK
??????,? 2000 ??,SOLIDE,C 2000 MR,80%,OK
???????,10,SOLIFER,10,85%,OK
???????,460,SOLIFER,460,85%,OK
???????,550 ??? ???,SOLIFER,550 GLS GLT,85%,OK
???????,5602 ?,SOLIFER,5602 I,85%,OK
???????,????? 40 ?,SOLIFER,Artic 40 T,85%,OK
???????,????? 45 ?,SOLIFER,Artic 45 T,85%,OK
???????,????? 450 ?,SOLIFER,Artic 450 A,85%,OK
???????,????? 50 ?,SOLIFER,Artic 50 T,85%,OK
???????,????? 500 ?,SOLIFER,Artic 500 L,85%,OK
???????,????? 530,SOLIFER,Goldi 530,85%,OK
?????,?????,SONIK,YX-TE,OK,NEEDS_REVIEW
?????,??? ?????????,SONSTIGE,Anhänger Hersteller,OK,NEEDS_REVIEW
?????,?????????,SONSTIGE,Hersteller,OK,NEEDS_REVIEW
???,??? 11,SOR,EBN 11,90%,OK
???,??? 9.5,SOR,EBN 9.5,90%,OK
???,??????? ?? 71,SOR,Iberica SP 71,90%,OK
?????,?255?,SOREL,N255B,80%,OK
?????,?? 200,SOREL,PR 200,95%,OK
?????,??????,SOREL,Pratique,95%,OK
?????,? 200,SOREL,R 200,95%,OK
????????,??????,SORELPOL,Neptun,95%,OK
???????,?7 236 ??,SORELPOL,N7 236 TV,90%,OK
???? ???????,???? 350 ? 1,SPY RACING,Spy 350 F1,95%,OK
????? ?????,401 ?13,SPEVI KOELN,401 A13,85%,OK
?????????,2000,SPECKBACHER,2000,90%,OK
???????,??? 4.5,SPERMANN,ZPR 4.5,90%,OK
???????,??? 5.0 ??9.05,SPERMANN,ZPR 5.0 CS 9.05,90%,OK
???????,???? 11 ?? 9.05?,SPERMANN,SDAH 11 CS 9.05Z,90%,OK
???????,???? 45? ?? 8.0,SPERMANN,SDAH 45Z CX 8.0,90%,OK
???????,???? 5.0 ?? 9.05,SPERMANN,SDAH 5.0 CS 9.05,90%,OK
???,250 ? 1,SPY,250 F1,90%,OK
?????,??? 290,SPIER,ZGL 290,95%,OK
?????,??? 155,SPIER,ZPL 155,95%,OK
?????,??? 390,SPIER,SGL 390,95%,OK
???????,3000,SPITZER,3000,95%,OK
???????,???????,SPITZER,Entfelt,85%,OK
???????,???????? ???? 27,SPITZER,Eurovrac BNSK 27,95%,OK
???????,??2745???,SPITZER,SK2745CAL,95%,OK
???????,??2760???,SPITZER,SK2760CAL,95%,OK
???????,??2766???,SPITZER,SK2766CAL,95%,OK
???????,?? 2433,SPITZER,SF 2433,95%,OK
???????,?? 2439 2 ??,SPITZER,SF 2439 2 PI,95%,OK
???????,?? 2734 2 ?,SPITZER,SF 2734 2 P,95%,OK
???????,?? 2737 2 ?,SPITZER,SF 2737 2 P,95%,OK
???????,?? 2755 4?,SPITZER,SF 2755 4P,95%,OK
???????,??????? ??????? 10 ?,SPOLETO,Rimorchi Monocar 10 S,90%,OK
???????,??????? ??????? 6? ?,SPOLETO,Rimorchi Monocar 6S A,90%,OK
????? ???,?? 35,SPORT YACHT,PS 35,90%,OK
????? ???,?? 400,SPORT YACHT,PS 400,90%,OK
??????,2,SPRITE,2,95%,OK
??????,390,SPRITE,390,95%,OK
??????,390 2,SPRITE,390 2,95%,OK
??????,400,SPRITE,400,95%,OK
??????,450,SPRITE,450,95%,OK
??????,490 1,SPRITE,490 1,95%,OK
??????,?????,SPRITE,Alpine,95%,OK
??????,?????,SPRITE,Ariel,95%,OK
??????,?????,SPRITE,Major,95%,OK
??????,????????,SPRITE,Musketeer,95%,OK
??????,???????? ??,SPRITE,Musketeer DD,95%,OK
??????,???????? ??,SPRITE,Musketeer TD,95%,OK
??????,1000 ??,SPRINT,1000 ST,85%,OK
???? ???????,? 3 ??,SREM TRAILER,S 3 TA,90%,OK
??????,???,STAVAL,Jacques,85%,OK
??????,? 3500?,STAVAL,S 3500A,90%,OK
??????????,400 ??,STAVROPOULOS,400 TR,90%,OK
??????????,???750,STAVROPOULOS,STR750,90%,OK
??????????,500,STADLMUELLER,500,90%,OK
????????,?? 750 ?,STAEMPFLI,RT 750 M,90%,OK
???????? ?????,?,SMC,J,90%,OK
???????? ?????,??? 150,SMC,Ram 150,95%,OK
???????? ?????,??? 250,SMC,Ram 250,95%,OK
???????? ?????,?????? 50,SMC,Scooter 50,90%,OK
???????? ?????,??????? 170,SMC,Stinger 170,95%,OK
???????? ?????,300 ??,SMC,300 LV,90%,OK
???????? ?????,??? 200,SMC,Ram 200,95%,OK
???????? ?????,?,SMC,C,90%,OK
?????,?? 400,STANZ,EL 400,85%,OK
?????,??401,STANZ,HP401,85%,OK
????????,??? ?4,STANFORD,STF A4,85%,OK
????,12.227,STAR,12.227,95%,OK
????,? 266,STAR,A 266,95%,OK
???? ???????,???,STAR YAGILAR,Sit,85%,OK
???? ???????,???????,STAR YAGILAR,Strdump,85%,OK
?????,????? ????,STARK,Varg,95%,OK
????,039 3 ???,STAS,039 3 FAK,95%,OK
????,363 ?,STAS,363 A,95%,OK
????,? 3 ?? 336 ?,STAS,S 3 SA 336 K,95%,OK
????,? 300 ??,STAS,S 300 CX,95%,OK
????,? 300??,STAS,S 300ZX,95%,OK
????,? 339 ??,STAS,S 339 CX,95%,OK
????,?300??,STAS,S300CX,95%,OK
????,?? 336 ?,STAS,SA 336 K,95%,OK
????,?? 339 ?,STAS,SA 339 K,95%,OK
????,??343?,STAS,SA343K,95%,OK
???????,?? 1000,STEDELE,AU 1000,95%,OK
???????,?? 600,STEDELE,AU 600,95%,OK
???????,?? 605,STEDELE,AU 605,95%,OK
???????,?? 7508 ? 13,STEDELE,SA 7508 B 13,95%,OK
???????,?? 75 02,STEDELE,SB 75 02,95%,OK
???????,??4001,STEDELE,SB4001,95%,OK
???????,??? 175,STEDELE,SMS 175,95%,OK
???????,??? 120,STEDELE,STA 120,95%,OK
???????,???? 325,STEDELE,THAK 325,95%,OK
????????,??30?,STEINWEG,ML30K,90%,OK
??????? ????,???3,STATION HOUSE,NRK3,85%,OK
?????,??????? ??58,STEALTH,Valiant Q58,85%,OK
?????,1,STEMA,1,95%,OK
?????,2,STEMA,2,95%,OK
?????,6075,STEMA,6075,95%,OK
?????,?? 2035,STEMA,AT 2035,95%,OK
?????,???? ??????,STEMA,Ateo Grande,95%,OK
?????,?????,STEMA,Atour,95%,OK
?????,????? ??????,STEMA,Atour Grande,95%,OK
?????,? 6075,STEMA,B 6075,95%,OK
?????,????? 750,STEMA,Basic 750,95%,OK
?????,??,STEMA,BH,95%,OK
?????,??? 650,STEMA,VZA 650,95%,OK
?????,?? 401,STEMA,EL 401,95%,OK
?????,? 4075,STEMA,M 4075,95%,OK
?????,?7585,STEMA,M7585,95%,OK
?????,?? 0500,STEMA,MT 0500,95%,OK
?????,?? 0750,STEMA,MT 0750,95%,OK
?????,?? 0751,STEMA,MT 0751,95%,OK
?????,?? 0850,STEMA,MT 0850,95%,OK
?????,???,STEMA,MUT,95%,OK
?????,???????,STEMA,Systema,95%,OK
?????,?? 01 1,STEMA,ST 01-1,95%,OK
?????,?? 02 1,STEMA,ST 02-1,95%,OK
?????,?? 02 2,STEMA,ST 02-2,95%,OK
?????,?? ?1 1 ???????,STEMA,ST 01-1 Systema,95%,OK
?????,?????,STEMA,Stema,95%,OK
?????,????? 01,STEMA,Stema 01,95%,OK
?????,????? 01?,STEMA,Stema 01H,95%,OK
?????,?? 01-1,STEMA,SH 01-1,95%,OK
?????,?? 02-2,STEMA,SH 02-2,95%,OK
?????,????? ????,STEMA,Trius SHDK,95%,OK
?????,??,STEMA,FR,95%,OK
?????,?? 7525,STEMA,FT 7525,95%,OK
?????,?? 4075,STEMA,HL 4075,95%,OK
?????,?? 1012,STEMA,HP 1012,95%,OK
?????,?? 350.01,STEMA,HP 350.01,95%,OK
?????,?? 401,STEMA,HP 401,95%,OK
?????,?? 402,STEMA,HP 402,95%,OK
?????,?? 4050,STEMA,HP 4050,95%,OK
?????,?? 410,STEMA,HP 410,95%,OK
?????,?? 450,STEMA,HP 450,95%,OK
?????,?? 550,STEMA,HP 550,95%,OK
?????,?? 6070,STEMA,HP 6070,95%,OK
?????,?? 650,STEMA,HP 650,95%,OK
?????,?? 750,STEMA,HP 750,95%,OK
?????,?? 851,STEMA,HP 851,95%,OK
?????,??? 750,STEMA,HPU 750,95%,OK
?????,? 700,STEMA,C 700,95%,OK
?????,????? 550,STERK,Basic 550,85%,OK
?????,??-??-??2,STERK,ST-TA-AT2,85%,OK
?????????,1300,STERCKEMAN,1300,95%,OK
?????????,320,STERCKEMAN,320,95%,OK
?????????,370,STERCKEMAN,370,95%,OK
?????????,? 3701,STERCKEMAN,A 3701,95%,OK
?????????,? 4002,STERCKEMAN,A 4002,95%,OK
?????????,? 4004,STERCKEMAN,A 4004,95%,OK
?????????,?3302 ??,STERCKEMAN,A3302 BZ,95%,OK
?????????,?4006,STERCKEMAN,A4006,95%,OK
?????????,?4209,STERCKEMAN,A4209,95%,OK
?????????,?????,STERCKEMAN,Alize,95%,OK
?????????,? 4300,STERCKEMAN,B 4300,95%,OK
?????????,?? 452,STERCKEMAN,EM 452,95%,OK
?????????,?4100,STERCKEMAN,N4100,95%,OK
?????????,?4700,STERCKEMAN,R4700,95%,OK
?????????,?? 385,STERCKEMAN,SA 385,95%,OK
?????????,??????? 370 ??,STERCKEMAN,Starlett 370 LJ,95%,OK
?????????,??????? 370 ?? 2012,STERCKEMAN,Starlett 370 CE,95%,OK
?????????,??????? 390??,STERCKEMAN,Starlett 390 CP,95%,OK
?????????,??????? ???????? 390 ??,STERCKEMAN,Starlett Evolution 390 CP,95%,OK
?????????,???????? 470 ??,STERCKEMAN,Starlett 470 CP,95%,OK
?????????,??????? 440 ?,STERCKEMAN,Sunstar 440 M,95%,OK
?????????,?21? ??????,STERCKEMAN,T21A Romance,95%,OK
????????,? 30 ?,STERKENS,S 30 D,90%,OK
????????,?????? ?,STERLING,Alpine C,95%,OK
????????,??????? ??,STERLING,Diamond SE,95%,OK
????????,?????? 450 ??,STERLING,Europa 450 ES,95%,OK
????????,?????? 460,STERLING,Europa 460,95%,OK
????????,?????? 490,STERLING,Europa 490,95%,OK
????????,?????? 500 ??,STERLING,Europa 500 EK,95%,OK
????????,?????? 500 ??,STERLING,Europa 500 ES,95%,OK
????????,?????? 500 ?,STERLING,Europa 500 L,95%,OK
????????,?????? 520,STERLING,Europa 520,95%,OK
????????,?????? 525,STERLING,Europa 525,95%,OK
????????,?????? ?????? 390 2,STERLING,Europa Classic 390 2,95%,OK
????????,?????,STERLING,Eccles,95%,OK
????????,????? ??????,STERLING,Eccles Jewel,95%,OK
????????,????? ???????,STERLING,Eccles Emerald,95%,OK
????????,????,STERLING,Ritz,95%,OK
????????,??????,STERLING,Sprite,95%,OK
???????? ????????,520??,STERLING,Starlight 520NT,90%,OK
??????,??10???? 890,STETTER,AM10FHAC 890,95%,OK
??????,???305121,STETZI,STT305121,85%,OK
??????,? 430 ??,STETZL,T 430 FT,95%,OK
???????,?? 722,STEVENS,ST 722,90%,OK
????,?23,STIM,L23,95%,OK
????,?21,STIM,S21,95%,OK
????,?22,STIM,S22,95%,OK
????,?23,STIM,S23,95%,OK
???????,??????? ???????,STINGER,Folding Trailer,90%,OK
????,? 51,STEYR,S 51,90%,OK
???,?? 50 1,STM,SM 50 1,85%,OK
??????,1300 ??,STOEGER,1300 ST,90%,OK
??????,2500 ??,STOEGER,2500 ST,90%,OK
????,???????,STOCK,Manching,90%,OK
???????,??? 38 3,STOKOTA,OPL 38 3,95%,OK
???????,?? 6?2,STOKOTA,FX 6x2,95%,OK
??????,400,STOCKER,400,90%,OK
?????????,?12?,STOPEXIM,S12A,90%,OK
????????????,???? ?,STREETSCOOTER,Work L,95%,OK
?????,1200,STRUK,1200,85%,OK
????????????,?2?,STUBENBERGER,H2K,95%,OK
??????,??? 2500,STUSSI,BMT 2500,90%,OK
??????,1.8 4 ??,SUBARU,Leone,OK,NEEDS_REVIEW
??????,??????,SUBARU,Ascent,99%,OK
??????,??????,SUBARU,Outback,99%,OK
??????,?????? 2.5 4 ??,SUBARU,Outback,99%,OK
??????,?????? 2.5 ???????,SUBARU,Outback,99%,OK
??????,?????? ? 6 3.0,SUBARU,Outback,99%,OK
??????,? 9 ???????,SUBARU,B9 Tribeca,99%,OK
??????,???,SUBARU,BRZ,99%,OK
??????,?????,SUBARU,Vivio,99%,OK
??????,???,SUBARU,WRX,99%,OK
??????,??? ???,SUBARU,WRX STI,99%,OK
??????,??????,SUBARU,Justy,99%,OK
??????,?????? ? 3 ?,SUBARU,Justy G3X,99%,OK
??????,? ??????,SUBARU,Outback,95%,OK
??????,???????,SUBARU,Impreza,99%,OK
??????,??????? ??? ???,SUBARU,Impreza WRX STI,99%,OK
??????,????????,SUBARU,Crosstrek,99%,OK
??????,??????,SUBARU,Levorg,99%,OK
??????,??????,SUBARU,Legacy,99%,OK
??????,?????? 2.0 ?,SUBARU,Legacy,99%,OK
??????,?????? 2.5 ??????,SUBARU,Legacy Outback,99%,OK
??????,?????? 2.5 ?,SUBARU,Legacy,99%,OK
??????,?????? ???,SUBARU,Legacy,99%,OK
??????,?????? ??????,SUBARU,Legacy Outback,99%,OK
??????,??????,SUBARU,Libero,99%,OK
??????,????????,SUBARU,Solterra,99%,OK
??????,???????,SUBARU,Leone Station Wagon,OK,NEEDS_REVIEW
??????,??????,SUBARU,Trezia,99%,OK
??????,???????,SUBARU,Tribeca,99%,OK
??????,????????,SUBARU,Forester,99%,OK
??????,???????? 2.0 ?,SUBARU,Forester,99%,OK
??????,???????? 2.0 ??,SUBARU,Forester,99%,OK
??????,???????? 2.5 ??,SUBARU,Forester,99%,OK
??????,?????,SUBARU,Fuji,OK,NEEDS_REVIEW
??????,??,SUBARU,XV,99%,OK
??????,?? ????????,SUBARU,XV Crosstrek,99%,OK
??????,????????,SUBARU,Uncharted,OK,NEEDS_REVIEW
??????,1.3 ???,SUZUKI,Swift GTi,85%,OK
??????,125,SUZUKI,125,OK,NEEDS_REVIEW
??????,250,SUZUKI,250,OK,NEEDS_REVIEW
??????,400,SUZUKI,400,OK,NEEDS_REVIEW
??????,410,SUZUKI,SJ410,85%,OK
??????,50,SUZUKI,50,OK,NEEDS_REVIEW
??????,550,SUZUKI,550,OK,NEEDS_REVIEW
??????,600,SUZUKI,600,OK,NEEDS_REVIEW
??????,650,SUZUKI,650,OK,NEEDS_REVIEW
??????,750,SUZUKI,750,OK,NEEDS_REVIEW
??????,??,SUZUKI,AB,OK,NEEDS_REVIEW
??????,??,SUZUKI,AV50,OK,NEEDS_REVIEW
??????,????? 110,SUZUKI,Address 110,99%,OK
??????,??????,SUZUKI,Address,99%,OK
??????,?????? ? 50,SUZUKI,Address V50,99%,OK
??????,?? 50,SUZUKI,AJ 50,85%,OK
??????,?? 50 ??????,SUZUKI,AY 50 Katana,90%,OK
??????,?????,SUZUKI,Across,99%,OK
??????,????,SUZUKI,Alto,99%,OK
??????,?? 125,SUZUKI,AN 125,99%,OK
??????,?? 150,SUZUKI,AN 150,99%,OK
??????,?? 250,SUZUKI,AN 250,99%,OK
??????,?? 400,SUZUKI,AN 400,99%,OK
??????,?? 400 ???????,SUZUKI,AN 400 Burgman,99%,OK
??????,?? 650 ? ???????,SUZUKI,AN 650 Burgman,99%,OK
??????,??650?,SUZUKI,AN 650Z,99%,OK
??????,?? 50,SUZUKI,AP 50,99%,OK
??????,??????,SUZUKI,Baleno,99%,OK
??????,?????? 1200 ?,SUZUKI,GSF 1200S Bandit,99%,OK
??????,???????? ?50,SUZUKI,Boulevard M50,99%,OK
??????,???????,SUZUKI,Burgman,99%,OK
??????,??????? 125,SUZUKI,Burgman 125,99%,OK
??????,??????? 400,SUZUKI,Burgman 400,99%,OK
??????,??????? 650,SUZUKI,Burgman 650,99%,OK
??????,??????? ?? 150,SUZUKI,Burgman UH 150,99%,OK
??????,? ????? 1000,SUZUKI,V-Strom 1000,99%,OK
??????,????? ?,SUZUKI,Wagon R,99%,OK
??????,????? ? 1.3 ?,SUZUKI,Wagon R,99%,OK
??????,????? ? ????,SUZUKI,Wagon R+,99%,OK
??????,??????? ???,SUZUKI,Valenti DRZ,95%,OK
??????,??? ???,SUZUKI,VanVan,99%,OK
??????,??? 8 2 1,SUZUKI,WVA8,80%,OK
??????,??? 9 21,SUZUKI,WVA9,80%,OK
??????,???? 2 1,SUZUKI,WVAC,80%,OK
??????,??? 1,SUZUKI,WVB1,80%,OK
??????,??? ? 1 ?? 400,SUZUKI,AN 400,90%,OK
??????,???2 1 1,SUZUKI,WVB2,80%,OK
??????,????,SUZUKI,WVBS,80%,OK
??????,?? 1500,SUZUKI,VZ 1500,99%,OK
??????,?? 800,SUZUKI,VZ 800,99%,OK
??????,??? 1800,SUZUKI,VZR 1800,99%,OK
??????,??? 1800 ????????,SUZUKI,VZR 1800 Boulevard,99%,OK
??????,??? 1800 ?,SUZUKI,VZR 1800N,99%,OK
??????,??????,SUZUKI,Vitara,99%,OK
??????,?????? 1.6 ?,SUZUKI,Vitara,99%,OK
??????,?????? 1.6-5 ?????,SUZUKI,Vitara,99%,OK
??????,?? 125 ????????,SUZUKI,VL 125 Intruder,99%,OK
??????,?? 1500,SUZUKI,VL 1500,99%,OK
??????,?? 1500 ???????? ? 90,SUZUKI,VL 1500 Boulevard C90,99%,OK
??????,?? 250,SUZUKI,VL 250,99%,OK
??????,?? 800,SUZUKI,VL 800,99%,OK
??????,?? 800 ?1,SUZUKI,VL 800,99%,OK
??????,??? 1800,SUZUKI,VLR 1800,99%,OK
??????,?? 1400 ???,SUZUKI,VS 1400 GLP,99%,OK
??????,?? 1400 ????????,SUZUKI,VS 1400 Intruder,99%,OK
??????,?? 51 ?,SUZUKI,VS51A,90%,OK
??????,?? 52 ?,SUZUKI,VS52A,90%,OK
??????,?? 600 ?? ?????????,SUZUKI,VS 600 GL Intruder,99%,OK
??????,?? 700 ??? ????????,SUZUKI,VS 700 GLE Intruder,99%,OK
??????,?? 750 ???,SUZUKI,VS 750 GLP,99%,OK
??????,?? 750 ????????,SUZUKI,VS 750 Intruder,99%,OK
??????,?? 800,SUZUKI,VS 800,99%,OK
??????,?? 800 ?? ????????,SUZUKI,VS 800 GL Intruder,99%,OK
??????,?? 800 ???,SUZUKI,VS 800 GLP,99%,OK
??????,??52?,SUZUKI,VS52B,90%,OK
??????,??700,SUZUKI,VS 700,99%,OK
??????,?? 800,SUZUKI,VX 800,99%,OK
??????,?? 250,SUZUKI,GV 250,80%,OK
??????,?? 75 ?,SUZUKI,GV75A,90%,OK
??????,?? 125 ?,SUZUKI,GZ 125,99%,OK
??????,?? 125 ???????,SUZUKI,GZ 125 Marauder,99%,OK
??????,?? 250,SUZUKI,GZ 250,99%,OK
??????,?? 75 ?,SUZUKI,GK75B,90%,OK
??????,?? 51 ?,SUZUKI,GL51D,90%,OK
??????,?? 51 ?,SUZUKI,GM51A,90%,OK
??????,?? 51?,SUZUKI,GM51B,90%,OK
??????,?? 125,SUZUKI,GN 125,99%,OK
??????,?? 250,SUZUKI,GN 250,99%,OK
??????,?? 72 ?,SUZUKI,GN72A,90%,OK
??????,?? 72 ?,SUZUKI,GN72B,90%,OK
??????,?? 76 ?,SUZUKI,GN76A,90%,OK
??????,?? 77 ?,SUZUKI,GN77B,90%,OK
??????,?? 7 ??,SUZUKI,GR7BB,90%,OK
??????,?? 7 ??,SUZUKI,GR7DA,90%,OK
??????,????? ??????,SUZUKI,Grand Vitara,99%,OK
??????,????? ?????? 1.6,SUZUKI,Grand Vitara,99%,OK
??????,????? ?????? 1.9,SUZUKI,Grand Vitara,99%,OK
??????,????? ?????? 2.0,SUZUKI,Grand Vitara,99%,OK
??????,????? ?????? 2.0 ??,SUZUKI,Grand Vitara,99%,OK
??????,????? ?????? 2.5,SUZUKI,Grand Vitara,99%,OK
??????,????? ?????? ? 6,SUZUKI,Grand Vitara,99%,OK
??????,????? ?????? ?? 7,SUZUKI,Grand Vitara XL-7,99%,OK
??????,?? 110 ?,SUZUKI,GS 110X,90%,OK
??????,?? 400,SUZUKI,GS 400,99%,OK
??????,?? 500 ?,SUZUKI,GS 500E,99%,OK
??????,?? 500 ?,SUZUKI,GS 500U,99%,OK
??????,?? 500 ??,SUZUKI,GS 500F,95%,OK
??????,?? 550,SUZUKI,GS 550,99%,OK
??????,?? 550 ?,SUZUKI,GS 550F,99%,OK
??????,?? 750,SUZUKI,GS 750,99%,OK
??????,??500,SUZUKI,GS 500,99%,OK
??????,??? 600,SUZUKI,GSR 600,99%,OK
??????,??? 750,SUZUKI,GSR 750,99%,OK
??????,??? 750 ?,SUZUKI,GSR 750,99%,OK
??????,??? 1200,SUZUKI,GSF 1200,99%,OK
??????,??? 1200 ? ??????,SUZUKI,GSF 1200S Bandit,99%,OK
??????,??? 1250 ??,SUZUKI,GSF 1250SA,99%,OK
??????,??? 600,SUZUKI,GSF 600,99%,OK
??????,??? 600 ??????,SUZUKI,GSF 600 Bandit,99%,OK
??????,??? 600 ?,SUZUKI,GSF 600S,99%,OK
??????,??? 600 ? ??????,SUZUKI,GSF 600S Bandit,99%,OK
??????,??? 650,SUZUKI,GSF 650,99%,OK
??????,??? 650 ??????,SUZUKI,GSF 650 Bandit,99%,OK
??????,??? 650 ? ??????,SUZUKI,GSF 650S Bandit,99%,OK
??????,??? 650 ??,SUZUKI,GSF 650SA,99%,OK
??????,??? 1100 ?,SUZUKI,GSX 1100G,99%,OK
??????,??? 1100 ?,SUZUKI,GSX 1100F,99%,OK
??????,??? 1200 ??,SUZUKI,GSX 1200FS,99%,OK
??????,??? 1250 ??,SUZUKI,GSX 1250FA,99%,OK
??????,??? 1300 ??,SUZUKI,GSX 1300BK,99%,OK
??????,??? 1300 ?,SUZUKI,GSX 1300R Hayabusa,99%,OK
??????,??? 1300 ??,SUZUKI,GSX 1300RA Hayabusa,99%,OK
??????,??? 1400,SUZUKI,GSX 1400,99%,OK
??????,??? 400 ?,SUZUKI,GSX 400E,99%,OK
??????,??? 600 ?,SUZUKI,GSX 600F,99%,OK
??????,??? 600 ??,SUZUKI,GSX 600FU,99%,OK
??????,??? 650 ?,SUZUKI,GSX 650F,99%,OK
??????,??? 750,SUZUKI,GSX 750,99%,OK
??????,??? 750 ?,SUZUKI,GSX-R 750,99%,OK
??????,??? 750 ?,SUZUKI,GSX 750F,99%,OK
??????,??? 8?,SUZUKI,GSX-8S,99%,OK
??????,??? ?,SUZUKI,GSX-R,99%,OK
??????,??? ? 1000,SUZUKI,GSX-R 1000,99%,OK
??????,??? ? 1000 ? 8,SUZUKI,GSX-R 1000,99%,OK
??????,??? ? 1100,SUZUKI,GSX-R 1100,99%,OK
??????,??? ? 600,SUZUKI,GSX-R 600,99%,OK
??????,??? ? 750,SUZUKI,GSX-R 750,99%,OK
??????,??? ? 750 ?,SUZUKI,GSX-R 750,99%,OK
??????,??? ? 750,SUZUKI,GSX-S 750,99%,OK
??????,??? ?1000,SUZUKI,GSX-S 1000,99%,OK
??????,??? ?1000?,SUZUKI,GSX-S 1000S,99%,OK
??????,??? ?1000?,SUZUKI,GSX-S 1000T,99%,OK
??????,??? ?1000?,SUZUKI,GSX-S 1000F,99%,OK
??????,??? ?1000?,SUZUKI,GSX-S 1000X,99%,OK
??????,??? ?125,SUZUKI,GSX-S 125,99%,OK
??????,??? ?950?,SUZUKI,GSX-S 950,95%,OK
??????,??? ?950?,SUZUKI,GSX-S 950,95%,OK
??????,???-?1000?,SUZUKI,GSX-S 1000X,99%,OK
??????,???250?,SUZUKI,GSX250R,99%,OK
??????,???800,SUZUKI,GSX-8S,90%,OK
??????,???800?,SUZUKI,GSX-8S,85%,OK
??????,???? 1100,SUZUKI,GSX-R 1100,99%,OK
??????,???? 600 ?9,SUZUKI,GSX-R 600,95%,OK
??????,???? 750,SUZUKI,GSX-R 750,95%,OK
??????,?? 7 3 ? ?,SUZUKI,GT 73AE,OK,NEEDS_REVIEW
??????,?? 75 ?,SUZUKI,GU75B,OK,NEEDS_REVIEW
??????,????????? 400,SUZUKI,Desperado 400,95%,OK
??????,??????,SUZUKI,Jimny,99%,OK
??????,?? 1000,SUZUKI,DL 1000 V-Strom,95%,OK
??????,?? 1000 ? ?????,SUZUKI,DL 1000 V-Strom,98%,OK
??????,?? 650,SUZUKI,DL 650 V-Strom,95%,OK
??????,?? 650 ?,SUZUKI,DL 650A V-Strom,95%,OK
??????,?? 650 ? ?????,SUZUKI,DL 650 V-Strom,98%,OK
??????,?? 650 ??,SUZUKI,DL 650XA V-Strom,95%,OK
??????,??1050,SUZUKI,DL 1050 V-Strom,95%,OK
??????,??250,SUZUKI,DL 250 V-Strom,95%,OK
??????,??650,SUZUKI,DL 650 V-Strom,95%,OK
??????,??800,SUZUKI,DL 800 V-Strom,95%,OK
??????,?? 125,SUZUKI,DR 125,95%,OK
??????,?? 125 ??,SUZUKI,DR 125SM,95%,OK
??????,?? 200 ??,SUZUKI,DR 200SE,95%,OK
??????,?? 250 ??,SUZUKI,DR 250R,90%,OK
??????,?? 350,SUZUKI,DR 350,95%,OK
??????,?? 350 ?,SUZUKI,DR 350S,95%,OK
??????,?? 500,SUZUKI,DR 500,95%,OK
??????,?? 650,SUZUKI,DR 650,95%,OK
??????,?? 650 ?,SUZUKI,DR 650R,95%,OK
??????,?? 650 ??,SUZUKI,DR 650RS,95%,OK
??????,?? 650 ??,SUZUKI,DR 650SE,95%,OK
??????,?? 800 ?,SUZUKI,DR 800S,95%,OK
??????,?? ? 400 ?,SUZUKI,DR-Z 400S,95%,OK
??????,?? ? 400 ??,SUZUKI,DR-Z 400SM,95%,OK
??????,?? ?400,SUZUKI,DR-Z 400,95%,OK
??????,? ??????,SUZUKI,e Vitara,95%,OK
??????,???????,SUZUKI,Equator,95%,OK
??????,???????,SUZUKI,Epicuro,95%,OK
??????,??????? 150,SUZUKI,Epicuro 150,95%,OK
??????,?????? ???,SUZUKI,Escudo,90%,OK
??????,?,SUZUKI,Unknown,OK,NEEDS_REVIEW
??????,??? ? 600,SUZUKI,GSX-R 600,95%,OK
??????,?????,SUZUKI,Ignis,99%,OK
??????,????????,SUZUKI,Intruder,95%,OK
??????,???????? 800,SUZUKI,Intruder 800,95%,OK
??????,????,SUZUKI,Carry,95%,OK
??????,??????,SUZUKI,Katana,95%,OK
??????,?????? 50,SUZUKI,Katana 50,95%,OK
??????,????,SUZUKI,Carry,95%,OK
??????,??????,SUZUKI,Kizashi,99%,OK
??????,?????,SUZUKI,Landy,95%,OK
??????,?? 80,SUZUKI,LJ80,95%,OK
??????,?????,SUZUKI,Liana,99%,OK
??????,?? 650,SUZUKI,LS 650 Savage,95%,OK
??????,?? 650 ?,SUZUKI,LS 650 Savage,95%,OK
??????,?? 650 ??????,SUZUKI,LS 650 Savage,95%,OK
??????,?? ?450 ?8,SUZUKI,LT-R450,95%,OK
??????,??? 750,SUZUKI,LT-A750 KingQuad,95%,OK
??????,??? 250,SUZUKI,LT-Z250,95%,OK
??????,??? 400,SUZUKI,LT-Z400,95%,OK
??????,??? 450 ?,SUZUKI,LT-R450,95%,OK
??????,?? 1500 ????????,SUZUKI,VL 1500 Intruder LC,95%,OK
??????,? 109 ? ????????,SUZUKI,Boulevard M109R,95%,OK
??????,?1800?2,SUZUKI,Intruder M1800R2,95%,OK
??????,?800?,SUZUKI,Intruder M800,95%,OK
??????,?????? ? 1200,SUZUKI,Madura V1200,95%,OK
??????,???????,SUZUKI,Marauder,95%,OK
??????,??????? 800,SUZUKI,Marauder 800,95%,OK
??????,??????,SUZUKI,Maruti,95%,OK
??????,???????? ???? 600,SUZUKI,Minnesota Twin 600,OK,NEEDS_REVIEW
??????,?? 42 ?,SUZUKI,Tempter 400 (NJ42A),OK,NEEDS_REVIEW
??????,?? 41 ?,SUZUKI,GN 125 (NF41B),OK,NEEDS_REVIEW
??????,??41?,SUZUKI,GN 125 (NF41A),OK,NEEDS_REVIEW
??????,??,SUZUKI,NX,OK,NEEDS_REVIEW
??????,? 450,SUZUKI,R450,90%,OK
??????,?? 125,SUZUKI,RV 125 VanVan,95%,OK
??????,?? 600 ?,SUZUKI,RF 600R,95%,OK
??????,?? 900?,SUZUKI,RF 900R,95%,OK
??????,? ?????,SUZUKI,S-Cross,99%,OK
??????,?????? 400,SUZUKI,LS 400 Savage,95%,OK
??????,???????,SUZUKI,Sidekick,99%,OK
??????,???????,SUZUKI,Samurai,99%,OK
??????,??????? (????),SUZUKI,Samurai,99%,OK
??????,???????,SUZUKI,Samurai Santana,95%,OK
??????,?? 1000 ?,SUZUKI,SV 1000S,95%,OK
??????,?? 650,SUZUKI,SV 650,95%,OK
??????,?? 650 ?,SUZUKI,SV 650S,95%,OK
??????,?? 650 ?,SUZUKI,SV 650U,95%,OK
??????,???????,SUZUKI,Celerio,99%,OK
??????,?????,SUZUKI,Sepia,95%,OK
??????,?? 410,SUZUKI,SJ410,95%,OK
??????,?? 413,SUZUKI,SJ413,95%,OK
??????,?? 500 ?,SUZUKI,SG 500X,OK,NEEDS_REVIEW
??????,????????,SUZUKI,Sixteen,95%,OK
??????,???????? 125,SUZUKI,Sixteen 125,95%,OK
??????,?? 42,SUZUKI,DR 350 (SK42),OK,NEEDS_REVIEW
??????,?? 41?,SUZUKI,DR 600 (SN41A),OK,NEEDS_REVIEW
??????,?? 43 ?,SUZUKI,DR 650 (SP43B),OK,NEEDS_REVIEW
??????,?????,SUZUKI,Splash,99%,OK
??????,?? 41 ?,SUZUKI,DR 800 (SR41A),OK,NEEDS_REVIEW
??????,???? 600,SUZUKI,GSX-R 600 SRAD,95%,OK
??????,?????,SUZUKI,Swace,95%,OK
??????,??????,SUZUKI,Unknown,OK,NEEDS_REVIEW
??????,?????,SUZUKI,Swift,99%,OK
??????,????? 1000,SUZUKI,Swift,95%,OK
??????,????? 1300,SUZUKI,Swift,95%,OK
??????,????? ?????,SUZUKI,Swift Sport,99%,OK
??????,????? ???,SUZUKI,Super Carry,90%,OK
??????,??? 650,SUZUKI,SFV 650 Gladius,95%,OK
??????,??? 650 ?,SUZUKI,SFV 650A Gladius,95%,OK
??????,?? 4,SUZUKI,SX4,99%,OK
??????,?? 4? ???? 1.6 4??,SUZUKI,SX4 S-Cross,95%,OK
??????,?? 125 ?,SUZUKI,TS 125R,95%,OK
??????,??125?,SUZUKI,Address 125 (UB125L),OK,NEEDS_REVIEW
??????,??125,SUZUKI,Address V125 (UZ125),OK,NEEDS_REVIEW
??????,?? 110,SUZUKI,UK 110 Address,95%,OK
??????,??125,SUZUKI,Burgman 125 (UN125),OK,NEEDS_REVIEW
??????,?? 50,SUZUKI,UF 50 Estilete,90%,OK
??????,?? 125,SUZUKI,UH 125 Burgman,95%,OK
??????,?? 150,SUZUKI,UH 150 Burgman,95%,OK
??????,?? 200,SUZUKI,UH 200 Burgman,95%,OK
??????,??200?,SUZUKI,UH 200 Burgman,95%,OK
??????,?? 125 ???????,SUZUKI,UC 125 Epicuro,95%,OK
??????,?? 150,SUZUKI,UC 150 Epicuro,95%,OK
??????,?? 125 ???,SUZUKI,FL 125 Address,95%,OK
??????,? 90,SUZUKI,X-90,99%,OK
??????,?? 7,SUZUKI,XL7,99%,OK
??????,?? 650,SUZUKI,XF 650 Freewind,95%,OK
??????,?? 650 ????????,SUZUKI,XF 650 Freewind,95%,OK
??????,? 90,SUZUKI,Boulevard C90,95%,OK
??????,?7 1 1,SUZUKI,C711,OK,NEEDS_REVIEW
??????,?9 2 1,SUZUKI,C921,OK,NEEDS_REVIEW
??????,?? 1 ??,SUZUKI,Sepia (CA1JA),OK,NEEDS_REVIEW
??????,?? 50,SUZUKI,CP 50,90%,OK
?????,1300,SWIFT,1300,80%,OK
?????,390 2,SWIFT,390/2,90%,OK
?????,390 3,SWIFT,390/3,90%,OK
?????,450 2,SWIFT,450/2,90%,OK
?????,520 ?,SWIFT,520S,90%,OK
?????,524 ??,SWIFT,524SR,90%,OK
?????,570 ??,SWIFT,570SE,90%,OK
?????,???? 216,SWIFT,Abbey 216,95%,OK
?????,??? ??? 460,SWIFT,Abi Vogue 460,95%,OK
?????,??? ??? 418,SWIFT,Abi GTS 418,95%,OK
?????,??? ???????? 215,SWIFT,Abi Spectrum 215,95%,OK
?????,????? ?????????,SWIFT,Avantgarde Firestar,90%,OK
?????,???????? 315,SWIFT,Aventura 315,95%,OK
?????,????? ????????,SWIFT,Alard Transtar,80%,OK
?????,?????,SWIFT,Alpine,95%,OK
?????,?????,SWIFT,Alouette,95%,OK
?????,?????????? ?3? 2008,SWIFT,Aristocrat T3A,85%,OK
?????,?????? ???? 215,SWIFT,Archway Royale 215,95%,OK
?????,?????? ???? 520,SWIFT,Archway Royale 520,95%,OK
?????,?????? ???????,SWIFT,Archway Woodford,95%,OK
?????,??????? ????? 525,SWIFT,Bessacarr Cameo 525,95%,OK
?????,????????? ?,SWIFT,Blakemere L,90%,OK
?????,?????????,SWIFT,Brightstar,95%,OK
?????,???,SWIFT,Vogue,95%,OK
?????,??? 420,SWIFT,GTS 420,95%,OK
?????,??? ???,SWIFT,GTS Vogue,95%,OK
?????,??? ??? 216,SWIFT,GTS Vogue 216,95%,OK
?????,?????? 460,SWIFT,Europa 460,95%,OK
?????,?????? 460 ??,SWIFT,Europa 460 SB,95%,OK
?????,?????? 495,SWIFT,Europa 495,95%,OK
?????,?????? 500 ??,SWIFT,Europa 500 EV,95%,OK
?????,?????????? 540,SWIFT,Expression 540,95%,OK
?????,????? ????? 554 ??,SWIFT,Eccles Sport 554 SR,95%,OK
?????,??????? 565,SWIFT,Eriskay 565,95%,OK
?????,???????? 315,SWIFT,Cardinal 315,95%,OK
?????,???????,SWIFT,Charisma,95%,OK
?????,??????? 220,SWIFT,Charisma 220,95%,OK
?????,??????? 230,SWIFT,Charisma 230,95%,OK
?????,??????? 550,SWIFT,Charisma 550,95%,OK
?????,??????,SWIFT,Classic,95%,OK
?????,????????,SWIFT,Colonsay,95%,OK
?????,????????? 580,SWIFT,Conqueror 580,95%,OK
?????,????????? 550 ????,SWIFT,Conqueror 550 Lux,95%,OK
?????,????????? 580 ???? ??,SWIFT,Conqueror 580 Lux SB,95%,OK
?????,????????? 630 ????,SWIFT,Conqueror 630 Lux,95%,OK
?????,??????,SWIFT,Corniche,95%,OK
?????,?????? 15 2,SWIFT,Corniche 15/2,95%,OK
?????,?????? 17 3,SWIFT,Corniche 17/3,95%,OK
?????,?????????? ?????,SWIFT,Countrywide Azura,95%,OK
?????,????? 6,SWIFT,Major 6,95%,OK
?????,???????????,SWIFT,Morningstar,95%,OK
?????,?????? 380 ???,SWIFT,Rapide 380 GXL,95%,OK
?????,???????? 199,SWIFT,Sandymere 199,90%,OK
?????,????? ?,SWIFT,Sapphire L,95%,OK
?????,??????? 16 2,SWIFT,Celeste 16/2,95%,OK
?????,??????? 2003,SWIFT,Celeste,90%,OK
?????,???????? 18 4,SWIFT,Signature 18/4,95%,OK
?????,??????,SWIFT,Silhouette,95%,OK
?????,???????? 418,SWIFT,Spectrum 418,95%,OK
?????,???????? 620,SWIFT,Spectrum 620,95%,OK
?????,??????,SWIFT,Sprite,95%,OK
?????,???????? ?????,SWIFT,Sterling Eccles,95%,OK
?????,?????,SWIFT,Tiree,95%,OK
?????,???????,SWIFT,Tristar,95%,OK
?????,?????? 520,SWIFT,Utopia 520,95%,OK
?????,??????? 390,SWIFT,Fairway 390,95%,OK
?????,??????? 490,SWIFT,Fairway 490,95%,OK
?????,???????,SWIFT,Hartwell,95%,OK
?????,????????? 490 ??,SWIFT,Challenger 490 SE,95%,OK
?????,????????? 450 ??,SWIFT,Challenger 450 SE,95%,OK
?????,????????? ?????,SWIFT,Challenger Sport,95%,OK
?????,????????? 400 ??,SWIFT,Challenger 400,95%,OK
?????,????????? 470 ??,SWIFT,Challenger 470,95%,OK
?????,????????? 480 ??,SWIFT,Challenger 480,95%,OK
?????,????????? 490 ?,SWIFT,Challenger 490,95%,OK
?????,????????? 390 2,SWIFT,Challenger 390,95%,OK
?????,????????? 470 2,SWIFT,Challenger 470,95%,OK
?????,????????? 550,SWIFT,Challenger 550,95%,OK
?????,????????? 490 5?,SWIFT,Challenger 490,95%,OK
?????,????????? 500,SWIFT,Challenger 500,95%,OK
?????,????????? 500 ??,SWIFT,Challenger 500,95%,OK
?????,????????? 520 ??,SWIFT,Challenger 520,95%,OK
?????,????????? 530??,SWIFT,Challenger 530,95%,OK
?????,????????? 540,SWIFT,Challenger 540,95%,OK
?????,???? ????,SUNRA,Miku Max,98%,OK
?????,????,SUNRA,Hawk,98%,OK
????? ????,???????,SUPER SOCO,Loadex,90%,OK
????? ????,?? ????????,SUPER SOCO,TC Wanderer,98%,OK
????? ????,??1,SUPER SOCO,TC1,95%,OK
????? ????,???,SUPER SOCO,TC Max,90%,OK
????? ????,???,SUPER SOCO,CPx,85%,OK
????? ????,???,SUPER SOCO,CUx,85%,OK
????? ????,???,SUPER SOCO,CUx,98%,OK
??? ???,???? ??,SUR-RON,Light Bee,98%,OK
??? ???,????? ???,SUR-RON,Ultra Bee,98%,OK
?????,???? ???,SUR-RON,Light Bee,98%,OK
?????,????? ???,SUR-RON,Storm Bee,98%,OK
?????,????? ???,SUR-RON,Ultra Bee,98%,OK
???,?? 00,SFM,GS 00,80%,OK
?? ????????,521 ?,SMALADIA,521 D,85%,OK
?? ????????,545 ?,SMALADIA,545 D,85%,OK
?????,?? ?,SCION,FR-S,98%,OK
???,1500,SCH,1500,OK,NEEDS_REVIEW
???,600,SCH,600,OK,NEEDS_REVIEW
??? ??????,? ????? ? 60 ??,SUN LIVING,A60 SP,95%,OK
??? ??????,???? ? 14,SUN LIVING,Lido S 14,95%,OK
??? ??????,? 72??,SUN LIVING,S 72DC,95%,OK
??? ??????,? ????? ? 70 ??,SUN LIVING,S70 SL,95%,OK
??? ???,1?1,SUN WAY,1L1,90%,OK
??? ???,1?1,SUN WAY,1P1,90%,OK
??? ???,2?1,SUN WAY,2L1,90%,OK
??? ???,???????,SUN WAY,Galaxy,90%,OK
????????,140,SUN ROLLER,140,90%,OK
????????,440?,SUN ROLLER,440T,90%,OK
????????,975,SUN ROLLER,975,90%,OK
??????,? ????,SUNSTO,A Max,80%,OK
??????,????? 50,SUNSTO,Canoe 50,80%,OK
??????,? 9,SUNSTO,R9,80%,OK
??????,????? 50,SUNSTO,Ceres 50,80%,OK
? ? ? ????????,??11,TIG TRAILERS,CZ11,80%,OK
? ? ? ????????,??11,TIG TRAILERS,CM11,80%,OK
? ? ? ????????,??21,TIG TRAILERS,CM21,80%,OK
? ? ? ????????,??11,TIG TRAILERS,CT11,80%,OK
???????,46.0 ?,TABBERT,460 A,90%,OK
??????,11512,TABBERT,11512,90%,OK
??????,10491,TABBERT,10491,90%,OK
??????,11,TABBERT,11,90%,OK
??????,12623,TABBERT,12623,90%,OK
??????,227 ?,TABBERT,227 E,90%,OK
??????,227623,TABBERT,227623,90%,OK
??????,23?,TABBERT,23T,90%,OK
??????,315563,TABBERT,315563,90%,OK
??????,3300?,TABBERT,3300H,90%,OK
??????,4.75,TABBERT,4.75,90%,OK
??????,4.9,TABBERT,4.9,90%,OK
??????,440,TABBERT,440,90%,OK
??????,4500,TABBERT,4500,90%,OK
??????,46.0 ?,TABBERT,460 A,90%,OK
??????,460 1,TABBERT,460,90%,OK
??????,470,TABBERT,470,90%,OK
??????,4700,TABBERT,4700,90%,OK
??????,490,TABBERT,490,90%,OK
??????,4901,TABBERT,4901,90%,OK
??????,515,TABBERT,515,90%,OK
??????,530,TABBERT,530,90%,OK
??????,5402,TABBERT,5402,90%,OK
??????,545,TABBERT,545,90%,OK
??????,5452,TABBERT,5452,90%,OK
??????,5500 ??,TABBERT,5500 TK,90%,OK
??????,560,TABBERT,560,90%,OK
??????,570,TABBERT,570,90%,OK
??????,590,TABBERT,590,90%,OK
??????,6303,TABBERT,6303,90%,OK
??????,650,TABBERT,650,90%,OK
??????,6694,TABBERT,6694,90%,OK
??????,???????? 620,TABBERT,Baronesse 620,95%,OK
??????,???????? 655,TABBERT,Baronesse 655,95%,OK
??????,???????? 660,TABBERT,Baronesse 660,95%,OK
??????,?????? 655,TABBERT,Bellini 655,95%,OK
??????,? 27,TABBERT,V27,90%,OK
??????,? 27 655,TABBERT,V27 655,90%,OK
??????,? 28,TABBERT,V28,90%,OK
??????,?24,TABBERT,V24,90%,OK
??????,?26,TABBERT,V26,90%,OK
??????,?26 ?????,TABBERT,V26 Verdi,95%,OK
??????,?27 ??????? 560,TABBERT,V27 Vivaldi 560,95%,OK
??????,?28570,TABBERT,V28 570,90%,OK
??????,?28620,TABBERT,V28 620,90%,OK
??????,?29,TABBERT,V29,90%,OK
??????,????? 620,TABBERT,Verdi 620,95%,OK
??????,???????,TABBERT,Vivaldi,95%,OK
??????,??????? 560,TABBERT,Vivaldi 560,95%,OK
??????,?? ????? 450 ??,TABBERT,Da Vinci 450 TD,95%,OK
??????,?? ????? 540 ??,TABBERT,Da Vinci 540 DM,95%,OK
??????,?? ????? 700,TABBERT,Da Vinci 700,95%,OK
??????,?????? 515,TABBERT,Jeunesse 515,95%,OK
??????,??????,TABBERT,Comtesse,95%,OK
??????,?????? 540,TABBERT,Comtesse 540,95%,OK
??????,??????? 600,TABBERT,Comtesse 600,95%,OK
??????,??????? 540??,TABBERT,Comtesse 540 TN,95%,OK
??????,??????? 620,TABBERT,Comtesse 620,95%,OK
??????,??????? 660,TABBERT,Comtesse 660,95%,OK
??????,?????? 400 ?,TABBERT,Cornet 400 L,95%,OK
??????,?2352,TABBERT,M2352,90%,OK
??????,??50,TABBERT,MT50,90%,OK
??????,??????? 6.9 ??,TABBERT,Princess 6.9 TM,95%,OK
??????,??????? 640,TABBERT,Princess 640,95%,OK
??????,??????? 680,TABBERT,Princess 680,95%,OK
??????,?????? 620,TABBERT,Puccini 620,95%,OK
??????,?????? 655 ??,TABBERT,Puccini 655 DF,95%,OK
??????,?????? 450,TABBERT,Rossini 450,95%,OK
??????,??? 320,T@B,320,95%,OK
??????,??? 400,T@B,400,95%,OK
???????,??????,TABBERT,Puccini,95%,OK
?????? ????,???,TADANO FAUN,ATF,98%,OK
??????,????,TAZZARI,Zero,98%,OK
???? ?????? ???,?????? 125 ??8,TGB,Corona 125,95%,OK
?????,????,TAILG,Ling,90%,OK
?????,?????,TAILG,Wilis,90%,OK
???????,?? 20?03 2,TAIHONG,CL 20N03 2,80%,OK
?????? ??????,?? 125 ? --15,ZNEN,ZN125T-15,95%,OK
???,???3000,TAI,TAI3000,OK,NEEDS_REVIEW
??????,??1,TGB,BH1,90%,OK
??????,?????? ???,TGB,Golden Bee,95%,OK
?????? ?????? ???,???? 25 ??,TGB,Sky 25 II,95%,OK
?????? ?????? ???,???,TGB,FBE,95%,OK
?????,? 380,TAIGA,C 380,85%,OK
????,?250,TAYO,R250,90%,OK
???,???,TAC,TAC,OK,NEEDS_REVIEW
???????,?21,TALARACK,A21,OK,NEEDS_REVIEW
???????,??????,TALARIA,Komodo,98%,OK
???????,?????,TALARIA,Sting,98%,OK
???????,????? ???,TALARIA,Sting Pro,98%,OK
???????,??2500,TALARIA,TL2500,98%,OK
???????,??3000 ?????,TALARIA,TL3000 Sting,98%,OK
???????,??4000 ?????,TALARIA,TL4000 Sting,98%,OK
???????,???,TALARIA,XXX,98%,OK
?????,?? ?? 2030,THALER,KE SP 2030,90%,OK
???,150?11,TAM,150 T11,98%,OK
???????,?????? 6000?,TAMHART,Monsoon 6000E,80%,OK
????,????,TANG,Karl,OK,NEEDS_REVIEW
????,???????? 2000 ??,TANO,Easywagon 2000 GI,85%,OK
????,?4?,TANO,T4A,85%,OK
????,?4?,TANO,T4B,85%,OK
????,?5?,TANO,T5A,85%,OK
????,207,TATA,207,98%,OK
????,207 ???,TATA,207,95%,OK
????,????,TATA,Aria,98%,OK
????,?????,TATA,Vista,98%,OK
????,??????,TATA,Indigo,98%,OK
????,??????,TATA,Indica,98%,OK
????,??????,TATA,Xenon,98%,OK
????,??? ??? 1 ?? ? ??????,TATA,Safari,90%,OK
????,?????? ??,TATA,Safari,95%,OK
????,?????????,TATA,Telcoline,98%,OK
?????,813,TATRA,813,99%,OK
?????,815,TATRA,815,99%,OK
??????,?????,TAURIS,Brisa,95%,OK
??????,?? 50 ??,TAURIS,IX 50 QT,90%,OK
??????,?????? 50,TAURIS,Cubana 50,95%,OK
??????,????? 125 4 ?,TAURIS,Capri 125,95%,OK
??????,?????? 50 2?,TAURIS,Cubana 50,95%,OK
??????,????? 50,TAURIS,Samba 50,95%,OK
??????,?????? 50,TAURIS,Freccia 50,95%,OK
??????,????? 50,TAURIS,Fuego 50,95%,OK
??????,?1,TAURUS,X1,80%,OK
??????,?2,TAURUS,X2,80%,OK
??????,?3,TAURUS,X3,80%,OK
????,? ???? 30 100,TAHO,T Mini 30 100,80%,OK
???,101? 125,TGB,101R 125,98%,OK
???,?,TGB,B,80%,OK
???,???????? 300,TGB,Bellavita 300,98%,OK
???,????? 100 ?? ??? ???,TGB,Blade 1000 FL EPS,95%,OK
???,????? 250,TGB,Blade 250,98%,OK
???,????? 425,TGB,Blade 425,98%,OK
???,????? 500 4?4 ???,TGB,Blade 500,98%,OK
???,????? 550 ??? 4?4 ???,TGB,Blade 550 EFI,98%,OK
???,????? 550 ??,TGB,Blade 550 LT,98%,OK
???,?? 1,TGB,BM1,95%,OK
???,?? 1,TGB,BR1,95%,OK
???,?????,TGB,Bullet,98%,OK
???,?? 1,TGB,BH1,95%,OK
???,????? 550,TGB,Gunner 550,98%,OK
???,???,TGB,EST,85%,OK
???,?????,TGB,Laser,98%,OK
???,? 50 ?,TGB,R50X,98%,OK
???,?????? ??????? 25,TGB,Rapido Rivolta 25,98%,OK
???,????,TGB,Tapo,98%,OK
???,???,TGB,FBE,95%,OK
???,???_,TGB,FCC,85%,OK
???,??????? 125,TGB,X-Motion 125,95%,OK
???,????,TGB,Hawk,90%,OK
??,500,TEMA,500,OK,NEEDS_REVIEW
???,340 ?,TEC,340 T,90%,OK
???,360,TEC,360,90%,OK
???,390 ?,TEC,390 T,90%,OK
???,450?1,TEC,450 K1,90%,OK
???,490? 1,TEC,490 K1,90%,OK
???,??????????,TEC,Weltbummler,95%,OK
???,???,TEC,RMR,80%,OK
???,? 12,TEC,T12,85%,OK
???,?9,TEC,T9,85%,OK
???,?? 5,TEC,TD 5,85%,OK
???,?? 6,TEC,TD 6,85%,OK
???,?? 450 ?,TEC,TE 450 K,90%,OK
???,?? 450 ?1,TEC,TE 450 P1,90%,OK
???,?? 450 ?2,TEC,TE 450 P2,90%,OK
???,?? 530 ?,TEC,TE 530 K,90%,OK
???,?? 2,TEC,TM 2,85%,OK
???,??3,TEC,TM 3,85%,OK
???,?????? ????,TEC,Travel King,95%,OK
???,?????? ???? 690 ???,TEC,Travel King 690 TKM,95%,OK
???,?????????? 490 ??,TEC,Travelbird 490 GK,95%,OK
???,??2,TEC,TT2,85%,OK
???,??? 485 ??,TEC,Tour 485 TR,90%,OK
???,?? 2,TEC,TC 2,85%,OK
???,?? 3,TEC,TC 3,85%,OK
???,?? 4 ?,TEC,TC 4 A,85%,OK
???,?????? 628 ?,TEC,FreeTEC 628 G,95%,OK
??? ??,????3?,TEC-CO,TCDC3A,OK,NEEDS_REVIEW
?????,?? 2050 ?,TECNO,HP 2050 V,OK,NEEDS_REVIEW
????????,? 3 ?? 38 ????? ??? 6,TECNOCAR,T3 SP 38 Super Top 6,90%,OK
????????,?3?,TECNOCAR,T3P,90%,OK
???,??????125,TELL,Zahara 125,95%,OK
???,?????? 125,TELL,Logik 125,95%,OK
???????,??4000???,TELSTAR,AN4000DCP,90%,OK
???????,?? ?,TELSTAR,KX K,85%,OK
???????,??60?,TELSTAR,LC60C,85%,OK
???????,??72?,TELSTAR,LC72A,85%,OK
???????,??72?,TELSTAR,LC72C,85%,OK
???????,??72,TELSTAR,NL72,85%,OK
????,1,TEMA,1,85%,OK
????,23602??,TEMA,23602SE,85%,OK
????,23605 ? ?,TEMA,23605 S E,85%,OK
????,3,TEMA,3,85%,OK
????,5,TEMA,5,85%,OK
????,6,TEMA,6,85%,OK
????,????,TEMA,Box,90%,OK
????,??? 14,TEMA,ZGV 14,85%,OK
????,???,TEMA,Car,90%,OK
????,????,TEMA,Moto,90%,OK
????,????????,TEMA,Platform,90%,OK
???????,1,TEMARED,1,85%,OK
???????,3,TEMARED,3,85%,OK
???????,4,TEMARED,4,85%,OK
???????,8,TEMARED,8,85%,OK
???????,9,TEMARED,9,85%,OK
???????,?,TEMARED,B,85%,OK
???????,?,TEMARED,V,85%,OK
??????,?? 254117,TEMPUS,HL 254117,80%,OK
?????,???????,TEMSA,Maraton,95%,OK
?????,?? 9,TEMSA,MD 9,95%,OK
?????,?? 9 ??,TEMSA,MD 9 LE,95%,OK
?????,?? 9 ?,TEMSA,MD 9 C,95%,OK
?????,?????? 9,TEMSA,Opalin 9,95%,OK
?????,???????,TEMSA,Prestij,95%,OK
?????,??????,TEMSA,Safari,95%,OK
?????,?????? ??,TEMSA,Safari HD,95%,OK
?????,?????,TEMSA,Safir,95%,OK
?????,???????? ???? 12,TEMSA,Tourmalin Light 12,95%,OK
?????,?? 12,TEMSA,HD 12,95%,OK
?????,?? 13,TEMSA,HD 13,95%,OK
?????,??? 45 ?,TEMSA,HNJ 45 L,80%,OK
??? ????,??? 46,TEN KATE,TCO 46,85%,OK
??????,?35,TENAX,C35,95%,OK
???? ???????,????50,TERA MOTORRAD,ZNBG50,80%,OK
???????,??222,TERBERG,YT222,95%,OK
???????,? 2000,TERBERG,F2000,90%,OK
???????,?? 1950 ??,TERBERG,FM1950 HI,90%,OK
??????,?? 35,TEREX,AC 35,95%,OK
??????,??40 2,TEREX,AC 40-2,95%,OK
???,415,TES,415,80%,OK
?????,85?,TESLA,Model S 85,95%,OK
?????,????? 3,TESLA,Model 3,99%,OK
?????,????? ?,TESLA,Model Y,99%,OK
?????,????? ?,TESLA,Model S,99%,OK
?????,????? ? ?????,TESLA,Model S Plaid,99%,OK
?????,????? ?,TESLA,Model X,99%,OK
?????,????? ? ???,TESLA,Model X,99%,OK
?????,? 70 ?,TESLA,Model S 70D,95%,OK
?????,? 85 ??,TESLA,Model S P85D,95%,OK
?????,? 85 ?,TESLA,Model S P85,95%,OK
?????,??????????,TESLA,Cybertruck,99%,OK
??????,21 ??,TEUPEN,21 VX,90%,OK
??????,??,TEUPEN,VX,90%,OK
???????,??? 450,TEHNIKA,AZP 450,80%,OK
???????,??? 450,TEHNIKA,ALP 450,80%,OK
???????,??? 460 ?,TEHNIKA,ATP 460 B,80%,OK
???????,??? 690,TEHNIKA,ATP 690,80%,OK
???????,???330?,TEHNIKA,ATP 330A,80%,OK
?????,?? 1600,TESCHAU,KB 1600,90%,OK
?????,?? 2700,TESCHAU,TA 2700,90%,OK
?????,??? 4500,TESCHAU,TAX 4500,90%,OK
?????,?? 700,TESCHAU,TB 700,90%,OK
????,??? ????? ??? ? ?,TIAB,BRP Spark One CG,85%,OK
????,21,TIAG,21,80%,OK
???? ???,?????,TIANJIN,Huali,95%,OK
???????,??50?? 19?,TIANYING,TY50QT-19D,95%,OK
???????,??50?? ?,TIANYING,TY50QT-C,95%,OK
??????,?? 12000,TIJHOF,TA 12000,95%,OK
??????,?? 20 ??,TIJHOF,TA 20 AL,95%,OK
??????,?? 20 ?,TIJHOF,TA 20 L,95%,OK
??????,?? 30 ???,TIJHOF,TA 30 ANN,95%,OK
??????,??? 20,TIJHOF,TAS 20,95%,OK
????,??750 ?,TIKI TREILER,JS750 R,95%,OK
????,??300 ??,TIKI TREILER,CP300-RB,95%,OK
????,??480 ???,TIKI TREILER,CP480-DRB,95%,OK
????,??250 ???,TIKI TREILER,TP250-DRB,95%,OK
????,??300 ? ????,TIKI TREILER,CP300-R Drop,95%,OK
???? ???????,? 1,TIKI TREILER,C1,95%,OK
???,??50?? 6,TYM,TY50QT-6,OK,NEEDS_REVIEW
?????????,?? 280 ????,TIMBERWOLF,TW 280TDHB,95%,OK
?????,350 ??,TIMIS,350 AE,OK,NEEDS_REVIEW
?????? ???????,?????? 4?,TIRKON,4A,85%,OK
??????,?? 300,TISONG,TM 300,90%,OK
?????,1140,TISSE,1140,OK,NEEDS_REVIEW
????? ? ????,??????? 6.0,TISTO,Sunshine 6.0,95%,OK
????? ??????,?20,TITAN JELSUM,V20,95%,OK
????? ??????,?27,TITAN JELSUM,V27,95%,OK
??????,???,TITZEL,ZSB,90%,OK
??????,?? 2000,TIHECO,AT 2000,90%,OK
?? ???????,?? 500,TK TRAILER,BT 500,95%,OK
?? ???????,?? 650,TK TRAILER,BT 650,95%,OK
?? ???????,300 ? ??,TM RACING,EN 300,90%,OK
?? ???????,450 4,TM RACING,450 4T,90%,OK
???????,?? 20,TOENIES,KR 20,85%,OK
??????,1.6 ??,TOYOTA,DX,85%,OK
??????,4 ?????,TOYOTA,4Runner,99%,OK
??????,4????? 4??,TOYOTA,4Runner,99%,OK
??????,86,TOYOTA,86,99%,OK
??????,86 ??,TOYOTA,86 GT,99%,OK
??????,??????,TOYOTA,Avalon,99%,OK
??????,???????,TOYOTA,Avensis,99%,OK
??????,??????? 1.6,TOYOTA,Avensis,99%,OK
??????,??????? 1.6 ??? ?,TOYOTA,Avensis,99%,OK
??????,??????? 1.6 ?,TOYOTA,Avensis,99%,OK
??????,??????? 1.8,TOYOTA,Avensis,99%,OK
??????,??????? 1.8 ??? ?,TOYOTA,Avensis,99%,OK
??????,??????? 1.8 ?,TOYOTA,Avensis,99%,OK
??????,??????? 2.0 ? 4,TOYOTA,Avensis,99%,OK
??????,??????? 2.0 ? 4 ?,TOYOTA,Avensis,99%,OK
??????,??????? 2.0 ? 4 ? 126,TOYOTA,Avensis,99%,OK
??????,??????? 2.0 ??,TOYOTA,Avensis,99%,OK
??????,??????? 2.0 ?,TOYOTA,Avensis,99%,OK
??????,??????? 2.0 ??,TOYOTA,Avensis,99%,OK
??????,??????? 2.2 ? 4 ?,TOYOTA,Avensis,99%,OK
??????,??????? ?????,TOYOTA,Avensis Verso,99%,OK
??????,??????? ?4,TOYOTA,Avensis,99%,OK
??????,????,TOYOTA,Aygo,99%,OK
??????,???? 1.0 ?,TOYOTA,Aygo,99%,OK
??????,???? ?,TOYOTA,Aygo X,99%,OK
??????,??????,TOYOTA,Alphard,99%,OK
??????,??????,TOYOTA,Aristo,99%,OK
??????,?????,TOYOTA,Auris,99%,OK
??????,????? 1.4 ? 4 ?,TOYOTA,Auris,99%,OK
??????,????? 1.4 ?,TOYOTA,Auris,99%,OK
??????,????? 1.6 ?,TOYOTA,Auris,99%,OK
??????,????? 2.0 ? 4 ?,TOYOTA,Auris,99%,OK
??????,??4?,TOYOTA,bZ4X,99%,OK
??????,??4? ??????,TOYOTA,bZ4X,99%,OK
??????,?????,TOYOTA,Venza,99%,OK
??????,?????,TOYOTA,Verso,99%,OK
??????,????? ?,TOYOTA,Verso-S,99%,OK
??????,????,TOYOTA,Vitz,99%,OK
??????,?? 86,TOYOTA,GR86,99%,OK
??????,?? ????,TOYOTA,GR Yaris,99%,OK
??????,????? ?????????,TOYOTA,Grand Highlander,99%,OK
??????,??86 ?-4?,TOYOTA,GT86,99%,OK
??????,????? 100,TOYOTA,Dyna 100,99%,OK
??????,????? 150,TOYOTA,Dyna 150,99%,OK
??????,????,TOYOTA,Dyna,99%,OK
??????,???,TOYOTA,Echo,99%,OK
??????,??????,TOYOTA,Estima,99%,OK
??????,??,TOYOTA,iQ,99%,OK
??????,????,TOYOTA,Cami,99%,OK
??????,?????,TOYOTA,Camry,99%,OK
??????,??????,TOYOTA,Carina,99%,OK
??????,??????,TOYOTA,Corolla,99%,OK
??????,?????? 1.3 ?,TOYOTA,Corolla,99%,OK
??????,?????? 1.4 ?,TOYOTA,Corolla,99%,OK
??????,?????? 1.4 ??,TOYOTA,Corolla,99%,OK
??????,?????? 1.6 ?,TOYOTA,Corolla,99%,OK
??????,?????? 2.0 ? 4 ?,TOYOTA,Corolla,99%,OK
??????,?????? ?????,TOYOTA,Corolla Verso,99%,OK
??????,?????? ????? 1.6 ?,TOYOTA,Corolla Verso,99%,OK
??????,?????? ????? 1.8 ?,TOYOTA,Corolla Verso,99%,OK
??????,?????? ????? 2.0 ??,TOYOTA,Corolla Verso,99%,OK
??????,?????? ????? 2.2 ? 4 ?,TOYOTA,Corolla Verso,99%,OK
??????,?????? ??,TOYOTA,Corolla iM,99%,OK
??????,?????? ????,TOYOTA,Corolla Cross,99%,OK
??????,??????,TOYOTA,Corona,98%,OK
??????,?????,TOYOTA,Crown,98%,OK
??????,???????,TOYOTA,Land Cruiser,90%,OK
??????,???? ????,TOYOTA,Land Cruiser,OK,NEEDS_REVIEW
??????,???? ?????? 120 ?????,TOYOTA,Land Cruiser 120,98%,OK
??????,???? ?????? 150 ?????,TOYOTA,Land Cruiser 150,98%,OK
??????,???? ?????? 150 ?????,TOYOTA,Land Cruiser 150,98%,OK
??????,???? ?????? 200 ?????,TOYOTA,Land Cruiser 200,98%,OK
??????,???? ???????,TOYOTA,Land Cruiser,98%,OK
??????,???? ??????? 120,TOYOTA,Land Cruiser 120,98%,OK
??????,???? ??????? 120 3.0 ? 4 ?,TOYOTA,Land Cruiser 120,98%,OK
??????,???? ??????? 150,TOYOTA,Land Cruiser 150,98%,OK
??????,???? ??????? 200,TOYOTA,Land Cruiser 200,98%,OK
??????,???? ??????? 300 ?????,TOYOTA,Land Cruiser 300,98%,OK
??????,???? ??????? 4.2 ??,TOYOTA,Land Cruiser,95%,OK
??????,???? ??????? ????? ?? ?? ?,TOYOTA,Land Cruiser Colorado,90%,OK
??????,???? ??????? ???????? ?? ??,TOYOTA,Land Cruiser Colorado,95%,OK
??????,???? ??????? ?????,TOYOTA,Land Cruiser Prado,98%,OK
??????,???? ??????? 3.0 ??,TOYOTA,Land Cruiser,98%,OK
??????,???? ??????? 3.4 ?,TOYOTA,Land Cruiser,98%,OK
??????,???? ??????? 4.7 ?,TOYOTA,Land Cruiser,98%,OK
??????,??????,LEXUS,Lexus,OK,NEEDS_REVIEW
??????,???? ?????? ? 8,TOYOTA,Land Cruiser V8,98%,OK
??????,??70,TOYOTA,LJ70,95%,OK
??????,???????,TOYOTA,Matrix,98%,OK
??????,???????????,TOYOTA,Mega Cruiser,98%,OK
??????,?????,TOYOTA,Mirai,98%,OK
??????,?? 2,TOYOTA,MR2,98%,OK
??????,?? 2 1.8,TOYOTA,MR2,98%,OK
??????,?????,TOYOTA,Paseo,98%,OK
??????,??????,TOYOTA,Picnic,98%,OK
??????,??????,TOYOTA,Previa,98%,OK
??????,?????? 2.0,TOYOTA,Previa,98%,OK
??????,?????,TOYOTA,Prius,98%,OK
??????,????? ???? ?? ??????,TOYOTA,Prius Plug-in Hybrid,98%,OK
??????,????? ????,TOYOTA,Prius+,98%,OK
??????,????? ?????,TOYOTA,Prius Prime,98%,OK
??????,????? ???,TOYOTA,Prius PHV,98%,OK
??????,????? ????,TOYOTA,Prius PHEV,98%,OK
??????,????? ?,TOYOTA,Prius C,98%,OK
??????,??????,TOYOTA,Proace,98%,OK
??????,?????? ?????,TOYOTA,Proace Verso,98%,OK
??????,?????? ????,TOYOTA,Proace Max,98%,OK
??????,?????? ????,TOYOTA,Proace City,98%,OK
??????,?????? ???? ?????,TOYOTA,Proace City Verso,98%,OK
??????,?????? ???? ????? ????????,TOYOTA,Proace City Verso Electric,98%,OK
??????,?????? ???? ????????,TOYOTA,Proace City Electric,98%,OK
??????,??? 4,TOYOTA,RAV4,98%,OK
??????,??? 4 2.0 ????,TOYOTA,RAV4,98%,OK
??????,??? 4 2.0 ?4?,TOYOTA,RAV4,98%,OK
??????,??? 4 2.0 ?,TOYOTA,RAV4,98%,OK
??????,??? 4 2.0 ??,TOYOTA,RAV4,98%,OK
??????,??? 4 2.2 ? 4 ?,TOYOTA,RAV4,98%,OK
??????,???4 ??????,TOYOTA,RAV4 Hybrid,98%,OK
??????,?????,TOYOTA,4Runner,95%,OK
??????,???,TOYOTA,Rush,98%,OK
??????,??????,TOYOTA,Sequoia,98%,OK
??????,??????,TOYOTA,Celica,98%,OK
??????,?????? 1.8 ?,TOYOTA,Celica,98%,OK
??????,?????? 2000,TOYOTA,Celica,98%,OK
??????,???????,TOYOTA,Century,98%,OK
??????,?????,TOYOTA,Sienna,98%,OK
??????,????? ???,TOYOTA,Sienna,98%,OK
??????,????,TOYOTA,Scion,85%,OK
??????,??????,TOYOTA,Soarer,98%,OK
??????,?????????,TOYOTA,Sportsvan,90%,OK
??????,????????,TOYOTA,Sprinter,98%,OK
??????,???????,TOYOTA,Starlet,98%,OK
??????,?????,TOYOTA,Supra,98%,OK
??????,????? ??,TOYOTA,Scion iQ,98%,OK
??????,????? ??,TOYOTA,Scion tC,98%,OK
??????,??????,TOYOTA,Tacoma,98%,OK
??????,??????,TOYOTA,Tercel,98%,OK
??????,??????,TOYOTA,Tundra,98%,OK
??????,?????? 4??,TOYOTA,Tundra,98%,OK
??????,?????? ????????,TOYOTA,Tundra,98%,OK
??????,?????? ??????,TOYOTA,Tundra Hybrid,98%,OK
??????,????? ??????,TOYOTA,Urban Cruiser,98%,OK
??????,??? ???????,TOYOTA,FJ Cruiser,98%,OK
??????,?? ???????,TOYOTA,FJ Cruiser,98%,OK
??????,????????,TOYOTA,Fortuner,98%,OK
??????,???????,TOYOTA,4Runner,98%,OK
??????,??? ???,TOYOTA,Hiace,98%,OK
??????,??? ??? 2.4 ?,TOYOTA,Hiace,98%,OK
??????,??? ??? 2.5 ??,TOYOTA,Hiace,98%,OK
??????,??? ???? 2.4 ?,TOYOTA,Hilux,98%,OK
??????,??? ???? 2000,TOYOTA,Hilux,98%,OK
??????,??? ???? 4 ??,TOYOTA,Hilux,98%,OK
??????,??????,TOYOTA,Hiace,98%,OK
??????,?????????,TOYOTA,Highlander,98%,OK
??????,????????? ???,TOYOTA,Highlander,98%,OK
??????,????????? ?????? ???????,TOYOTA,Highlander Hybrid,98%,OK
??????,???????,TOYOTA,Hilux,98%,OK
??????,??????? 2.4 ??,TOYOTA,Hilux,98%,OK
??????,??????? 2.5 ? 4 ?,TOYOTA,Hilux,98%,OK
??????,??????? 2.5 ??,TOYOTA,Hilux,98%,OK
??????,??????? ?? 2.5 ? 4? 4??,TOYOTA,Hilux,98%,OK
??????,??????,TOYOTA,Harrier,98%,OK
??????,??????,TOYOTA,Hilux,98%,OK
??????,? ??,TOYOTA,C-HR,98%,OK
??????,??? ???106,TOYOTA,CBA-ZNE10G,OK,NEEDS_REVIEW
??????,????????? 3.0 ?? 3? ???,TOYOTA,Challenger,OK,NEEDS_REVIEW
??????,????? ??????,TOYOTA,Urban Cruiser,98%,OK
??????,????? ???????,TOYOTA,Urban Cruiser,98%,OK
??????,????,TOYOTA,Yaris,98%,OK
??????,???? 1.0 ????,TOYOTA,Yaris,98%,OK
??????,???? 1.0 ?,TOYOTA,Yaris,98%,OK
??????,???? 1.3,TOYOTA,Yaris,98%,OK
??????,???? 1.3 ?? 9,TOYOTA,Yaris,98%,OK
??????,???? 1.4 ?,TOYOTA,Yaris,98%,OK
??????,???? 1.4 ? 4 ?,TOYOTA,Yaris,98%,OK
??????,???? 1.5,TOYOTA,Yaris,98%,OK
??????,???? 1.8 ??,TOYOTA,Yaris,98%,OK
??????,???? ?????,TOYOTA,Yaris Verso,98%,OK
??????,???? ????? 1.3 ?,TOYOTA,Yaris Verso,98%,OK
??????,???? ????,TOYOTA,Yaris Cross,98%,OK
??????,???? ??????,TOYOTA,Yaris Hybrid,98%,OK
??????,?? 18 ?,TOJPEN,TL 18 X,85%,OK
?????,??0,THOMAS,TT0,90%,OK
?????,??3,THOMAS,TT3,90%,OK
?????,?3,TOMOS,A3,98%,OK
?????,?35-???,TOMOS,A35-HDA,98%,OK
?????,??????? ?? 45,TOMOS,Revival TS 45,98%,OK
?????,????? ?,TOMOS,Youngst R,98%,OK
???????,?1800,TOMPLAN,T1800,95%,OK
???????,?3500?,TOMPLAN,T3500T,95%,OK
?????,???????????,TONKA,Verkoopwagen,85%,OK
???,?750 ??,TOP,T750 UG,90%,OK
???,???,TOP,TTV,90%,OK
??? ???????,?7512,TOP TRAILER,T7512,95%,OK
?????????,??3,TORBARINA,TB3,95%,OK
??????,?? 350.01 2,TORGAU,HP 350.01/2,95%,OK
????,?? 650,TORN,TP 650,90%,OK
?????,?????,TOFAS,Dogan,98%,OK
???,?????,TPV,Amigo,98%,OK
???,????? ?,TPV,Amigo A,98%,OK
???,??,TPV,BA,98%,OK
???,?? 732035,TPV,BA 7320/35,95%,OK
???,??5917 20,TPV,BA5917/20,95%,OK
???,??,TPV,EB,98%,OK
???,??2412 130,TPV,EB2412/130,95%,OK
???,??? ? ?????,TPV,EBK,80%,OK
???,??,TPV,EU,98%,OK
???,?? 2010 75,TPV,EU 2010/75,95%,OK
???,?? 2412 75,TPV,EU 2412/75,95%,OK
???,??1310 75,TPV,EU1310/75,95%,OK
???,??2414 75,TPV,EU2414/75,95%,OK
???,??2011 75,TPV,KU2011/75,95%,OK
???,?? 2,TPV,MA 2,95%,OK
???,?? 201075,TPV,MU 2010/75,95%,OK
???,? 0 450,TPV,C0 450,90%,OK
???,? 0 750,TPV,C0 750,90%,OK
???,???,TPV,SKU,95%,OK
???,???,TPV,TBH,95%,OK
???,??? 4520 27,TPV,TBH 4520/27,95%,OK
???,???402027,TPV,TBH 4020/27,95%,OK
???,?31 1,TPV,C31.1,90%,OK
???????,1.1 ????????,TRABANT,1.1 Limousine,98%,OK
???????,1.1 ? ?????,TRABANT,1.1 Universal,95%,OK
???????,601,TRABANT,601,98%,OK
????? ????,? ?????,TRAIL-LITE,R-Vision,90%,OK
????????,?? 418,TRAILEX,TX 418,95%,OK
??????? ??????????,2000 ?????? ??????,TRAILER ENGINEERING,2000 Highway Bowser,90%,OK
???????? ????,??? ???,TRAILERS MOTO,Four One,80%,OK
??????????????,??? 750,TRAILERS IMACAR,SMO 750,90%,OK
?????????,???170,TRAILSTAR,Pro 170,95%,OK
??????,?? 190,TRACKER,PT 190,95%,OK
??????,?? 1727,TRACON,TO 1727,95%,OK
??????,?????? ?? 3,TRACON,TO 3,95%,OK
?????????,??????????? 110,TRANESLÄPET,110,95%,OK
???????????,?? 08?? 2 01,TRANSPORTER,DT 08RC 2 01,80%,OK
?????????,???,TRAUTWEIN,PAO,95%,OK
????????,?? 2000,TREBINER,AT 2000,95%,OK
????????,?? 2030-18,TREBINER,TP 2030-18,95%,OK
????????,??2 ?? 13.25 16,TREBINER,FA2 LR 13.25 16,95%,OK
????????,?? 2500,TREBINER,HL 2500,95%,OK
????????,?? 401 01 06,TREBINER,HP 401.01/06,95%,OK
???????,??????,TRAILER,Escort,90%,OK
???????,??? 500,TRAILER,MTF 500,90%,OK
???????,?????????,TRAILER,Navigator,90%,OK
???????,? 612 ??,TRAILER,S 612 SA,90%,OK
???????,??? 1000,TRAILER,SMF 1000,90%,OK
???????,?34,TRAILER,T34,90%,OK
???????,??????? ??? 0534 ? 3,TRAILOR,VFN 0534 M3,95%,OK
???????,??????? ? 243 ????,TRAILOR,R 243 ELIL,95%,OK
???????,??????? ??? 2 ??,TRAILOR,CII 2 CX,95%,OK
???????,???????,SHORELAND'R,ShoreLand'r,95%,OK
??????? ??????,????,TRAILER EUROPA,Alfa,95%,OK
??????? ??????,???? ?? 1,TRAILER EUROPA,Alfa UN 1,95%,OK
??????? ??????,???? ???,TRAILER EUROPA,Alfa Uni,95%,OK
??????,?50,TRELGO,T50,98%,OK
????????,?2?,TRENDEX,D2C,90%,OK
???????? ????,????????,TRENDEX GROUP,Trendex,90%,OK
???????,11 ?? ?????? 115,TRIGANO,11 ND Chassis 115,95%,OK
???????,4 ?,TRIGANO,4T,95%,OK
???????,5??,TRIGANO,5LS,95%,OK
???????,????????? ????? ?,TRIGANO,Autoroller Garage P,95%,OK
???????,?????? ??? ?? 650,TRIGANO,Galeon STD AF 650,95%,OK
???????,??????? 40,TRIGANO,Genesis 40,95%,OK
???????,??? ?? 13,TRIGANO,Duo PM 13,95%,OK
???????,?????,TRIGANO,Jamet,90%,OK
???????,????? ???????,TRIGANO,Jamet Montana,90%,OK
???????,?????????,TRIGANO,Industrie,85%,OK
???????,??????????? 2000,TRIGANO,Inexpensive 2000,80%,OK
???????,?????? 100 2?50,TRIGANO,Intens 100 2M50,80%,OK
???????,???,TRIGANO,Mdc,80%,OK
???????,???? ??,TRIGANO,Mono PM,80%,OK
???????,??? 1510,TRIGANO,Nlc 1510,80%,OK
???????,??? 250,TRIGANO,Nfb 250,80%,OK
???????,??? 2530,TRIGANO,Nfb 2530,80%,OK
???????,?????? 707 ??????,TRIGANO,Pegaso 707 Living,90%,OK
???????,??1,TRIGANO,Pm1,80%,OK
???????,??2 ???????,TRIGANO,PM2 Norauto,85%,OK
???????,???2,TRIGANO,Pmx2,80%,OK
???????,??????? 100 2?30,TRIGANO,Regular 100 2M30,80%,OK
???????,??????? 200 2?00,TRIGANO,Regular 200 2M00,80%,OK
???????,????????,TRIGANO,Ranger,85%,OK
???????,??????? 55?,TRIGANO,Riviera 55P,90%,OK
???????,??????? 85,TRIGANO,Riviera 85,90%,OK
???????,????? 200,TRIGANO,Roady 200,85%,OK
???????,????????? ????? 42,TRIGANO,Sterckeman Alize 42,90%,OK
???????,? 1510,TRIGANO,T 1510,80%,OK
???????,??-???? ?????? ?,TRIGANO,T-Line Garage S,90%,OK
???????,????? ?????????,TRIGANO,Chassis Universel,80%,OK
???????,???????,TRIGANO,Chantilly,90%,OK
???????,?????? ??,TRINITY,Uranus RS,95%,OK
?????,???????,TRITO,Trailer,OK,NEEDS_REVIEW
??????,???? ???,TRITON,Jet Ski,85%,OK
??????,??,TRITON,LT,85%,OK
??????,??????,TRITON,Ltvcii,OK,NEEDS_REVIEW
??????,?? 250,TRITON,SP 250,85%,OK
??????,??????? ???,TRITON,Trailer HTV,80%,OK
??????,??300,TRITON,Fu300,80%,OK
??????,1200 ?????,TRIUMPH,Trophy 1200,95%,OK
??????,??????????,TRIUMPH,Adventurer,95%,OK
??????,???????,TRIUMPH,America,95%,OK
??????,??? 250 ??,TRIUMPH,BDG 250 SL,95%,OK
??????,????? ???,TRIUMPH,Bobber TFC,95%,OK
??????,???????,TRIUMPH,Bonneville,95%,OK
??????,??????? 865,TRIUMPH,Bonneville 865,95%,OK
??????,??????? ???????,TRIUMPH,Bonneville America,95%,OK
??????,??????? ?????,TRIUMPH,Bonneville Bobber,95%,OK
??????,??????? ???????????,TRIUMPH,Bonneville Speedmaster,95%,OK
??????,??????? ?100,TRIUMPH,Bonneville T100,95%,OK
??????,??????? ?120,TRIUMPH,Bonneville T120,95%,OK
??????,??????? ?120 ????,TRIUMPH,Bonneville T120 Black,95%,OK
??????,???????,TRIUMPH,Daytona,95%,OK
??????,??????? 675,TRIUMPH,Daytona 675,95%,OK
??????,????????? 1200 ??,TRIUMPH,Tiger Explorer 1200 XC,95%,OK
??????,????????? ???,TRIUMPH,Tiger Explorer XCX,95%,OK
??????,????? 111 ????????,TRIUMPH,Rocket III Roadster,95%,OK
??????,????? 3,TRIUMPH,Rocket 3,95%,OK
??????,????? 3 ??,TRIUMPH,Rocket 3 GT,95%,OK
??????,????? 3 ?,TRIUMPH,Rocket 3 R,95%,OK
??????,????? 3 ????? ??,TRIUMPH,Rocket 3 Storm GT,95%,OK
??????,????? 3 ????? ?,TRIUMPH,Rocket 3 Storm R,95%,OK
??????,????? 3 ??????,TRIUMPH,Rocket 3 Touring,95%,OK
??????,????? ??????,TRIUMPH,Rocket Classic,95%,OK
??????,????????? 1200 ??,TRIUMPH,Scrambler 1200 XE,95%,OK
??????,????????? 400?,TRIUMPH,Scrambler 400X,95%,OK
??????,????????? 1200 ?,TRIUMPH,Scrambler 1200 X,95%,OK
??????,????????? 900,TRIUMPH,Scrambler 900,95%,OK
??????,????? 400,TRIUMPH,Speed 400,95%,OK
??????,????? ??????,TRIUMPH,Speed Triple,95%,OK
??????,????? ?????? 1200 ??,TRIUMPH,Speed Triple 1200 RR,95%,OK
??????,????? ?????? 1200 ??,TRIUMPH,Speed Triple 1200 RS,95%,OK
??????,????? ?????? ?,TRIUMPH,Speed Triple S,95%,OK
??????,????? ????,TRIUMPH,Speed Twin,95%,OK
??????,????? ???? 1200 ??,TRIUMPH,Speed Twin 1200 RS,95%,OK
??????,???????????,TRIUMPH,Speedmaster,95%,OK
??????,?????????,TRIUMPH,Spitfire,95%,OK
??????,????????? 1500,TRIUMPH,Spitfire 1500,95%,OK
??????,?????? 900,TRIUMPH,Sprint 900,95%,OK
??????,?????? ??,TRIUMPH,Sprint RS,95%,OK
??????,?????? ??,TRIUMPH,Sprint ST,95%,OK
??????,?????? ?????????,TRIUMPH,Street Scrambler,95%,OK
??????,?????? ??????,TRIUMPH,Street Triple,95%,OK
??????,?????? ?????? ??,TRIUMPH,Street Triple RS,95%,OK
??????,?????? ????,TRIUMPH,Street Twin,95%,OK
??????,?695,TRIUMPH,T695,80%,OK
??????,??????,TRIUMPH,Tiger,95%,OK
??????,?????? 1050,TRIUMPH,Tiger 1050,95%,OK
??????,?????? 1200 ?????,TRIUMPH,Tiger 1200 Alpine,95%,OK
??????,?????? 1200 ????? ??????,TRIUMPH,Tiger 1200 Alpine Edition,95%,OK
??????,?????? 1200 ?? ?????????,TRIUMPH,Tiger 1200 GT Explorer,95%,OK
??????,?????? 1200 ?? ???,TRIUMPH,Tiger 1200 GT Pro,95%,OK
??????,?????? 1200 ???? ?????????,TRIUMPH,Tiger 1200 Rally Explorer,95%,OK
??????,?????? 1200 ???? ???,TRIUMPH,Tiger 1200 Rally Pro,95%,OK
??????,?????? 1200 ???,TRIUMPH,Tiger 1200 XRT,95%,OK
??????,?????? 1200 ???,TRIUMPH,Tiger 1200 XCA,95%,OK
??????,?????? 800 ???,TRIUMPH,Tiger 800 XRX,95%,OK
??????,?????? 800 ???,TRIUMPH,Tiger 800 XCA,95%,OK
??????,?????? 900 ????? ??????,TRIUMPH,Tiger 900 Alpine Edition,95%,OK
??????,?????? 900 ??,TRIUMPH,Tiger 900 GT,95%,OK
??????,?????? 900 ?? ???,TRIUMPH,Tiger 900 GT Pro,95%,OK
??????,?????? 900 ?????? ??????,TRIUMPH,Tiger 900 Desert Edition,95%,OK
??????,?????? 900 ????? ???,TRIUMPH,Tiger 900 Rally Pro,95%,OK
??????,?????? ????????? 1215,TRIUMPH,Tiger Explorer 1215,95%,OK
??????,?????? ?????,TRIUMPH,Tiger Sport,95%,OK
??????,?????? ????? 800,TRIUMPH,Tiger Sport 800,95%,OK
??????,?????? ???,TRIUMPH,Tiger XRX,95%,OK
??????,????? 800,TRIUMPH,Tiger 800,95%,OK
??????,????? 800 ??,TRIUMPH,Tiger 800 XC,95%,OK
??????,????? 900,TRIUMPH,Tiger 900,95%,OK
??????,????? ???,TRIUMPH,Tiger XCX,95%,OK
??????,???????,TRIUMPH,Trident,95%,OK
??????,??????? 660 ?????? ??????,TRIUMPH,Trident 660 Triple Tribute,95%,OK
??????,??????? 800,TRIUMPH,Trident 800,95%,OK
??????,????? 900,TRIUMPH,Trophy 900,95%,OK
??????,???????? ??,TRIUMPH,Thruxton RS,95%,OK
??????,??????????,TRIUMPH,Thunderbird,95%,OK
???????,??10,TROMOX,MC10,95%,OK
???????,??? ?,TROMOX,Ukko S,95%,OK
?????? ??????,????,TROPOS MOTORS,Able,95%,OK
???????,500,TROSCHE,500,OK,NEEDS_REVIEW
???? ?????,350,TRUN EIKER,350,80%,OK
???? ?????,380,TRUN EIKER,380,80%,OK
???? ?????,? 10,TRUN EIKER,T 10,80%,OK
??????,???2,TRUNKE,Irm2,OK,NEEDS_REVIEW
???? ?????,573,TRUN EIKER,573,80%,OK
???,3 ???,TSR,3 Von,OK,NEEDS_REVIEW
???,????????,TTH,Easyroller,90%,OK
????????,1800,TEUNISSEN,1800,85%,OK
?????,? 750-2,TWINS,T 750-2,80%,OK
?????? ???,38000,TURBOS HOET,38000,90%,OK
?????? ???,??? 3 ?? 39 03 ????,TURBOS HOET,Ops 3 AT 39 03 Bsrm,90%,OK
?????? ???,??? 3 ?? 3906 ?,TURBOS HOET,Opt 3 AT 3906 C,90%,OK
?????? ???,??33??,TURBOS HOET,Sc33aa,90%,OK
??????,?? 50,TURBHO,RB 50,95%,OK
??????,?? 50,TURBHO,RG 50,95%,OK
??????,?? 50,TURBHO,RL 50,95%,OK
??????,?? 50,TURBHO,RS 50,95%,OK
??????,???????,TURBHO,Formula,95%,OK
??????,?? 50,TURBHO,CS 50,95%,OK
??????,?? 50,TURBHO,CX 50,95%,OK
?????,? 303,TURCO,C 303,OK,NEEDS_REVIEW
????????,????????,TUTTINGER,Eigenbau,80%,OK
?? ?????????,???????,TH RAYMAKERS,Rappoid,80%,OK
???,37000,TCL,37000,OK,NEEDS_REVIEW
????,0500???,THULE,0500UVS,90%,OK
????,0600????,THULE,0600UVSI,90%,OK
????,18,THULE,18,90%,OK
????,86,THULE,86,90%,OK
????,? 4,THULE,A 4,90%,OK
????,? 7,THULE,A 7,90%,OK
????,?01,THULE,A01,90%,OK
????,?5,THULE,A5,90%,OK
????,? 4,THULE,B 4,90%,OK
????,?9,THULE,B9,90%,OK
????,? 9,THULE,D 9,90%,OK
????,? 8,THULE,E 8,90%,OK
????,?6,THULE,E6,90%,OK
????,?? 0750,THULE,Ls 0750,90%,OK
????,?????????????,THULE,Trailergruppen,90%,OK
????,????????????? 1001 ??,THULE,Trailergruppen 1001 LB,90%,OK
???,3163 ???????,UAZ,3163 Patriot,95%,OK
???,3909,UAZ,3909,95%,OK
???,452,UAZ,452,95%,OK
???,452 (????.),UAZ,452,95%,OK
???,452 ?,UAZ,452D,95%,OK
???,469,UAZ,469,95%,OK
???,469 ?,UAZ,469B,95%,OK
???,8109,UAZ,8109,95%,OK
????,2?2 ???,UBCO,2x2 ADV,95%,OK
??????,????,UGBEST,Pony,95%,OK
??????,????? ??,UGBEST,Retro SL,95%,OK
???? ???????,????????,UGUR KAROSER,Sprinter,90%,OK
??? ???????,??? 18,WEBB TRAILER,Zvf 18,80%,OK
??? ???????,????? 18,WEBB TRAILER,Zprak 18,80%,OK
??? ???????,???? 24,WEBB TRAILER,Lprs 24,80%,OK
??? ???????,????? 10,WEBB TRAILER,Prask 10,80%,OK
???????,2700,WEYTENS,2700,90%,OK
????,550,WESA,550,80%,OK
??????,??166,WESSEX,Pl166,90%,OK
???????????,2000,WESTTRAILER,2000,85%,OK
???????????,??165,WESTTRAILER,Pt165,85%,OK
??????,22?,WIDPOL,22A,85%,OK
??????,1094,WEEKEND,1094,85%,OK
??????,1380?,WEEKEND,1380N,85%,OK
??????,? 350?,WEEKEND,W 350A,85%,OK
??????,?350?,WEEKEND,W350B,85%,OK
??????,?? 3,WEEKEND,We 3,85%,OK
???????,??338,WHEELBASE,Wp338,85%,OK
??????? ???????,?? 126,IFOR WILLIAMS,GH 126,95%,OK
??????? ???????,?? 505,IFOR WILLIAMS,HB 505,95%,OK
??????,????? ???? ??,WILMAC,Three Star II,80%,OK
???????,650,WILSTON,650,80%,OK
??????,??125??-??,IFOR WILLIAMS,GH125HD-AF,95%,OK
??????,?? 166 ?,IFOR WILLIAMS,LM 166 G,95%,OK
??????,?? 22 ??,WINDISCH,We 22 KL,85%,OK
???????,13 2,WINDRUSH,13 2,85%,OK
??,??????? ??????? ?????? 125,UM,Renegade Commando Classic 125,95%,OK
??,????? 125,UM,Sport 125,95%,OK
??,??????? ?? 125,UM,Xtreet RS 125,95%,OK
??????? ???????,??????? 3.90,UMARSAN CAPSULE,Capsule 3.90,95%,OK
?????,? 16,UMBRA RIMORCHI,U 16,90%,OK
?????,?? ?? 3,UMBRA RIMORCHI,UR IM 3,90%,OK
?????,?? ?? 400,UMBRA RIMORCHI,UR TM 400,90%,OK
?????,???? 12,UMBRA RIMORCHI,Urta 12,90%,OK
????? ???????,?? 2,UMBRA RIMORCHI,Im 2,95%,OK
????? ???????,?? ?? 5 ?,UMBRA RIMORCHI,UR IM 5 B,90%,OK
??????,?? 3.24,UMIKOV,PN 3.24,90%,OK
????????,2,UNBEKANNT,2,85%,OK
??????,58 42,UNIVAN,58 42,80%,OK
??????,?? 350 ?,UNICAR,VA 350 T,80%,OK
??????,? 1200,UNIMOG,U 1200,95%,OK
??????,? 140,UNIMOG,U 140,95%,OK
??????,? 421,UNIMOG,U 421,95%,OK
??????????,3,UNITRAILER,3,90%,OK
?????,??? 2636 10 1750,UNSINN,GTP 2636,90%,OK
?????,??? 2642132040,UNSINN,GTP 2642,90%,OK
?????,??? 35,UNSINN,GTP 35,90%,OK
?????,??? 3560 14 2040,UNSINN,GTP 3560,90%,OK
?????,? 1325 ?? 1400,UNSINN,K 1325,90%,OK
?????,? 20,UNSINN,K 20,90%,OK
?????,?? 1430 14 1570,UNSINN,LK 1430,90%,OK
?????,? 2600,UNSINN,P 2600,90%,OK
?????,? 3500,UNSINN,P 3500,90%,OK
?????,??2660,UNSINN,PK 2660,90%,OK
?????,??? 3042 10 2040,UNSINN,PKL 3042,90%,OK
?????,??? 3548 13 2440,UNSINN,PKL 3548,90%,OK
?????,?? 2640 14 2040,UNSINN,TT 2640,90%,OK
?????,??? 30,UNSINN,UDK 30,90%,OK
???,??? ?????? 2.1,UNU,Scooter 2.1,95%,OK
??????,7070,WALKER,7070,OK,NEEDS_REVIEW
????????,?? 6010,WOODFORD,RL 6010,95%,OK
????????,??6 010,WOODFORD,RL 6010,95%,OK
????????,??? 231,WOODFORD,FBT 231,95%,OK
??????,??????,WORMAN,Street,OK,NEEDS_REVIEW
????,375,URAL,375,95%,OK
????,375 ?,URAL,375A,95%,OK
????,375 ?? 5 375,URAL,375 AC-5,90%,OK
????,4320,URAL,4320,95%,OK
????,43202,URAL,43202,95%,OK
????,432036,URAL,432036,95%,OK
????,650,URAL,650,95%,OK
????,? 61,URAL,M-61,95%,OK
????,? 63,URAL,M-63,95%,OK
??????,?????,URBENI,Quads,80%,OK
???? ???????,???99,USTA TRAILER,SIS99,85%,OK
???????,?? 50 ?,UTIFORM,HD 50 T,90%,OK
?.?. ??????,???? 41 3,MEILLER,MHKS 41/3,95%,OK
?.?. ??????,???? 12 27 ????2,MEILLER,MHPS 12/27 NOSS2,95%,OK
??,(??),FA,FA,OK,NEEDS_REVIEW
??,???? ????,SCHMID RIND,Trailer,OK,NEEDS_REVIEW
?? ????????,? 1150 ??,TROETSCHEL,R 1150 GS,80%,OK
?? ???????? ????????,??? 6,SCHOEPFLIN NELLINGEN,APO 6,85%,OK
?????,?? 35,FABAG,TA 35,90%,OK
???,?? 402,FAW,LS 402,80%,OK
???,?? 502,FAW,LS 502,80%,OK
???,?? 5675,FAW,LS 5675,80%,OK
???,?? 675 2,FAW,LS 675/2,80%,OK
???,?? 7513,FAW,LS 7513,80%,OK
????,?25,FALCH,T25,90%,OK
????,????? ???? 30,FALCH,Trail Jet 30,95%,OK
?????????,???? 3792,FAHNENBROCK,Fast 3792,90%,OK
??????????,?? 1001,FANKHAUSER,FA 1001,90%,OK
??????????,?? 1005,FANKHAUSER,FA 1005,90%,OK
??????????,?? 857,FANKHAUSER,FT 857,90%,OK
??????,????? 310,FANTIC,Issimo 310,95%,OK
??????,?????? 125,FANTIC,Strada 125,95%,OK
??????,?? 170,FANTIC,TZ 170,95%,OK
??????,??125 5 ?,FANTIC,TL 125,90%,OK
??????,??50 5 ?,FANTIC,TL 50,90%,OK
??????,??07,FANTIC,FA07,95%,OK
??????,??12,FANTIC,FA12,95%,OK
??????,??14,FANTIC,FA14,95%,OK
??????,??30,FANTIC,XE30,95%,OK
??????,???2 4 0,FANTIC,XEF 240,95%,OK
??????,???3,FANTIC,XEF 3,95%,OK
??????,??13,FANTIC,CA13,95%,OK
??????,??14,FANTIC,CA14,95%,OK
??????,??50,FANTIC,CA50,95%,OK
??????,??50 1 ?,FANTIC,CA50,95%,OK
??????,??70,FANTIC,CA70,95%,OK
????,????,FARO,Aqua,95%,OK
????,??????,FARO,Amicus,95%,OK
????,???????,FARO,Magicus,95%,OK
????,??????,FARO,Pondus,95%,OK
????,???????,FARO,Solidus,95%,OK
????,???????,FARO,Tractus,95%,OK
????,??????? ?????,FARO,Tractus Multi,95%,OK
????,??????? ?????,FARO,Tractus Flex,95%,OK
??????????,1500,FAHRZEUGBAU,1500,OK,NEEDS_REVIEW
??????????,??? 11 0 7 7 ??,FAHRZEUGBAU,WCS 11.07.7 ZL,OK,NEEDS_REVIEW
?????????,51,FAULENBACH,51,80%,OK
????,??? 30-2?,FAUN,ATF 30-2L,95%,OK
????,??? 60 4,FAUN,ATF 60-4,95%,OK
????,?????????,FAUN,Variopress,95%,OK
????,????????,FAUN,Rotopress,95%,OK
????,?? 029,FAUN,FA 029,90%,OK
????,?? 031,FAUN,FA 031,90%,OK
????,?????????,FAUN,Frontpress,95%,OK
???????,????????,FAUTRAS,Olympium,95%,OK
???,??105,FBM,TR105,80%,OK
???,??32,FVG,TA32,90%,OK
???,??24 1,FVG,TS24/1,90%,OK
???,??19 ?2,FVG,FS19 B2,90%,OK
???,??7,FVG,FS7,90%,OK
???,19,FGM,19,85%,OK
???,?35,FGS,H35,85%,OK
?????????,? 1,FAYMONVILLE,D1,95%,OK
?????????,? 2,FAYMONVILLE,D2,95%,OK
?????????,????????,FAYMONVILLE,Euromax,95%,OK
?????????,?????????,FAYMONVILLE,CombiMAX,95%,OK
?????????,??? 30 2?,FAYMONVILLE,LNS 30-2X,95%,OK
?????????,????????,FAYMONVILLE,MegaMAX,95%,OK
?????????,?????????,FAYMONVILLE,ModulMAX,95%,OK
?????????,?????????,FAYMONVILLE,MultiMAX,95%,OK
?????????,???? 2??,FAYMONVILLE,STBZ-2VA,95%,OK
?????????,???? 3??,FAYMONVILLE,STBZ-3VA,95%,OK
?????????,???? 4??,FAYMONVILLE,STBZ-4VA,95%,OK
?????????,???? 2,FAYMONVILLE,STBN-2,95%,OK
?????????,??? 4 ???,FAYMONVILLE,STZ-4AUX,95%,OK
?????????,??? 3 ?,FAYMONVILLE,STN-3U,95%,OK
?????????,??? 5??,FAYMONVILLE,STN-5AU,95%,OK
?????????,????????,FAYMONVILLE,TeleMAX,95%,OK
?????????,?????????,FAYMONVILLE,FloatMAX,95%,OK
??????????,??? 28.3,FELDBINDER,EUT 28.3,95%,OK
??????????,??? 31.3,FELDBINDER,EUT 31.3,95%,OK
??????????,??? 35.3,FELDBINDER,EUT 35.3,95%,OK
??????????,??? 36.3,FELDBINDER,EUT 36.3,95%,OK
??????????,??? 37.3,FELDBINDER,EUT 37.3,95%,OK
??????????,??? 40.3,FELDBINDER,EUT 40.3,95%,OK
??????????,??? 52.3,FELDBINDER,EUT 52.3,95%,OK
??????????,??? 54.3,FELDBINDER,EUT 54.3,95%,OK
??????????,??? 55.3,FELDBINDER,EUT 55.3,95%,OK
??????????,??? 56.3,FELDBINDER,EUT 56.3,95%,OK
??????????,??? 60.3,FELDBINDER,EUT 60.3,95%,OK
??????????,???,FELDBINDER,KIP,95%,OK
??????????,??? 38.3,FELDBINDER,KIP 38.3,95%,OK
??????????,??? 60.3,FELDBINDER,KIP 60.3,95%,OK
??????????,??? 28.3,FELDBINDER,TSA 28.3,95%,OK
??????????,??? 30.3 1,FELDBINDER,TSA 30.3,95%,OK
??????????,??? 31.3-2,FELDBINDER,TSA 31.3,95%,OK
??????????,??? 32.3,FELDBINDER,TSA 32.3,95%,OK
??????????,??? 33.3 3,FELDBINDER,TSA 33.3,95%,OK
??????????,??? 34.3 3,FELDBINDER,TSA 34.3,95%,OK
????????,??21 ?18,FELECHNER,MP21 H18,80%,OK
?????,130,FENDT,130,95%,OK
?????,150,FENDT,150,95%,OK
?????,150 ???????? 465,FENDT,Tendenza 465,95%,OK
?????,170,FENDT,170,95%,OK
?????,380,FENDT,380,95%,OK
?????,390 ?,FENDT,390 C,95%,OK
?????,390 ???,FENDT,390 FHD,95%,OK
?????,395 ?,FENDT,395 N,95%,OK
?????,400?41?,FENDT,400A41C,90%,OK
?????,410?,FENDT,410B,95%,OK
?????,425,FENDT,425,95%,OK
?????,450 ?,FENDT,450 C,95%,OK
?????,465?6 ??????,FENDT,Bianco 465,95%,OK
?????,470 ? ??????,FENDT,Joker 470,95%,OK
?????,470 ?? ?,FENDT,470 TFS,95%,OK
?????,470 ?,FENDT,470 H,95%,OK
?????,470?,FENDT,470C,95%,OK
?????,485?,FENDT,485L,95%,OK
?????,490,FENDT,490,95%,OK
?????,495 ?,FENDT,495 A,95%,OK
?????,495 ?,FENDT,495 N,95%,OK
?????,510 ?,FENDT,510 P,95%,OK
?????,530 ?,FENDT,530 A,95%,OK
?????,535 ?,FENDT,535 B,95%,OK
?????,545 ?,FENDT,545 N,95%,OK
?????,590 ?,FENDT,590 B,95%,OK
?????,590 ????,FENDT,590 TFSD,95%,OK
?????,600 ? 59 ?,FENDT,600 A 59 D,95%,OK
?????,600 ? 59 ?,FENDT,600 A 59 T,95%,OK
?????,600 ? 62 ?,FENDT,600 A 62 T,95%,OK
?????,620,FENDT,620,95%,OK
?????,650 ?,FENDT,650 A,95%,OK
?????,700,FENDT,700,95%,OK
?????,?????? 390,FENDT,Bianco 390,95%,OK
?????,?????? 515,FENDT,Bianco 515,95%,OK
?????,??????? 510,FENDT,Diamant 510,95%,OK
?????,??????? 540,FENDT,Diamant 540,95%,OK
?????,??????? 590,FENDT,Diamant 590,95%,OK
?????,??????? 650,FENDT,Diamant 650,95%,OK
?????,??????? 650?????,FENDT,Diamant 650 TBFSD,95%,OK
?????,?????,FENDT,Joker,95%,OK
?????,???? 560,FENDT,Opal 560,95%,OK
?????,???? 650,FENDT,Opal 650,95%,OK
?????,?470???,FENDT,Platin 470 FDF,90%,OK
?????,?????? 470,FENDT,Platin 470,95%,OK
?????,?????? 510??,FENDT,Platin 510 TF,95%,OK
?????,?????? 540 ??,FENDT,Platin 540 TG,95%,OK
?????,?????? 650,FENDT,Platin 650,95%,OK
?????,?????? 700,FENDT,Platin 700,95%,OK
?????,????? 450 ??,FENDT,Saphir 450 KU,95%,OK
?????,????? 465,FENDT,Saphir 465,95%,OK
?????,????? 550,FENDT,Saphir 550,95%,OK
?????,??3560,FENDT,TB3560,90%,OK
?????,???????? 650,FENDT,Tendenza 650,95%,OK
?????,????? 510 ??,FENDT,Topas 510 GS,95%,OK
?????,???? ?????? 465,FENDT,FCEA Saphir 465,90%,OK
?????,????1200590 ??,FENDT,FCTA 1200 590 AA,85%,OK
?????,????1200620 ??,FENDT,FCTA 1200 620 AA,85%,OK
?????,?????,FENDT,Haver,OK,NEEDS_REVIEW
?????????,??? 86 ?,FENIXBUS,FBI 86 P,90%,OK
?????????,??? 86 ?,FENIXBUS,FBI 86 T,90%,OK
??????,12????????,FERRARI,12Cilindri,99%,OK
??????,12???????? ???????,FERRARI,12Cilindri Spider,99%,OK
??????,208 ?? 4,FERRARI,208 GT4,99%,OK
??????,296 ???,FERRARI,296 GTB,99%,OK
??????,296 ???,FERRARI,296 GTS,99%,OK
??????,296 ???????,FERRARI,296 Speciale,95%,OK
??????,308,FERRARI,308,99%,OK
??????,458 ???????,FERRARI,458 Spider,99%,OK
??????,488 ???,FERRARI,488 GTB,99%,OK
??????,488 ?????,FERRARI,488 Pista,99%,OK
??????,488 ????? ???????,FERRARI,488 Pista Spider,99%,OK
??????,488 ???????,FERRARI,488 Spider,99%,OK
??????,599,FERRARI,599,99%,OK
??????,599 ???,FERRARI,599 GTB,99%,OK
??????,812 ??????????? ?,FERRARI,812 Competizione A,99%,OK
??????,812 ?????????,FERRARI,812 Superfast,99%,OK
??????,849 ?????????,FERRARI,Testarossa,OK,NEEDS_REVIEW
??????,??????,FERRARI,Amalfi,OK,NEEDS_REVIEW
??????,??????????,FERRARI,California,99%,OK
??????,?????????? ?,FERRARI,California T,99%,OK
??????,?????????,FERRARI,Portofino,99%,OK
??????,????????? ?,FERRARI,Portofino M,99%,OK
??????,????????,FERRARI,Purosangue,99%,OK
??????,????,FERRARI,Roma,99%,OK
??????,???? ???????,FERRARI,Roma Spider,99%,OK
??????,?? 90 ????????,FERRARI,SF90 Stradale,99%,OK
??????,??90 ???????,FERRARI,SF90 Spider,99%,OK
??????,??90 ?? ???????,FERRARI,SF90 XX Spider,99%,OK
??????,??90 ?? ????????,FERRARI,SF90 XX Stradale,99%,OK
??????,?????????,FERRARI,Testarossa,99%,OK
??????,? 12,FERRARI,F12berlinetta,95%,OK
??????,? 131,FERRARI,F131,90%,OK
??????,? 355,FERRARI,F355,99%,OK
??????,?8 ???????,FERRARI,F8 Spider,99%,OK
??????,?8 ???????,FERRARI,F8 Tributo,99%,OK
??????,?? 2 ?,FERRETTI,SR 2 A,OK,NEEDS_REVIEW
???????,???? 460,FARIELA,Oase 460,OK,NEEDS_REVIEW
?????,??1,FECHT,MF1,OK,NEEDS_REVIEW
?? ??? ???,????,FZ BAU BEL,Hbok,OK,NEEDS_REVIEW
????,110? ??????? 500,FIAT,500,90%,OK
????,12 ??????? 140 ?? ????,FIAT,12,OK,NEEDS_REVIEW
????,124,FIAT,124,99%,OK
????,124 ???????,FIAT,124 Spider,99%,OK
????,124 ?? 2,FIAT,124 Spider,90%,OK
????,125 ?,FIAT,125,95%,OK
????,125 ???????,FIAT,125 Special,95%,OK
????,126 ?,FIAT,126,95%,OK
????,1500,FIAT,1500,99%,OK
????,230,FIAT,Ducato,80%,OK
????,230 ?? ?? ?,FIAT,Ducato,OK,NEEDS_REVIEW
????,238,FIAT,238,99%,OK
????,242,FIAT,242,99%,OK
????,250?,FIAT,Ducato,80%,OK
????,280,FIAT,Ducato,80%,OK
????,280 ??65,FIAT,Ducato,OK,NEEDS_REVIEW
????,280 ?? 7,FIAT,Ducato,OK,NEEDS_REVIEW
????,290 ??????,FIAT,Ducato,95%,OK
????,290 ?,FIAT,Ducato,85%,OK
????,35 ?? 8 ?,FIAT,OM 35,OK,NEEDS_REVIEW
????,35 ?? 8 ?,FIAT,OM 35,OK,NEEDS_REVIEW
????,35 ? 8,FIAT,Iveco Daily,OK,NEEDS_REVIEW
????,35 ? 8 ?,FIAT,Iveco Daily,OK,NEEDS_REVIEW
????,35 ? 8 ?,FIAT,Iveco Daily,OK,NEEDS_REVIEW
????,355,FIAT,355,OK,NEEDS_REVIEW
????,40 ??,FIAT,40 NC,80%,OK
????,500,FIAT,500,99%,OK
????,500 ?????,FIAT,500 Abarth,95%,OK
????,500 ?,FIAT,500L,99%,OK
????,500 ?????,FIAT,500,95%,OK
????,500 ?,FIAT,500X,99%,OK
????,500 ??????,FIAT,500,95%,OK
????,500?,FIAT,500e,99%,OK
????,60 ? 10,FIAT,60 F 10,80%,OK
????,600,FIAT,600,99%,OK
????,616 ? 3,FIAT,616,90%,OK
????,619 ? 1 ?,FIAT,619,90%,OK
????,79.14,FIAT,79.14,80%,OK
????,850 ??????,FIAT,850 Spider,99%,OK
????,????? 500,FIAT,500 Abarth,95%,OK
????,????? 655 ??,FIAT,Ducato Adria,85%,OK
????,????? 660 ??,FIAT,Ducato Adria,85%,OK
????,????? 670 ??,FIAT,Ducato Adria,85%,OK
????,????? 680 ??,FIAT,Ducato Adria,85%,OK
????,????? ??????,FIAT,Ducato Adria,95%,OK
????,????? ????????? ?70 ??,FIAT,Ducato Sun Living,85%,OK
????,????????,FIAT,Ducato Adriatic,85%,OK
????,?????,FIAT,Albea,99%,OK
????,????,FIAT,Ducato Arca,80%,OK
????,???? ????,FIAT,Ducato Arca,80%,OK
????,?624,FIAT,Ducato Hymer B624,80%,OK
????,???????,FIAT,Barchetta,99%,OK
????,??????? ? 1 9,FIAT,X1/9,95%,OK
????,?????,FIAT,Brava,99%,OK
????,?????,FIAT,Bravo,99%,OK
????,????????,FIAT,Ducato Globecar,85%,OK
????,???????,FIAT,Ducato Dethleffs,85%,OK
????,??????,FIAT,Ducato Joint,85%,OK
????,?????,FIAT,Doblo,99%,OK
????,????? 1.6,FIAT,Doblo,95%,OK
????,????? 1.9,FIAT,Doblo,95%,OK
????,????? ?????,FIAT,Doblo Cargo,99%,OK
????,????? ????? 1.6,FIAT,Doblo Cargo,95%,OK
????,????? ????? 1.9,FIAT,Doblo Cargo,95%,OK
????,??????,FIAT,Ducato,99%,OK
????,?????? 1.9 ??,FIAT,Ducato,95%,OK
????,?????? 11?,FIAT,Ducato,95%,OK
????,?????? 14 2.8 ???,FIAT,Ducato,95%,OK
????,?????? 14 ?,FIAT,Ducato,95%,OK
????,?????? 15 2.0 ???,FIAT,Ducato,95%,OK
????,?????? 15? 2.3???,FIAT,Ducato,95%,OK
????,?????? 15?? 2.8 ???,FIAT,Ducato,95%,OK
????,?????? 2.5 ?,FIAT,Ducato,95%,OK
????,?????? 2.8 ? ?????,FIAT,Ducato Maxi,95%,OK
????,?????? 2.8 ??? ??????,FIAT,Ducato Combinato,95%,OK
????,?????? 2.8 ??? ?????????,FIAT,Ducato Combinato,95%,OK
????,?????? 2.8 ??,FIAT,Ducato,95%,OK
????,?????? 230 14,FIAT,Ducato,95%,OK
????,?????? 230 ?,FIAT,Ducato,95%,OK
????,?????? 280,FIAT,Ducato,95%,OK
????,?????? 280 14,FIAT,Ducato,95%,OK
????,?????? 290,FIAT,Ducato,95%,OK
????,?????? 35,FIAT,Ducato,95%,OK
????,?????? 35 ????,FIAT,Ducato Light,95%,OK
????,?????? ????????,FIAT,Ducato Burstner,90%,OK
????,?????? ?,FIAT,Ducato,95%,OK
????,?????? ????? 630,FIAT,Ducato Knaus,90%,OK
????,?????? ?????????,FIAT,Ducato Combinato,95%,OK
????,?????? ?????,FIAT,Ducato Maxi,95%,OK
????,?????? ????? 2.8 ???,FIAT,Ducato Maxi,95%,OK
????,?????? ????? ???????,FIAT,Ducato Maxi Lambox,90%,OK
????,?????? ???????? 2.5 ???,FIAT,Ducato Panorama,95%,OK
????,? ?????,FIAT,e-Doblo,99%,OK
????,? ???? ?,FIAT,Qubo,85%,OK
????,?? ?? 001,FIAT,Ducato Dethleffs,80%,OK
????,?? ?? 002,FIAT,Ducato Dethleffs,80%,OK
????,?? ?? 001,FIAT,Ducato Carthago,80%,OK
????,????? ????? 54 1,FIAT,Ducato Elnagh,85%,OK
????,???? ??????,FIAT,Ducato Eura Mobil,85%,OK
????,?? ? 578,FIAT,Ducato LMC,80%,OK
????,????? 30 8,IVECO,Daily,85%,OK
????,????? 35 8 ?,IVECO,Daily,85%,OK
????,????? 35 ?? 10,IVECO,Daily,80%,OK
????,????? 65 12,IVECO,Zeta,80%,OK
????,????? ?????????,FIAT,Ducato Mobilvetta,85%,OK
????,????,FIAT,Idea,99%,OK
????,?????? ? 361,FIAT,Ducato Carado,85%,OK
????,??????? ? ????,FIAT,Ducato Carthago,85%,OK
????,??????? ?35,FIAT,Ducato Carthago,85%,OK
????,??????? ??? ? ????,FIAT,Ducato Carthago,85%,OK
????,????? ??????,FIAT,Ducato Knaus Tabbert,85%,OK
????,?????,FIAT,Croma,99%,OK
????,????? 2.2,FIAT,Croma,95%,OK
????,??????? ? 674 ?,FIAT,Ducato LMC,80%,OK
????,????,FIAT,Qubo,99%,OK
????,????,FIAT,Coupe,99%,OK
????,???????,FIAT,Ducato LMC,80%,OK
????,?????,FIAT,Linea,99%,OK
????,???,FIAT,Ducato LMC,85%,OK
????,?700,FIAT,Ducato McLouis,OK,NEEDS_REVIEW
????,?????? ? 440 ??,FIAT,Ducato Malibu,85%,OK
????,?????? ? 460,FIAT,Ducato Malibu,85%,OK
????,?????,FIAT,Marea,99%,OK
????,????????,FIAT,Multipla,99%,OK
????,?? ?????,FIAT,Ducato McLouis,85%,OK
????,????? ? 687,FIAT,Ducato LMC,80%,OK
????,????????,FIAT,Ducato Rimor,80%,OK
????,?? 130 ?,FIAT,OM 130,80%,OK
????,?? 70 ?,FIAT,OM 70,80%,OK
????,?????,FIAT,Palio,99%,OK
????,?????,FIAT,Panda,99%,OK
????,????? 1.1 ?,FIAT,Panda,95%,OK
????,????? 1.2 ?,FIAT,Panda,95%,OK
????,????? 4?4,FIAT,Panda,95%,OK
????,????? ???,FIAT,Panda Van,95%,OK
????,????? ???????,FIAT,Panda Elettra,95%,OK
????,????? ? 705 ???,FIAT,Ducato Pilote,85%,OK
????,????? ???,FIAT,Ducato Pilote,80%,OK
????,????? ?700?,FIAT,Ducato Pilote,85%,OK
????,???? ? ???? ?? 600 ?,FIAT,Ducato Poessl,85%,OK
????,???? ?? ?? 003,FIAT,Ducato Poessl,85%,OK
????,?????,FIAT,Punto,99%,OK
????,????? 1.2,FIAT,Punto,95%,OK
????,????? ?????,FIAT,Punto Abarth,95%,OK
????,????? ???,FIAT,Punto Van,95%,OK
????,????? ??????,FIAT,Grande Punto,99%,OK
????,?????,FIAT,Ducato Rimor,85%,OK
????,?????,FIAT,Ritmo,99%,OK
????,??????,FIAT,Sedici,99%,OK
????,????????,FIAT,Seicento,99%,OK
????,????????,FIAT,Seicento,95%,OK
????,?????,FIAT,Scudo,99%,OK
????,????? 2.0 ???,FIAT,Scudo,95%,OK
????,?????? ? 727 ????????,FIAT,Ducato Burstner,85%,OK
????,??????? ?????? 524 2.8???,FIAT,Ducato Solifer,80%,OK
????,????? ??????? 2000,FIAT,124 Sport Spider,90%,OK
????,?????,FIAT,Stilo,99%,OK
????,????? 1.6 ?,FIAT,Stilo,95%,OK
????,????? 2.0 ?,FIAT,Stilo,95%,OK
????,??????,FIAT,Strada,99%,OK
????,?660 ??,FIAT,Ducato LMC,80%,OK
????,???????,FIAT,Talento,99%,OK
????,????,FIAT,Tipo,99%,OK
????,????????,FIAT,Topolino,99%,OK
????,???????? 625,FIAT,Traveller 625,85%,OK
????,???????,FIAT,Trigano,90%,OK
????,??????? ?????? ?????,FIAT,Trigano Pegaso Garage,85%,OK
????,?????,FIAT,Ulysse,99%,OK
????,????? 2.0,FIAT,Ulysse,99%,OK
????,???,FIAT,Uno,99%,OK
????,???????,FIAT,Fiorino,99%,OK
????,???????? ?699 ??,FIAT,Forster I 699 EB,85%,OK
????,??????? ? 699 ??,FIAT,Forster T 699 VB,85%,OK
????,???????,FIAT,Frankia,90%,OK
????,???????,FIAT,Freemont,99%,OK
????,??????,FIAT,Fullback,99%,OK
????,? 244,FIAT,Ducato,85%,OK
????,?????,FIAT,Hymer,90%,OK
????,????? ? 544,FIAT,Hymer B 544,90%,OK
????,????? ? 614 ??,FIAT,Hymer B 614 SL,90%,OK
????,????? ?514,FIAT,Hymer B 514,90%,OK
????,????? ?? ?003,FIAT,Hymer EG/B 003,85%,OK
????,??????????,FIAT,Hymermobil,90%,OK
????,???? 600??,FIAT,Hobby 600 AF,90%,OK
????,???? 650 ???,FIAT,Hobby 650 FSC,90%,OK
????,???? ? 70 ??,FIAT,Hobby T 70 HK,90%,OK
????,???? ?75 ???,FIAT,Hobby T 75 HGE,90%,OK
????,?????,FIAT,Cipro,85%,OK
????,????????? ??????,FIAT,Challenger Sirius,90%,OK
????,??? ?4.2,FIAT,Chic T 4.2,85%,OK
????,??? ? ????,FIAT,Chic C-Line,85%,OK
????,???????????,FIAT,Cinquecento,99%,OK
????,????? ?????? 70,FIAT,Chausson Welcome 70,90%,OK
?????????,?? 650,FIBERLINE,FL 650,90%,OK
????? ???,324,FIEGE TEC,324,85%,OK
?????,???,FINKL,VAT,OK,NEEDS_REVIEW
???? ???????,??? 3?,FISA SALOMON,SFS 3E,OK,NEEDS_REVIEW
??????,?????,FISKER,Karma,99%,OK
??????,?????,FISKER,Ocean,99%,OK
??????,????? ???,FISKER,Ocean One,95%,OK
??????,2500 ?,FITZEL,2500 S,90%,OK
??????,? 16-42 17,FITZEL,D 16-42 17,90%,OK
??????,??? 35 20,FITZEL,Duo 35 20,90%,OK
??????,????,FITZEL,Euro,90%,OK
??????,???? 00,FITZEL,Euro 00,90%,OK
??????,???? 35,FITZEL,Euro 35,90%,OK
??????,????? ???????,FITZEL,Multi Trailer,90%,OK
?????,?? 270,FISCHER,VK 270,85%,OK
?????,?? 600,FISCHER,VK 600,85%,OK
?????,??? 510,FISCHER,VKS 510,85%,OK
????????,?? 606,FLAMINGO,BC 606,85%,OK
????????,?? 121,FLAMINGO,VH 121,85%,OK
????????,?? 303,FLAMINGO,GG 303,85%,OK
????????,??????,FLAMINGO,Piccolo,85%,OK
????????,? 200,FLAMINGO,H 200,85%,OK
????? ???,??? 50 ???? ?????,FLEX TECH,City Leader 50,90%,OK
??????,??? 400,FLIEGL,VTS 400,95%,OK
??????,???? 350,FLIEGL,DHKS 350,95%,OK
??????,???,FLIEGL,SVS,90%,OK
??????,??? 350,FLIEGL,SDS 350,95%,OK
??????,??? 380,FLIEGL,SDS 380,95%,OK
??????,??? 390,FLIEGL,SDS 390,95%,OK
??????,??? 270?,FLIEGL,SZS 270T,95%,OK
??????,??? 310,FLIEGL,SZS 310,95%,OK
??????,???300,FLIEGL,SZS 300,95%,OK
??????,??? 30000,FLIEGL,STF 30000,95%,OK
??????,??? 180,FLIEGL,TPS 180,95%,OK
??????,?????? ???? 350,FLIEGL,DHKA 350,95%,OK
??????,?????? ??? 180,FLIEGL,ZWP 180,95%,OK
??????,?????? ???,FLIEGL,SDS,95%,OK
??????,?????? ??? 480 ?,FLIEGL,SDS 480 T,95%,OK
??????,?????? ??? 180,FLIEGL,TWP 180,95%,OK
?????????,1500,FLEETWOOD,1500,90%,OK
?????????,????????? 450 2??,FLEETWOOD,Colchester 450 2EB,95%,OK
?????????,????????,FLEETWOOD,Heritage,95%,OK
???????,560 6?,FLEETWOOD,560 6L,95%,OK
???????,?????????? 1650,FLEETWOOD,Colchester 1650,95%,OK
???????,??????????,FLEETWOOD,Countryside,95%,OK
???????,????????? 640,FLEETWOOD,Heritage 640,95%,OK
??????,???? 550 ??,FLIPPER,City 550 TM,90%,OK
?????,???? 18,FLOOR,FLMA 18,90%,OK
?????,??? 12 10?1,FLOOR,FLO 12 10K1,90%,OK
????,??? 12 102,FLOOR,FLO 12 102,90%,OK
?????,??? 35 ?1 ?,FLUID,TSS 35 D1 D,OK,NEEDS_REVIEW
??????,1050,FLUCHER,1050,85%,OK
??????,150,FLUCHER,150,85%,OK
??????,210,FLUCHER,210,85%,OK
????,750,FOBO,750,90%,OK
????????,?? 1300,FOGELSTA,BV 1300,95%,OK
??????????,(???????),VOLKSWAGEN,Commercial,OK,NEEDS_REVIEW
??????????,1200,VOLKSWAGEN,Beetle,95%,OK
??????????,1200?,VOLKSWAGEN,Beetle,90%,OK
??????????,1300,VOLKSWAGEN,Beetle,95%,OK
??????????,1302,VOLKSWAGEN,Beetle,95%,OK
??????????,1303,VOLKSWAGEN,Beetle,95%,OK
??????????,251,VOLKSWAGEN,Transporter,90%,OK
??????????,2?????,VOLKSWAGEN,Crafter,85%,OK
??????????,2?????,VOLKSWAGEN,Crafter,85%,OK
??????????,70 ? 02 ?,VOLKSWAGEN,Transporter,85%,OK
??????????,70 ???,VOLKSWAGEN,Transporter,85%,OK
??????????,7??,VOLKSWAGEN,Transporter,85%,OK
??????????,??? ? ??????????? 6.1,VOLKSWAGEN,e-Transporter,95%,OK
??????????,?? ?? 3 ??? ?? 150 ??,VOLKSWAGEN,ID.3 Pro S,95%,OK
??????????,?? ?? 3 ??? ???????,VOLKSWAGEN,ID.3 Pro Performance,95%,OK
??????????,?? ?? 3 ??? ?,VOLKSWAGEN,ID.3 Pro S,95%,OK
??????????,?? ?? 3 ??? ? 150 ??,VOLKSWAGEN,ID.3 Pro S,95%,OK
??????????,?? ?? 3 ????,VOLKSWAGEN,ID.3 Pure,95%,OK
??????????,?? ?? 4 ???,VOLKSWAGEN,ID.4 GTX,95%,OK
??????????,?? ?? 4 ???,VOLKSWAGEN,ID.4 Pro,95%,OK
??????????,?? ?? 4 ??? 4??????,VOLKSWAGEN,ID.4 Pro,95%,OK
??????????,?? ?? 4 ????,VOLKSWAGEN,ID.4 Pure,95%,OK
??????????,?? ?? 5 ???,VOLKSWAGEN,ID.5 GTX,95%,OK
??????????,?? ?? 5 ???,VOLKSWAGEN,ID.5 Pro,95%,OK
??????????,?? ?? 6 ????,VOLKSWAGEN,ID.6 Crozz,95%,OK
??????????,?? ?? 7 ???,VOLKSWAGEN,ID.7 GTX,95%,OK
??????????,?? ?? 7 ???,VOLKSWAGEN,ID.7 Pro,95%,OK
??????????,?? ?? 7 ??? ?,VOLKSWAGEN,ID.7 Pro S,95%,OK
??????????,?? ?? 7 ????? ???,VOLKSWAGEN,ID.7 Tourer GTX,95%,OK
??????????,?? ?? 7 ????? ???,VOLKSWAGEN,ID.7 Tourer Pro,95%,OK
??????????,?? ?? ??? ??? ??,VOLKSWAGEN,ID. Buzz GTX,95%,OK
??????????,?? ?? ??? ?????,VOLKSWAGEN,ID. Buzz Cargo,95%,OK
??????????,?? ?? ??? ????? ???,VOLKSWAGEN,ID. Buzz Cargo Pro,95%,OK
??????????,?? ?? ??? ????? ??? 4??????,VOLKSWAGEN,ID. Buzz Cargo Pro,95%,OK
??????????,?? ?? ??? ????? ????,VOLKSWAGEN,ID. Buzz Cargo Pure,95%,OK
??????????,?? ?? ??? ???,VOLKSWAGEN,ID. Buzz Pro,95%,OK
??????????,?? ?? ??? ??? ???,VOLKSWAGEN,ID. Buzz Pro,95%,OK
??????????,?? ?? ??? ??? ??,VOLKSWAGEN,ID. Buzz Pro,95%,OK
??????????,?? ??.3 ???,VOLKSWAGEN,ID.3 Pro,95%,OK
??????????,?? ??.4 ??? ?,VOLKSWAGEN,ID.4 Pro S,95%,OK
??????????,?? ??7 ????? ???,VOLKSWAGEN,ID.7 Tourer Pro,95%,OK
??????????,??? 4 ???,VOLKSWAGEN,ID.4 GTX,95%,OK
??????????,??????,VOLKSWAGEN,Amarok,99%,OK
??????????,??????,VOLKSWAGEN,Arteon,99%,OK
??????????,?????? 4??????,VOLKSWAGEN,Arteon,99%,OK
??????????,?????,VOLKSWAGEN,Atlas,99%,OK
??????????,????? ???? ?????,VOLKSWAGEN,Atlas Cross Sport,99%,OK
??????????,??????,VOLKSWAGEN,Transporter,80%,OK
??????????,?????? 1.0 ???,VOLKSWAGEN,Transporter,80%,OK
??????????,?????,VOLKSWAGEN,Beetle,99%,OK
??????????,????,VOLKSWAGEN,Bora,99%,OK
??????????,???????,VOLKSWAGEN,Vanagon,99%,OK
??????????,??????? 1600 ?,VOLKSWAGEN,1600 Variant,95%,OK
??????????,?????,VOLKSWAGEN,Vento,99%,OK
??????????,???,VOLKSWAGEN,Gol,99%,OK
??????????,???? 1000 ?,VOLKSWAGEN,Gol,90%,OK
??????????,????,VOLKSWAGEN,Golf,99%,OK
??????????,???? (??????),VOLKSWAGEN,Golf Cabriolet,99%,OK
??????????,???? 1.4 ?,VOLKSWAGEN,Golf,99%,OK
??????????,???? 1.6,VOLKSWAGEN,Golf,99%,OK
??????????,???? 1.6 ???,VOLKSWAGEN,Golf,99%,OK
??????????,???? 1.9 ???,VOLKSWAGEN,Golf,99%,OK
??????????,???? 2.0 ???,VOLKSWAGEN,Golf,99%,OK
??????????,???? ???????,VOLKSWAGEN,Golf Variant,99%,OK
??????????,???? ??????? 1.6,VOLKSWAGEN,Golf Variant,99%,OK
??????????,???? ??????? 1.9,VOLKSWAGEN,Golf Variant,99%,OK
??????????,???? ???,VOLKSWAGEN,Golf GTE,99%,OK
??????????,???? ???,VOLKSWAGEN,Golf GTI,99%,OK
??????????,???? ????,VOLKSWAGEN,Golf Plus,99%,OK
??????????,???? ?,VOLKSWAGEN,Golf R,99%,OK
??????????,???? ?32,VOLKSWAGEN,Golf R32,99%,OK
??????????,???? ?????????,VOLKSWAGEN,Golf Sportsvan,99%,OK
??????????,?????,VOLKSWAGEN,Jetta,99%,OK
??????????,????? 2.0 ???,VOLKSWAGEN,Jetta,99%,OK
??????????,????? ??,VOLKSWAGEN,Jetta,99%,OK
??????????,????,VOLKSWAGEN,Transporter Doka,95%,OK
??????????,? ????,VOLKSWAGEN,e-Golf,99%,OK
??????????,???,VOLKSWAGEN,Eos,99%,OK
??????????,??? 2.0,VOLKSWAGEN,Eos,99%,OK
??????????,??? 2.0 ???,VOLKSWAGEN,Eos,99%,OK
??????????,?? 4 ???,VOLKSWAGEN,ID.4 Pro,99%,OK
??????????,?? 4 ??? 150 ??,VOLKSWAGEN,ID.4 Pro,99%,OK
??????????,?? 4 ??? 4??????,VOLKSWAGEN,ID.4 Pro,99%,OK
??????????,?? 4 ???? 125 ??,VOLKSWAGEN,ID.4 Pure,99%,OK
??????????,?? ??? 4?????? ??,VOLKSWAGEN,ID. Buzz,99%,OK
??????????,?? ??? ?????,VOLKSWAGEN,ID. Buzz Cargo,99%,OK
??????????,?? 4 ???? ???,VOLKSWAGEN,ID.4 Crozz Pro,95%,OK
??????????,?????,VOLKSWAGEN,Caddy,99%,OK
??????????,????,VOLKSWAGEN,Caddy,99%,OK
??????????,???? 1.4,VOLKSWAGEN,Caddy,99%,OK
??????????,???? 1.6,VOLKSWAGEN,Caddy,99%,OK
??????????,???? 1.9 ???,VOLKSWAGEN,Caddy,99%,OK
??????????,???? 2.0 ?,VOLKSWAGEN,Caddy,99%,OK
??????????,???? 2.0 ???,VOLKSWAGEN,Caddy,99%,OK
??????????,???? 2.0 ???,VOLKSWAGEN,Caddy,99%,OK
??????????,???? ????,VOLKSWAGEN,Caddy Life,99%,OK
??????????,???? ???? 1.9 ???,VOLKSWAGEN,Caddy Life,99%,OK
??????????,???? ?????,VOLKSWAGEN,Caddy Maxi,99%,OK
??????????,???? ????? ?????,VOLKSWAGEN,Caddy Maxi Kombi,99%,OK
??????????,???? ??? 47??,VOLKSWAGEN,Caddy,99%,OK
??????????,???? ? 20,VOLKSWAGEN,Caddy,99%,OK
??????????,??????????,VOLKSWAGEN,California,99%,OK
??????????,?????????? 2.5 ???,VOLKSWAGEN,California,99%,OK
??????????,?????????? ????,VOLKSWAGEN,California Beach,99%,OK
??????????,???????,VOLKSWAGEN,Caravelle,99%,OK
??????????,??????? 2.5 ?,VOLKSWAGEN,Caravelle,99%,OK
??????????,?????? ???,VOLKSWAGEN,Karmann Ghia,99%,OK
??????????,?????,VOLKSWAGEN,Beetle,99%,OK
??????????,?????,VOLKSWAGEN,Kombi,95%,OK
??????????,??????,VOLKSWAGEN,Corrado,99%,OK
??????????,???????,VOLKSWAGEN,Crafter,99%,OK
??????????,??????? 2.5 ???,VOLKSWAGEN,Crafter,99%,OK
??????????,??????? 35,VOLKSWAGEN,Crafter,95%,OK
??????????,??????? 50 2.5 ???,VOLKSWAGEN,Crafter,95%,OK
??????????,??????? ????????,VOLKSWAGEN,Crafter,95%,OK
??????????,???????,VOLKSWAGEN,Camping,OK,NEEDS_REVIEW
??????????,? 80,VOLKSWAGEN,L80,95%,OK
??????????,?? 26 ???,VOLKSWAGEN,LT,95%,OK
??????????,?? 28,VOLKSWAGEN,LT,95%,OK
??????????,?? 28 ?,VOLKSWAGEN,LT,95%,OK
??????????,?? 28 ???,VOLKSWAGEN,LT,95%,OK
??????????,?? 30,VOLKSWAGEN,LT,95%,OK
??????????,?? 31,VOLKSWAGEN,LT,95%,OK
??????????,?? 32,VOLKSWAGEN,LT,95%,OK
??????????,?? 35,VOLKSWAGEN,LT,95%,OK
??????????,?? 35 2.5 ???,VOLKSWAGEN,LT,95%,OK
??????????,?? 35 ?,VOLKSWAGEN,LT,95%,OK
??????????,?? 35 ?,VOLKSWAGEN,LT,95%,OK
??????????,?? 40,VOLKSWAGEN,LT,95%,OK
??????????,?? 45,VOLKSWAGEN,LT,95%,OK
??????????,?? 46,VOLKSWAGEN,LT,95%,OK
??????????,?? 46 2.5 ???,VOLKSWAGEN,LT,95%,OK
??????????,?? 46 2.8 ???,VOLKSWAGEN,LT,95%,OK
??????????,?? 50,VOLKSWAGEN,LT,95%,OK
??????????,?? 55,VOLKSWAGEN,LT,95%,OK
??????????,????,VOLKSWAGEN,Lupo,98%,OK
??????????,???? 1.4,VOLKSWAGEN,Lupo,98%,OK
??????????,???????,VOLKSWAGEN,Madison,OK,NEEDS_REVIEW
??????????,???????? 1.9 ???,VOLKSWAGEN,Multivan,95%,OK
??????????,????????,VOLKSWAGEN,Multivan,98%,OK
??????????,???????? 2.5 ???,VOLKSWAGEN,Multivan,98%,OK
??????????,???????? 70 ?,VOLKSWAGEN,Multivan,95%,OK
??????????,???????? ?????????,VOLKSWAGEN,Multivan,95%,OK
??????????,?? ??????,VOLKSWAGEN,New Beetle,98%,OK
??????????,?? ?????? 1.9,VOLKSWAGEN,New Beetle,98%,OK
??????????,?????,VOLKSWAGEN,Passat,98%,OK
??????????,????? 1.8 ?,VOLKSWAGEN,Passat,98%,OK
??????????,????? 2.0 ?,VOLKSWAGEN,Passat,98%,OK
??????????,????? 2.0 ???,VOLKSWAGEN,Passat,98%,OK
??????????,????? 3 ??,VOLKSWAGEN,Passat,95%,OK
??????????,????? ???????,VOLKSWAGEN,Passat,98%,OK
??????????,????? ???,VOLKSWAGEN,Passat,98%,OK
??????????,????? ??,VOLKSWAGEN,Passat CC,98%,OK
??????????,????? ?? 1.8,VOLKSWAGEN,Passat CC,98%,OK
??????????,????? ?? 2.0 ???,VOLKSWAGEN,Passat CC,98%,OK
??????????,??? ?? 2.5 ???,VOLKSWAGEN,Pickup,90%,OK
??????????,????? ?? 1.9,VOLKSWAGEN,Pickup,90%,OK
??????????,????,VOLKSWAGEN,Polo,98%,OK
??????????,???? 1.2,VOLKSWAGEN,Polo,98%,OK
??????????,???? 1.4,VOLKSWAGEN,Polo,98%,OK
??????????,???? 1.4 ???,VOLKSWAGEN,Polo,98%,OK
??????????,???? 1.6,VOLKSWAGEN,Polo,98%,OK
??????????,???? 1.6 ???,VOLKSWAGEN,Polo,98%,OK
??????????,???? 1.9 ???,VOLKSWAGEN,Polo,98%,OK
??????????,???? ???????,VOLKSWAGEN,Polo,98%,OK
??????????,???? ??,VOLKSWAGEN,Polo,98%,OK
??????????,?????? ???,VOLKSWAGEN,Transporter,85%,OK
??????????,?????,VOLKSWAGEN,Rabbit,98%,OK
??????????,??????,VOLKSWAGEN,Routan,98%,OK
??????????,??????,VOLKSWAGEN,Scirocco,98%,OK
??????????,? 4 ???? 2.5?,VOLKSWAGEN,Transporter,95%,OK
??????????,? ????,VOLKSWAGEN,T-Cross,98%,OK
??????????,? ???,VOLKSWAGEN,T-Roc,98%,OK
??????????,?5,VOLKSWAGEN,Transporter,95%,OK
??????????,?5 4??????,VOLKSWAGEN,Transporter,95%,OK
??????????,?6 ????? 2.0 4?,VOLKSWAGEN,Transporter,95%,OK
??????????,?????,VOLKSWAGEN,Taigo,98%,OK
??????????,??????,VOLKSWAGEN,Tayron,98%,OK
??????????,????,VOLKSWAGEN,Taos,98%,OK
??????????,????,VOLKSWAGEN,Taro,98%,OK
??????????,????? ????,VOLKSWAGEN,Tigis Ergo,OK,NEEDS_REVIEW
??????????,??????,VOLKSWAGEN,Tiguan,98%,OK
??????????,?????? 1.4,VOLKSWAGEN,Tiguan,98%,OK
??????????,?????? 2.0,VOLKSWAGEN,Tiguan,98%,OK
??????????,?????? 2.0 ???,VOLKSWAGEN,Tiguan,98%,OK
??????????,?????? 4??,VOLKSWAGEN,Tiguan,98%,OK
??????????,?????? 4??????,VOLKSWAGEN,Tiguan,98%,OK
??????????,???????????,VOLKSWAGEN,Transporter,98%,OK
??????????,??????????? 1.9 ???,VOLKSWAGEN,Transporter,98%,OK
??????????,??????????? 2.5,VOLKSWAGEN,Transporter,98%,OK
??????????,??????????? 2.5 ???,VOLKSWAGEN,Transporter,98%,OK
??????????,??????????? 70 ?,VOLKSWAGEN,Transporter,95%,OK
??????????,??????????? ??????,VOLKSWAGEN,Transporter,95%,OK
??????????,??????????? ??????,VOLKSWAGEN,Transporter,95%,OK
??????????,??????????? ????????,VOLKSWAGEN,Caravelle,98%,OK
??????????,??????????? ??????,VOLKSWAGEN,Transporter,95%,OK
??????????,??????????? ?,VOLKSWAGEN,Transporter,95%,OK
??????????,??????????? ? 4,VOLKSWAGEN,Transporter,95%,OK
??????????,??????????? ?????,VOLKSWAGEN,Transporter,95%,OK
??????????,??????,VOLKSWAGEN,Touareg,98%,OK
??????????,?????? 2.5 ???,VOLKSWAGEN,Touareg,98%,OK
??????????,?????? ??,VOLKSWAGEN,Touareg,95%,OK
??????????,?????? ???????,VOLKSWAGEN,Touareg,95%,OK
??????????,?????,VOLKSWAGEN,Touran,98%,OK
??????????,????? 1.4,VOLKSWAGEN,Touran,98%,OK
??????????,????? 1.6,VOLKSWAGEN,Touran,98%,OK
??????????,????? 1.9 ???,VOLKSWAGEN,Touran,98%,OK
??????????,????? 2.0 ???,VOLKSWAGEN,Touran,98%,OK
??????????,??,VOLKSWAGEN,Up!,98%,OK
??????????,??????,VOLKSWAGEN,Phaeton,98%,OK
??????????,??????,VOLKSWAGEN,Phaeton,95%,OK
??????????,????,VOLKSWAGEN,Fox,98%,OK
??????????,??????????,VOLKSWAGEN,Volkswagen,OK,NEEDS_REVIEW
??????????,??,VOLKSWAGEN,CC,98%,OK
??????????,?? ?????,VOLKSWAGEN,CC,95%,OK
??????????,?????,VOLKSWAGEN,Sharan,98%,OK
??????????,????? 1.8 ?,VOLKSWAGEN,Sharan,98%,OK
??????????,????? 1.9 ???,VOLKSWAGEN,Sharan,98%,OK
??????????,????? 4 ??????,VOLKSWAGEN,Sharan,98%,OK
??????????,????? ??,VOLKSWAGEN,Sharan,98%,OK
??????????,??????,VOLKSWAGEN,Scirocco,98%,OK
??????????,??,VOLKSWAGEN,Up!,98%,OK
???? ???????,?? ??5040,FOOD TRAILER,SB5040,OK,NEEDS_REVIEW
????,(???),FORD,Lek,OK,NEEDS_REVIEW
????,?,FORD,Model A,95%,OK
????,?464,FORD,A464,OK,NEEDS_REVIEW
????,? ????,FORD,B-Max,98%,OK
????,??,FORD,Model BB,90%,OK
????,??????,FORD,Bronco,98%,OK
????,?????? ????? ?????,FORD,Bronco,95%,OK
????,?????? ????????,FORD,Bronco,95%,OK
????,???????? 280?,FORD,Transit,85%,OK
????,???????? 300?,FORD,Transit,85%,OK
????,???????? 300?,FORD,Transit,85%,OK
????,???????? ????? 280? 2.2?,FORD,Transit,85%,OK
????,???????? ????? ??300?,FORD,Transit,85%,OK
????,???????? ?? 280?,FORD,Transit,85%,OK
????,???????,FORD,Galaxy,98%,OK
????,??????? 500,FORD,Galaxie 500,98%,OK
????,???? ??????,FORD,Gran Torino,98%,OK
????,????? ? ????,FORD,Grand C-Max,98%,OK
????,???????? 670,FORD,Transit,85%,OK
????,???????? ?????? 650,FORD,Transit,85%,OK
????,???????,FORD,Granada,95%,OK
????,???????,FORD,Junior,90%,OK
????,? 150,FORD,E-150,98%,OK
????,? 350,FORD,E-350,98%,OK
????,????,FORD,Edge,95%,OK
????,????????,FORD,EcoSport,98%,OK
????,?????????,FORD,Excursion,98%,OK
????,??????????,FORD,Expedition,98%,OK
????,?????????,FORD,Explorer,98%,OK
????,????? ???,FORD,Transit,80%,OK
????,??????,FORD,Escape,98%,OK
????,?????? ??,FORD,Escape,98%,OK
????,?????? ????????,FORD,Escape,98%,OK
????,??????,FORD,Escort,98%,OK
????,?????? 1.6 ?,FORD,Escort,98%,OK
????,????? 6?,FORD,Transit,80%,OK
????,??,FORD,Ka,98%,OK
????,?? ????,FORD,Ka+,98%,OK
????,?????,FORD,Capri,98%,OK
????,????? 2000,FORD,Capri,98%,OK
????,?????? ? 337,FORD,Transit,85%,OK
????,?????,FORD,Cargo,98%,OK
????,????? 4142?,FORD,Cargo,95%,OK
????,?????? 260?,FORD,Transit,85%,OK
????,?????? ?? 280?,FORD,Transit,85%,OK
????,?????? ?? 330?,FORD,Transit,85%,OK
????,????? ????????,FORD,Crown Victoria,98%,OK
????,????,FORD,Kuga,98%,OK
????,???? 2.0 ?,FORD,Kuga,98%,OK
????,??????,FORD,Courier,98%,OK
????,??????,FORD,Transit Custom,95%,OK
????,?????,FORD,Laser,98%,OK
????,????? ?? 7,FORD,Transit,80%,OK
????,??????? ?? 708,FORD,Transit,80%,OK
????,???????,FORD,Maverick,98%,OK
????,??????? ???,FORD,Maverick,98%,OK
????,???????,FORD,Mercury,80%,OK
????,????? ? ??????? ??????,FORD,Model A,95%,OK
????,??????,FORD,Mondeo,98%,OK
????,?????? ?,FORD,Mondeo,95%,OK
????,?????? ??????,FORD,Mondeo,98%,OK
????,???????,FORD,Mustang,98%,OK
????,??????? ??,FORD,Mustang,98%,OK
????,??????? ??500,FORD,Mustang,98%,OK
????,??????? ??? ?,FORD,Mustang Mach-E,98%,OK
????,??????? ????? ?? 350,FORD,Mustang,98%,OK
????,??????? ????? ?? 500,FORD,Mustang,98%,OK
????,?????? 350?,FORD,Transit,85%,OK
????,?????? ?? 300 ?,FORD,Transit,85%,OK
????,?????? ?? 350?,FORD,Transit,85%,OK
????,?????? ?? 350??,FORD,Transit,85%,OK
????,?????,FORD,Probe,98%,OK
????,????,FORD,Puma,98%,OK
????,???????,FORD,Ranchero,98%,OK
????,????????,FORD,Ranger,98%,OK
????,???????? 3.0 ??,FORD,Ranger,98%,OK
????,???????? ?,FORD,Ranger,98%,OK
????,???????? ??????,FORD,Ranger,98%,OK
????,?????,FORD,Transit,80%,OK
????,????? ??????? ?,FORD,Transit,80%,OK
????,? ????,FORD,C-Max,98%,OK
????,? ???? 1.8 ????,FORD,C-Max,98%,OK
????,? ???? 2.0 ??,FORD,C-Max,98%,OK
????,? ???? 2.0 ?,FORD,C-Max,98%,OK
????,? ???? 2.3,FORD,C-Max,98%,OK
????,? ???? 2.5,FORD,C-Max,98%,OK
????,???????,FORD,Scorpio,98%,OK
????,?????? ??,FORD,Streetka,98%,OK
????,??????,FORD,Taunus,98%,OK
????,?????? 12 ?,FORD,Taunus 12M,95%,OK
????,??????,FORD,Taurus,99%,OK
????,??????,FORD,Tourneo,95%,OK
????,?????? ??????,FORD,Tourneo Connect,99%,OK
????,?????? ?????? ?,FORD,Tourneo Connect,95%,OK
????,?????? ??????,FORD,Tourneo Custom,99%,OK
????,??????? ???????,FORD,Tourneo Courier,99%,OK
????,???????,FORD,Transit,99%,OK
????,??????? 100,FORD,Transit,95%,OK
????,??????? 100 ?,FORD,Transit,95%,OK
????,??????? 115,FORD,Transit,95%,OK
????,??????? 115 ?280?,FORD,Transit,90%,OK
????,??????? 115 ?280? ???,FORD,Transit,90%,OK
????,??????? 115 ?350?,FORD,Transit,90%,OK
????,??????? 120,FORD,Transit,95%,OK
????,??????? 120 ?,FORD,Transit,95%,OK
????,??????? 125 ?,FORD,Transit,95%,OK
????,??????? 125 ?350,FORD,Transit,95%,OK
????,??????? 140 ? 350 ? ?,FORD,Transit,90%,OK
????,??????? 150,FORD,Transit,95%,OK
????,??????? 150 ?,FORD,Transit,95%,OK
????,??????? 190,FORD,Transit,95%,OK
????,??????? 190?,FORD,Transit,95%,OK
????,??????? 260? ??,FORD,Transit,95%,OK
????,??????? 260? ?? ??? 85,FORD,Transit,90%,OK
????,??????? 280 ??? ??,FORD,Transit,95%,OK
????,??????? 300,FORD,Transit,95%,OK
????,??????? 330,FORD,Transit,95%,OK
????,??????? 350,FORD,Transit,95%,OK
????,??????? 350 ?,FORD,Transit,95%,OK
????,??????? 350 ???,FORD,Transit,95%,OK
????,??????? 350??,FORD,Transit,95%,OK
????,??????? 90 ? 350,FORD,Transit,95%,OK
????,??????? ?,FORD,Transit,95%,OK
????,??????? ??????,FORD,Transit Connect,99%,OK
????,??????? ?????? 200,FORD,Transit Connect,95%,OK
????,??????? ?????? 220,FORD,Transit Connect,95%,OK
????,??????? ?????? 230,FORD,Transit Connect,95%,OK
????,??????? ?????? ? 230 ?,FORD,Transit Connect,95%,OK
????,??????? ?????? ?220 ?90,FORD,Transit Connect,95%,OK
????,??????? ??????,FORD,Transit Courier,99%,OK
????,??????? ??????,FORD,Transit Custom,99%,OK
????,??????? ?,FORD,Transit,95%,OK
????,??????? ? 350,FORD,Transit,95%,OK
????,??????? ?? 100,FORD,Transit,95%,OK
????,??????? ?? 150,FORD,Transit,95%,OK
????,??????? ?? 260?,FORD,Transit,95%,OK
????,??????? ?? 280 ?,FORD,Transit,95%,OK
????,??????? ?? 300 ?,FORD,Transit,95%,OK
????,??????? ?? 330?,FORD,Transit,95%,OK
????,??????? ?? 350,FORD,Transit,95%,OK
????,??????? ?? 350 ?,FORD,Transit,95%,OK
????,??????? ?? 430,FORD,Transit,95%,OK
????,??????? ???,FORD,Trigano VDL,90%,OK
????,?????,FORD,Trucks,90%,OK
????,????? 2533,FORD,Trucks 2533,90%,OK
????,???,FORD,TTS,OK,NEEDS_REVIEW
????,?????? ??????,FORD,Tourneo Custom,99%,OK
????,??????????,FORD,Thunderbird,99%,OK
????,? 100,FORD,F-100,99%,OK
????,? 150,FORD,F-150,99%,OK
????,? 150 4??,FORD,F-150,95%,OK
????,? 150 ???,FORD,F-150,95%,OK
????,? 250,FORD,F-250,99%,OK
????,? 350,FORD,F-350,99%,OK
????,? 450,FORD,F-450,99%,OK
????,? ????,FORD,F-Line,95%,OK
????,? ????,FORD,F-Max,99%,OK
????,?150 ??????,FORD,F-150,95%,OK
????,?150 ??????,FORD,F-150 Raptor,99%,OK
????,???????,FORD,Festiva,99%,OK
????,??????,FORD,Fiesta,99%,OK
????,?????? 1.3 ?,FORD,Fiesta,95%,OK
????,?????? 1.4 ??,FORD,Fiesta,95%,OK
????,?????? 1.4 ?,FORD,Fiesta,95%,OK
????,?????? 1.6 ?,FORD,Fiesta,95%,OK
????,?????? ??,FORD,Fiesta ST,99%,OK
????,?????? ???????? 90 ????,FORD,Fiesta,95%,OK
????,???? 09 ? 07,FORD,Chausson Flash 09,80%,OK
????,?????,FORD,Flex,99%,OK
????,?????,FORD,Focus,99%,OK
????,????? 1.4 ?,FORD,Focus,95%,OK
????,????? 1.6 ??,FORD,Focus,95%,OK
????,????? 1.6 ?,FORD,Focus,95%,OK
????,????? 1.8 ??,FORD,Focus,95%,OK
????,????? 1.8 ?,FORD,Focus,95%,OK
????,????? 2.0,FORD,Focus,95%,OK
????,????? 2.0 ?,FORD,Focus,95%,OK
????,????? 2.0 ??,FORD,Focus,95%,OK
????,????? 2.0 ?,FORD,Focus,95%,OK
????,????? ???????? ?? 1.8 ????,FORD,Focus,90%,OK
????,????? ???????? ??,FORD,EcoSport,85%,OK
????,????? ??,FORD,Focus RS,99%,OK
????,????? ?? ???? 1.56 ?,FORD,Focus C-Max,95%,OK
????,????? ?? ???? 1.6,FORD,Focus C-Max,95%,OK
????,????? ?? ???? 1.8,FORD,Focus C-Max,95%,OK
????,????? ?? ???? 2.0 ?,FORD,Focus C-Max,95%,OK
????,????? ?,FORD,Focus,95%,OK
????,????? ????,FORD,Focus,95%,OK
????,????? ? ????,FORD,Focus C-Max,99%,OK
????,????,FORD,Ford,OK,NEEDS_REVIEW
????,?????? ???? ? 26 ??? 10,FORD,Freesia Camp F26,80%,OK
????,?????,FORD,Fusion,99%,OK
????,????? ???????,FORD,Fusion Energi,99%,OK
????,????? ??????,FORD,Fusion Hybrid,99%,OK
????,? - ???? ?,FORD,C-Max,95%,OK
????,? ????,FORD,C-Max,99%,OK
????,? ???? 1.6,FORD,C-Max,95%,OK
????,? ???? 1.8,FORD,C-Max,95%,OK
????,? ???? 2.0,FORD,C-Max,95%,OK
????,? ???? 2.0 ?,FORD,C-Max,95%,OK
????,?????? ???? 20,FORD,Chausson Flash 20,90%,OK
????,??? ? ???????,FORD,Shay Model A Replica,90%,OK
???? ????? ??????,???????,FORD,Transit,95%,OK
???? ?????? ?????,? ????,FORD,F-Line,90%,OK
?????? ?????,?????????? 39,FOREST RIVER,Riverstone 39,95%,OK
?????? ?????,????????? 3100,FOREST RIVER,Sunseeker 3100,95%,OK
?????? ?????,???????? ??????? 228?,FOREST RIVER,Flagstaff Camping 228D,95%,OK
?????????,??450,FORNASARI,RR450,99%,OK
????,??? 2 18,FORO,Arc 2 18,OK,NEEDS_REVIEW
???????,?? 699 ??,FORSTER,FA 699 HB,95%,OK
???????,?? 669 ??,FORSTER,FT 669 EB,95%,OK
???????,?? 745 ??,FORSTER,FT 745 EB,95%,OK
???????,4 ? ???,FORTHING,U-Tour,90%,OK
???????,?50???,FORTHING,S50 EV,90%,OK
???????,?7 ????,FORTHING,S7 REEV,90%,OK
???????,??5? ??,FORTHING,SX5G EV,90%,OK
???????,?5 ???,FORTHING,T5 Evo,99%,OK
???????,?5 ??? ???,FORTHING,T5 Evo HEV,95%,OK
???????,? ??? ?9 ????,FORTHING,U-Tour V9 PHEV,95%,OK
???????,? ??? ?9 ???,FORTHING,U-Tour V9 HEV,95%,OK
???????,? ??? ????,FORTHING,U-Tour PHEV,95%,OK
???????,??????? ????,FORTHING,Friday REEV,95%,OK
???????,??????? ?7,FORTHING,Friday S7,95%,OK
?????,?????125,FOSTI,Naked 125,95%,OK
?????,?51 50?,FOSTI,F51 50K,90%,OK
?????,?? 50 ?? ? 25,FOSTI,FT50QT-E,90%,OK
?????,??50?? ?,FOSTI,FT50QT-E,90%,OK
?????,??50,FOSTI,CK50,90%,OK
?????,? ??,FOTON,e-View,95%,OK
?????,? ?????,FOTON,e-Toano,95%,OK
?????,???????,FOTON,e-Aumark,95%,OK
?????,???????,FOTON,Tunland,99%,OK
?????,??????? ?7,FOTON,Tunland G7,99%,OK
?????,???? ?????,FOSHAN,City Fosti,80%,OK
???????,420,FRANKIA,420,90%,OK
???????,??? 7.0 ?,FRANKIA,Neo 7.0 L,90%,OK
???????,??????,FRANKIA,Platin,95%,OK
????? ?????,2.5 ???,FRANZ FISCHER,2.5 TLT,80%,OK
????? ?????,?200.45,SCHLEGL,T200.45,80%,OK
???????,????????? ??? 450,FRATELLI,Percontra FPL 450,80%,OK
???????,??? 350,FRATELLI,FPC 350,80%,OK
???? ???,??? 16 ?,FRECH-HOCH,FHS 16 T,80%,OK
??????,18???22 5,FRIGOS,18CAT22.5,80%,OK
????????,??3????1,FRIEDRICH,AR3EDMB1,80%,OK
???????,?1,FREEWHEEL,V1,90%,OK
???????,????????????,FREEWHEEL,International,80%,OK
???????,??13,FRIPAAN,ZE13,80%,OK
???????,??? 26,FRIPAAN,ZTA 26,80%,OK
???????,????,FRIPAAN,Ztop,80%,OK
?????????,? 250,FRITOURIST,B 250,80%,OK
????????,19000,FRUEHAUF,19000,90%,OK
????????,39000,FRUEHAUF,39000,90%,OK
????????,???? 36 324 ?,FRUEHAUF,ONKR 36 324 A,90%,OK
????????,?? ?2?? 120,FRUEHAUF,PB F2PP 120,90%,OK
????????,? 34 ?,FRUEHAUF,T 34 A,90%,OK
????????,??34?31???,FRUEHAUF,TF34C31RAA,90%,OK
????????,?? 34 ??8 ???,FRUEHAUF,TX 34 CS8 EAB,90%,OK
????????,????? 4,FRUEHAUF,FRECD 4,90%,OK
???,1500,FSO,1500,99%,OK
????????,??1,FOODIE WHEEL,GS1,80%,OK
????????,??22,FOODIE WHEEL,FW22,80%,OK
????????,??23,FOODIE WHEEL,FW23,80%,OK
????,???????,FUSO,eCanter,99%,OK
????,??????,FUSO,Canter,99%,OK
????,?????? 3 ? 13,FUSO,Canter,95%,OK
?????????,???,FUTURISTO,CST,80%,OK
???,????????? 650,CAN-AM,Outlander 650,OK,NEEDS_REVIEW
???? ??????,????????? ???????,FUNNY TRAINS,Amusement Trailer,80%,OK
???? ??????,???? ??? ???????,FUNNY TRAINS,Andi Fun Trains,80%,OK
? ?,??????,HW,HWZKSS,OK,NEEDS_REVIEW
? ?,?????? 1882,HW,HWTPAS 1882,OK,NEEDS_REVIEW
?. ???????,?? 1295899?,H. HEINDL,TP 1295899U,OK,NEEDS_REVIEW
?????,?????,HAVAL,Dargo,99%,OK
?????,??????,HAVAL,Jolion,99%,OK
?????,?????? ???,HAVAL,Jolion Pro,99%,OK
?????,?????? ???,HAVAL,Jolion HEV,95%,OK
?????,?2,HAVAL,H2,99%,OK
?????,?6,HAVAL,H6,99%,OK
?????,?6 ???,HAVAL,H6 HEV,95%,OK
?????,?9,HAVAL,H9,99%,OK
?????????,? 2400,HAVERKATE,H 2400,80%,OK
?????,? 3500,HAGER,B 3500,80%,OK
???????? ????????,1300???,HAZLEWOOD TRAILERS,1300HTL,90%,OK
??????,? 600,HEIDER,P 600,80%,OK
??????,???6685????,HIGER,KLQ6685GAEV,95%,OK
??????,?????? ??????? ??,HIGER,Scania Touring HD,95%,OK
??????????????,?? 200,HEIDINGSFELDER,TP 200,80%,OK
?????,34000,HEINE,34000,80%,OK
????????,518 1?4,HEINEMANN,518 1X4,90%,OK
????????,538 1?4,HEINEMANN,538 1B4,90%,OK
????????,558 1?4,HEINEMANN,558 1H4,90%,OK
????????,?? 2640,HEINEMANN,AT 2640,90%,OK
????????,??? 2641,HEINEMANN,ATH 2641,90%,OK
????????,?? 25,HEINEMANN,BA 25,90%,OK
????????,?? 42,HEINEMANN,BA 42,90%,OK
????????,?? 45,HEINEMANN,BA 45,90%,OK
????????,??62,HEINEMANN,BA 62,90%,OK
????????,?? 12,HEINEMANN,VA 12,90%,OK
????????,? 1 40,HEINEMANN,Z 1 40,90%,OK
????????,? 1302,HEINEMANN,Z 1302,90%,OK
????????,? 1620 2,HEINEMANN,Z 1620 2,90%,OK
????????,? 3511,HEINEMANN,Z 3511,90%,OK
????????,? 400,HEINEMANN,Z 400,90%,OK
????????,? 4012,HEINEMANN,Z 4012,90%,OK
????????,? 4060,HEINEMANN,Z 4060,90%,OK
????????,? 4214,HEINEMANN,Z 4214,90%,OK
????????,? 50 75 2,HEINEMANN,Z 50 75 2,90%,OK
????????,? 501410,HEINEMANN,Z 501410,90%,OK
????????,? 5075,HEINEMANN,Z 5075,90%,OK
????????,? 514,HEINEMANN,Z 514,90%,OK
????????,? 5214,HEINEMANN,Z 5214,90%,OK
????????,? 5675,HEINEMANN,Z 5675,90%,OK
????????,? 60.17 ??,HEINEMANN,Z 60.17 ST,90%,OK
????????,? 6014 ?,HEINEMANN,Z 6014 B,90%,OK
????????,? 6015,HEINEMANN,Z 6015,90%,OK
????????,? 6016,HEINEMANN,Z 6016,90%,OK
????????,? 6018,HEINEMANN,Z 6018,90%,OK
????????,? 615,HEINEMANN,Z 615,90%,OK
????????,? 7012 3,HEINEMANN,Z 7012 3,90%,OK
????????,? 75.18,HEINEMANN,Z 75.18,90%,OK
????????,? 7521,HEINEMANN,Z 7521,90%,OK
????????,? 8021 ?,HEINEMANN,Z 8021 B,90%,OK
????????,?-412,HEINEMANN,Z-412,90%,OK
????????,?1018??,HEINEMANN,Z 1018 BG,90%,OK
????????,?3 65,HEINEMANN,Z3 65,90%,OK
????????,?412,HEINEMANN,Z412,90%,OK
????????,? 450,HEINEMANN,M 450,90%,OK
????????,? 750,HEINEMANN,M 750,90%,OK
????????,?? 2026,HEINEMANN,PH 2026,90%,OK
????????,?? 2038,HEINEMANN,PH 2038,90%,OK
????,?????????? ??2250,HAKO,Citymaster CM2250,95%,OK
?????,? 1,HUMMER,H1,99%,OK
?????,? 2,HUMMER,H2,99%,OK
?????,? 3,HUMMER,H3,99%,OK
?????,?3 ????,HUMMER,H3 Alpha,99%,OK
???,? 11 ?,HAHN,H 11 B,85%,OK
???????,2 ??? 18,HANGLER,2 PEL 18,90%,OK
???????,2 ??? 18,HANGLER,2 CEL 18,90%,OK
???????,3 ??? 24,HANGLER,3 PEL 24,90%,OK
???????,3 ???? 24,HANGLER,3 SDEL 24,90%,OK
???????,3 ???? 24,HANGLER,3 SPEL 24,90%,OK
???????,3 ???? 30,HANGLER,3 STZL 30,90%,OK
????,? ??,HANS,M IV,OK,NEEDS_REVIEW
???? ????????????,?? 0609,HANS KOTSCHENREUTHER,PA 0609,90%,OK
??????,??1,HANSEN,MB1,85%,OK
??????,?125? 00 ???125?,HANWAY,X125i,90%,OK
??????,? 2000,HAPERT,A 2000,95%,OK
??????,?2700 01,HAPERT,A 2700,95%,OK
??????,????? ?2,HAPERT,Azure H2,95%,OK
??????,??,HAPERT,AL,95%,OK
??????,?? 2700,HAPERT,AL 2700,95%,OK
??????,?? 3000,HAPERT,AL 3000,95%,OK
??????,??2000,HAPERT,AL 2000,95%,OK
??????,?????,HAPERT,Amigo,95%,OK
??????,??,HAPERT,AT,95%,OK
??????,?? 2,HAPERT,AT 2,95%,OK
??????,? 2700,HAPERT,B 2700,95%,OK
??????,?2000,HAPERT,V 2000,95%,OK
??????,?2600,HAPERT,V 2600,95%,OK
??????,? 2000,HAPERT,G 2000,95%,OK
??????,? 2700,HAPERT,G 2700,95%,OK
??????,?,HAPERT,D,90%,OK
??????,?? 2 2,HAPERT,DA 2-2,90%,OK
??????,?? 20,HAPERT,DL 20,95%,OK
??????,?? 2000,HAPERT,DL 2000,95%,OK
??????,? 2700,HAPERT,E 2700,95%,OK
??????,?2000 05,HAPERT,E 2000,95%,OK
??????,?,HAPERT,K,90%,OK
??????,? 2000,HAPERT,K 2000,95%,OK
??????,?2700,HAPERT,K 2700,95%,OK
??????,?3501,HAPERT,K 3501,95%,OK
??????,?,HAPERT,R,90%,OK
??????,? 13,HAPERT,R 13,95%,OK
??????,? 1350,HAPERT,R 1350,95%,OK
??????,??,HAPERT,TA,95%,OK
??????,? 20,HAPERT,F 20,95%,OK
??????,? 2000,HAPERT,H 2000,95%,OK
??????,?2702,HAPERT,H 2702,95%,OK
??????,?3500,HAPERT,H 3500,95%,OK
??????,?? ?? ??,HAPERT,HA MA PL,80%,OK
??????,??,HAPERT,HV,95%,OK
??????,250 ?,HARBECK,250 C,95%,OK
??????,300 ?,HARBECK,300 B,95%,OK
??????,450 ?,HARBECK,450 A,95%,OK
??????,450 ?,HARBECK,450 B,95%,OK
??????,450.1,HARBECK,450.1,95%,OK
??????,550 ???,HARBECK,550 SRK,95%,OK
??????,650,HARBECK,650,95%,OK
??????,750 ?,HARBECK,750 V,95%,OK
??????,750 ???,HARBECK,750 JST,95%,OK
??????,? 1000 ?,HARBECK,B 1000 M,95%,OK
??????,? 1600 ?,HARBECK,B 1600 M,95%,OK
??????,? 1800 ???,HARBECK,B 1800 MAL,95%,OK
??????,?1350?,HARBECK,B 1350 M,95%,OK
??????,?? 1600 ?,HARBECK,BT 1600 M,95%,OK
??????,?? 2000 ?,HARBECK,BT 2000 M,95%,OK
??????,?? 2000 ?? ?,HARBECK,BT 2000 MC S,95%,OK
??????,?? 2200 ?,HARBECK,BT 2200 M,95%,OK
??????,?? 2500 ?,HARBECK,BT 2500 M,95%,OK
??????,?? 2700 ?,HARBECK,BT 2700 M,95%,OK
??????,?? 3000 ?,HARBECK,BT 3000 M,95%,OK
??????,?? 3500 ?,HARBECK,BT 3500 M,95%,OK
??????,?? 3500 ??6,HARBECK,BT 3500 MM6,95%,OK
??????,??2000??,HARBECK,BT 2000 AL,95%,OK
?????? ?????????,1200 ??????,HARLEY-DAVIDSON,1200 Custom,95%,OK
?????? ?????????,125,HARLEY-DAVIDSON,125,90%,OK
?????? ?????????,883 ????????,HARLEY-DAVIDSON,883 Roadster,95%,OK
?????? ?????????,????? 1200,HARLEY-DAVIDSON,Iron 1200,98%,OK
?????? ?????????,????? 883,HARLEY-DAVIDSON,Iron 883,98%,OK
?????? ?????????,????????,HARLEY-DAVIDSON,Breakout,98%,OK
?????? ?????????,? ???? ??,HARLEY-DAVIDSON,V-Rod VRSC,95%,OK
?????? ?????????,?? 1,HARLEY-DAVIDSON,VR 1,90%,OK
?????? ?????????,?? 1250,HARLEY-DAVIDSON,VR 1250,90%,OK
?????? ?????????,?????,HARLEY-DAVIDSON,VRSCA V-Rod,95%,OK
?????? ?????????,????? ? ???,HARLEY-DAVIDSON,VRSCA V-Rod,95%,OK
?????? ?????????,?????,HARLEY-DAVIDSON,VRSCB V-Rod,95%,OK
?????? ?????????,????? ????,HARLEY-DAVIDSON,VRSCD Night Rod,95%,OK
?????? ?????????,????? ???? ???,HARLEY-DAVIDSON,VRSCD Night Rod,95%,OK
?????? ?????????,??????,HARLEY-DAVIDSON,VRSCDX Night Rod Special,95%,OK
?????? ?????????,?????? ???? ??? ???????,HARLEY-DAVIDSON,VRSCDX Night Rod Special,95%,OK
?????? ?????????,?????,HARLEY-DAVIDSON,VRSCR Street Rod,95%,OK
?????? ?????????,????? ? ???,HARLEY-DAVIDSON,VRSCF V-Rod Muscle,95%,OK
?????? ?????????,????? ? ??? ?????,HARLEY-DAVIDSON,VRSCF V-Rod Muscle,95%,OK
?????? ?????????,??????,HARLEY-DAVIDSON,Deluxe,95%,OK
?????? ?????????,??????? ????? ????? ??????,HARLEY-DAVIDSON,Electra Glide Ultra Classic,98%,OK
?????? ?????????,??????? ?????,HARLEY-DAVIDSON,Electra Glide,98%,OK
?????? ?????????,??? ???? ????? ?????,HARLEY-DAVIDSON,CVO Road Glide Ultra,98%,OK
?????? ?????????,??? ???? ?????,HARLEY-DAVIDSON,CVO Road Glide,98%,OK
?????? ?????????,??? ?????? ?????,HARLEY-DAVIDSON,CVO Street Glide,98%,OK
?????? ?????????,????????,HARLEY-DAVIDSON,LiveWire,98%,OK
?????? ?????????,??? ??????,HARLEY-DAVIDSON,Low Rider,98%,OK
?????? ?????????,??? ?????? ?,HARLEY-DAVIDSON,Low Rider S,98%,OK
?????? ?????????,??? ?????? ??,HARLEY-DAVIDSON,Low Rider ST,98%,OK
?????? ?????????,????????,HARLEY-DAVIDSON,Nightster,98%,OK
?????? ?????????,??? ???????,HARLEY-DAVIDSON,Pan America,98%,OK
?????? ?????????,??? ??????? 1250 ??????,HARLEY-DAVIDSON,Pan America 1250 Special,98%,OK
?????? ?????????,??? ??????? ??????,HARLEY-DAVIDSON,Pan America Special,98%,OK
?????? ?????????,???????,HARLEY-DAVIDSON,Revival,95%,OK
?????? ?????????,???? ?????,HARLEY-DAVIDSON,Road Glide,98%,OK
?????? ?????????,???? ????? ???????,HARLEY-DAVIDSON,Road Glide Special,98%,OK
?????? ?????????,???? ???? ???????,HARLEY-DAVIDSON,Road King Classic,98%,OK
?????? ?????????,???? ????? ??,HARLEY-DAVIDSON,Road Glide ST,98%,OK
?????? ?????????,???? ????? ???????,HARLEY-DAVIDSON,Road Glide Limited,98%,OK
?????? ?????????,???? ????,HARLEY-DAVIDSON,Road King,98%,OK
?????? ?????????,???? ???? ??????,HARLEY-DAVIDSON,Road King Special,98%,OK
?????? ?????????,??????? ????????,HARLEY-DAVIDSON,Softail Standard,98%,OK
?????? ?????????,???????,HARLEY-DAVIDSON,Softail,98%,OK
?????? ?????????,????? ?????,HARLEY-DAVIDSON,Sport Glide,98%,OK
?????? ?????????,?????????,HARLEY-DAVIDSON,Sportster,98%,OK
?????? ?????????,????????? ?,HARLEY-DAVIDSON,Sportster S,98%,OK
?????? ?????????,????????? ??? 883 ?,HARLEY-DAVIDSON,Sportster XL883N,95%,OK
?????? ?????????,????????? ?? 1200,HARLEY-DAVIDSON,Sportster XR1200,95%,OK
?????? ?????????,?????? 750,HARLEY-DAVIDSON,Street 750,98%,OK
?????? ?????????,?????? ???,HARLEY-DAVIDSON,Street Bob,98%,OK
?????? ?????????,?????? ??? 114,HARLEY-DAVIDSON,Street Bob 114,98%,OK
?????? ?????????,?????? ?????,HARLEY-DAVIDSON,Street Glide,98%,OK
?????? ?????????,?????? ????? ???????,HARLEY-DAVIDSON,Street Glide Special,98%,OK
?????? ?????????,?????? ???,HARLEY-DAVIDSON,Street Rod,98%,OK
?????? ?????????,????? ????? ?????,HARLEY-DAVIDSON,Super Glide Sport,98%,OK
?????? ?????????,??? ????? ?????,HARLEY-DAVIDSON,Tri Glide Ultra,98%,OK
?????? ?????????,????? ???????,HARLEY-DAVIDSON,Ultra Limited,98%,OK
?????? ?????????,??? ??? ???? ????,HARLEY-DAVIDSON,Fat Boy,95%,OK
?????? ?????????,??? ???,HARLEY-DAVIDSON,Fat Bob,98%,OK
?????? ?????????,??? ??? 114,HARLEY-DAVIDSON,Fat Bob 114,98%,OK
?????? ?????????,??? ???,HARLEY-DAVIDSON,Fat Boy,98%,OK
?????? ?????????,??? ??? 114,HARLEY-DAVIDSON,Fat Boy 114,98%,OK
?????? ?????????,??? 103,HARLEY-DAVIDSON,FLD Switchback,95%,OK
?????? ?????????,???,HARLEY-DAVIDSON,FLS Softail Slim,95%,OK
?????? ?????????,????,HARLEY-DAVIDSON,FLSB Sport Glide,95%,OK
?????? ?????????,?????,HARLEY-DAVIDSON,FLSTN Softail Deluxe,95%,OK
?????? ?????????,?????,HARLEY-DAVIDSON,FLSTS Heritage Springer,95%,OK
?????? ?????????,???????,HARLEY-DAVIDSON,FLSTSCI Heritage Springer,95%,OK
?????? ?????????,?????,HARLEY-DAVIDSON,FLSTF Fat Boy,95%,OK
?????? ?????????,????? ??? ???,HARLEY-DAVIDSON,FLSTF Fat Boy,95%,OK
?????? ?????????,??????,HARLEY-DAVIDSON,FLSTFB Fat Boy Lo,95%,OK
?????? ?????????,?????? ??? ??? ??????,HARLEY-DAVIDSON,FLSTFB Fat Boy Special,95%,OK
?????? ?????????,??????,HARLEY-DAVIDSON,FLSTFI Fat Boy,95%,OK
?????? ?????????,?????,HARLEY-DAVIDSON,FLSTC Heritage Softail Classic,95%,OK
?????? ?????????,????? ???? ?????,HARLEY-DAVIDSON,FLTRI Road Glide,95%,OK
?????? ?????????,?????? 3,HARLEY-DAVIDSON,FLTRSE3 CVO Road Glide,95%,OK
?????? ?????????,?????,HARLEY-DAVIDSON,FLTRU Road Glide Ultra,95%,OK
?????? ?????????,??????,HARLEY-DAVIDSON,FLTRUSE CVO Road Glide Ultra,95%,OK
?????? ?????????,?????,HARLEY-DAVIDSON,FLTRX Road Glide Custom,95%,OK
?????? ?????????,??????,HARLEY-DAVIDSON,FLTRXS Road Glide Special,95%,OK
?????? ?????????,???????,HARLEY-DAVIDSON,FLTRXSE CVO Road Glide,95%,OK
?????? ?????????,???????2,HARLEY-DAVIDSON,FLTRXSE2 CVO Road Glide,95%,OK
?????? ?????????,?????,HARLEY-DAVIDSON,FLFBS Fat Boy,95%,OK
?????? ?????????,????????,HARLEY-DAVIDSON,FLFBSANV Fat Boy 115th Anniversary,95%,OK
?????? ?????????,???,HARLEY-DAVIDSON,FLH Electra Glide,95%,OK
?????? ?????????,????,HARLEY-DAVIDSON,FLHP,99%,OK
?????? ?????????,????,HARLEY-DAVIDSON,FLHR,99%,OK
?????? ?????????,?????,HARLEY-DAVIDSON,FLHRI,99%,OK
?????? ?????????,?????,HARLEY-DAVIDSON,FLHRS,99%,OK
?????? ?????????,??????,HARLEY-DAVIDSON,FLHRSI,99%,OK
?????? ?????????,??????,HARLEY-DAVIDSON,FLHRCI,99%,OK
?????? ?????????,?????? ???? ???? ??????,HARLEY-DAVIDSON,FLHRCI Road King Classic,99%,OK
?????? ?????????,????,HARLEY-DAVIDSON,FLHT,99%,OK
?????? ?????????,?????,HARLEY-DAVIDSON,FLHTI,99%,OK
?????? ?????????,?????,HARLEY-DAVIDSON,FLHTK,99%,OK
?????? ?????????,???????,HARLEY-DAVIDSON,FLHTKSE,99%,OK
?????? ?????????,?????,HARLEY-DAVIDSON,FLHTC,99%,OK
?????? ?????????,????? ??????? ?????,HARLEY-DAVIDSON,FLHTC Electra Glide,99%,OK
?????? ?????????,???????,HARLEY-DAVIDSON,FLHTCSE,99%,OK
?????? ?????????,??????,HARLEY-DAVIDSON,FLHTCU,99%,OK
?????? ?????????,????????3,HARLEY-DAVIDSON,FLHTCUSE3,99%,OK
?????? ?????????,????,HARLEY-DAVIDSON,FLHX,99%,OK
?????? ?????????,?????,HARLEY-DAVIDSON,FLHXS,99%,OK
?????? ?????????,????? ?????? ????? ???????,HARLEY-DAVIDSON,FLHXS Street Glide Special,99%,OK
?????? ?????????,??????,HARLEY-DAVIDSON,FLHXSE,99%,OK
?????? ?????????,????? ??? ?? 1200 ? 13,HARLEY-DAVIDSON,XL1200X Forty-Eight,95%,OK
?????? ?????????,????? ???,HARLEY-DAVIDSON,Forty-Eight,99%,OK
?????? ?????????,????? ??? ??????,HARLEY-DAVIDSON,Forty-Eight Special,99%,OK
?????? ?????????,?????????,HARLEY-DAVIDSON,Freewheeler,99%,OK
?????? ?????????,????,HARLEY-DAVIDSON,FXBB,99%,OK
?????? ?????????,?????,HARLEY-DAVIDSON,FXBRS,99%,OK
?????? ?????????,???,HARLEY-DAVIDSON,FXD,99%,OK
?????? ?????????,??? ???? ????? ????,HARLEY-DAVIDSON,FXD Dyna Super Glide,99%,OK
?????? ?????????,???? ????? ?????? ???,HARLEY-DAVIDSON,FXDB Dyna Street Bob,99%,OK
?????? ?????????,?????,HARLEY-DAVIDSON,FXDWG,99%,OK
?????? ?????????,????,HARLEY-DAVIDSON,FXDL,99%,OK
?????? ?????????,???? 114,HARLEY-DAVIDSON,FXDR 114,99%,OK
?????? ?????????,????,HARLEY-DAVIDSON,FXDF,99%,OK
?????? ?????????,??????,HARLEY-DAVIDSON,FXDFSE,99%,OK
?????? ?????????,????,HARLEY-DAVIDSON,FXDX,99%,OK
?????? ?????????,?????,HARLEY-DAVIDSON,FXDCI,99%,OK
?????? ?????????,???,HARLEY-DAVIDSON,FXE,99%,OK
?????? ?????????,?????,HARLEY-DAVIDSON,FXLRS,99%,OK
?????? ?????????,???? ???????? 13,HARLEY-DAVIDSON,FXSB Breakout,99%,OK
?????? ?????????,????103,HARLEY-DAVIDSON,FXSB Breakout 103,99%,OK
?????? ?????????,????,HARLEY-DAVIDSON,FXST,99%,OK
?????? ?????????,?????,HARLEY-DAVIDSON,FXSTC,99%,OK
?????? ?????????,????,HARLEY-DAVIDSON,FXCW,99%,OK
?????? ?????????,?? 750,HARLEY-DAVIDSON,XG750,99%,OK
?????? ?????????,????????? ??????,HARLEY-DAVIDSON,Heritage Classic,99%,OK
?????? ?????????,????????? ?????? ??????,HARLEY-DAVIDSON,Heritage Softail Classic,99%,OK
?????? ?????????,?? 1200 ?,HARLEY-DAVIDSON,XL1200N,99%,OK
?????? ?????????,?? 1200 ?,HARLEY-DAVIDSON,XL1200C,99%,OK
?????? ?????????,?? 1200 ? ????? ??? 12,HARLEY-DAVIDSON,XL1200X Forty-Eight,99%,OK
?????? ?????????,?? 1200 ?,HARLEY-DAVIDSON,XL1200C,99%,OK
?????? ?????????,?? 1200?,HARLEY-DAVIDSON,XL1200V,99%,OK
?????? ?????????,?? 1200?,HARLEY-DAVIDSON,XL1200T,99%,OK
?????? ?????????,?? 2,HARLEY-DAVIDSON,XL2,95%,OK
?????? ?????????,?? 883 ?????????,HARLEY-DAVIDSON,XL883 Sportster,99%,OK
?????? ?????????,?? 883? ?????,HARLEY-DAVIDSON,XL883N Iron,99%,OK
?????? ?????????,??1200?,HARLEY-DAVIDSON,XL1200X,99%,OK
?????? ?????????,??833?,HARLEY-DAVIDSON,XL883L,95%,OK
?????? ?????????,??883,HARLEY-DAVIDSON,XL883,99%,OK
?????? ?????????,??883?,HARLEY-DAVIDSON,XL883N,99%,OK
?????? ?????????,??? ????????? 883,HARLEY-DAVIDSON,XLH Sportster 883,99%,OK
?????? ?????????,?? 1200,HARLEY-DAVIDSON,XR1200,99%,OK
?????? ?????????,??? ??? ???????,HARLEY-DAVIDSON,CVO Pan America,99%,OK
?????? ?????????,??? ???? ?????,HARLEY-DAVIDSON,CVO Road Glide,99%,OK
?????? ?????????,??? ???? ????? ??,HARLEY-DAVIDSON,CVO Road Glide ST,99%,OK
?????? ?????????,??? ?????? ?????,HARLEY-DAVIDSON,CVO Street Glide,99%,OK
????,2000,HATTY,2000,85%,OK
??????,????????,HAUSER,Eppelheim,80%,OK
??????,?? 4,HAUSER,IT 4,80%,OK
?????????,??,HAUSLSCHMID,AT,85%,OK
??,?????? 38,HW,HWDKSK 38,OK,NEEDS_REVIEW
??,?????18,HW,ZPTS 18,OK,NEEDS_REVIEW
??,??????20,HW,HWTPAS 20,OK,NEEDS_REVIEW
???,???? 102,HGO,HWAN 102,OK,NEEDS_REVIEW
????,???? 100 ???,HEBE,Hebe 100 Lok,OK,NEEDS_REVIEW
???? ????????,??2,HEBO TRAILERS,HB2,90%,OK
???,????,XEV,Yoyo,95%,OK
????? ??????,??? ?1 10 18,HEVES PONYVA,HVP N1 10 18,85%,OK
????,150,HEJA,150,80%,OK
?????,270165220??,HEIDE,270165220TA,OK,NEEDS_REVIEW
?????????,550,HEILSHORN,550,80%,OK
????????,??? 600 ???,HEISERER,HFB 600 Bot,80%,OK
?????????,325 ???,HEIDELAND,325 Tek,80%,OK
????,1302,HEKU,1302,90%,OK
????,2700,HEKU,2700,90%,OK
????,350,HEKU,350,90%,OK
????,605,HEKU,605,90%,OK
????,700,HEKU,700,90%,OK
????,?? 755,HEKU,BJ 755,90%,OK
?????,?? 12,HELGA,PB 12,80%,OK
???? ??????,??????,AUSTIN-HEALEY,Sprite,95%,OK
??????,?? 327,HELIOS,GH 327,85%,OK
??????,??117,HELIOS,GH117,85%,OK
????? ??????,?? 290??,HENAN ONLIVE,RT 290TN,80%,OK
????????,??? ???,HENDRIKS,Goch Reed,80%,OK
????,650,HAEHNE,650,80%,OK
??????????,?? 500 01.95 1,HENNIGSDORF,HP 500,90%,OK
?????,??,HENRA,AA,90%,OK
?????,?3 27,HENRA,K3 27,90%,OK
?????,??3?,HENRA,KP33,90%,OK
?????,???,HENRA,MTK,90%,OK
?????,?? 2,HENRA,PL 2,90%,OK
?????,?? 35,HENRA,PL 35,90%,OK
?????,??27??,HENRA,PL27DS,90%,OK
?????,??? ?? 20,HENRA,PTN HL 20,90%,OK
?????,?? 21,HENRA,TK 21,90%,OK
?????,???,HENRA,TRN,90%,OK
?????,? 27 ? 1,HENRA,F 27 V 1,90%,OK
?????,??,HENRA,FW,90%,OK
?????,?,HENRA,X,90%,OK
?????,? 13 ?,HENRA,X 13 V,90%,OK
?????,?20?,HENRA,X20V,90%,OK
??? ???,??? 150,HER CHEE,ATV 150,95%,OK
??? ???,??? 280?,HER CHEE,ATV 280A,95%,OK
??? ???,??? 300,HER CHEE,ATV 300,95%,OK
??? ???,?? 125 ?,HER CHEE,CT 125 D,95%,OK
???????,32,HERITAGE,32,80%,OK
??????,?300??,HERMANN,T300ST,80%,OK
?????? ??????,450 1,HERMANN HARBECK,450 1,85%,OK
???????????,600,HERMANOWSKI,600,85%,OK
??????,????????,HERZIG,Wuppertal,80%,OK
????? ??????,???3?,HIKRI ERKILI,HCR3I,OK,NEEDS_REVIEW
????? ??????,???3?,HIKRI ERKILI,HCR3T,OK,NEEDS_REVIEW
????????,380,HYLANDER,380,95%,OK
????????,410,HYLANDER,410,95%,OK
????????,445,HYLANDER,445,95%,OK
????????,????? 380,HYLANDER,Vision 380,95%,OK
????????,?????? 490,HYLANDER,Design 490,95%,OK
????????,?????? 400,HYLANDER,Design 400,95%,OK
????????,?????? 440,HYLANDER,Design 440,95%,OK
??????,????? ?????,HILLMAN,Minx Super,95%,OK
?????????,0,HIMMELSCHEIN,0,OK,NEEDS_REVIEW
?????,300 ??,HYMER,300 GB,95%,OK
?????,544?,HYMER,544K,95%,OK
?????,545 ??,HYMER,545 EN,95%,OK
?????,? 514 ??,HYMER,B 514 SL,95%,OK
?????,? 524,HYMER,B 524,95%,OK
?????,? 525 ??,HYMER,B 525 SL,95%,OK
?????,? 534 ??,HYMER,B 534 DL,95%,OK
?????,? 574 ??,HYMER,B 574 DL,95%,OK
?????,? 578,HYMER,B 578,95%,OK
?????,? 588,HYMER,B 588,95%,OK
?????,? 594,HYMER,B 594,95%,OK
?????,? 614 ??,HYMER,B 614 SL,95%,OK
?????,? 644,HYMER,B 644,95%,OK
?????,? 654 ??,HYMER,B 654 SL,95%,OK
?????,? 654 ?? ????,HYMER,B 654 SL Lang,95%,OK
?????,? 674 ??,HYMER,B 674 CL,95%,OK
?????,? 680,HYMER,B 680,95%,OK
?????,? 694 ??,HYMER,B 694 SL,95%,OK
?????,? ?? ? 780,HYMER,B-ML I 780,95%,OK
?????,? ?? ? 600,HYMER,B-MC I 600,95%,OK
?????,? ?? ? 680,HYMER,B-MC I 680,95%,OK
?????,? ???? ????,HYMER,B StarLine,95%,OK
?????,?690??,HYMER,B 690 MC,95%,OK
?????,??,HYMER,BM,90%,OK
?????,??? ?,HYMER,B-ML I,95%,OK
?????,??? ?,HYMER,B-MC I,95%,OK
?????,??? 660,HYMER,B-MC 660,95%,OK
?????,??? 562 ?? ?002,HYMER,Van 562,95%,OK
?????,??????? ?,HYMER,Venture S,95%,OK
?????,????? ?????? ?,HYMER,Grand Canyon S,95%,OK
?????,????? ?????? ? 4?4,HYMER,Grand Canyon S 4x4,95%,OK
?????,????? ?????? ? 600 4?4,HYMER,Grand Canyon S 600 4x4,95%,OK
?????,????? ?????? ? 600 ????????,HYMER,Grand Canyon S 600 Crossover,95%,OK
?????,?????,HYMER,Exsis,95%,OK
?????,????? ?,HYMER,Exsis-i,95%,OK
?????,?? 680,HYMER,EN 680,95%,OK
?????,????? 560,HYMER,Eriba 560,95%,OK
?????,????? ???? 653 ???????,HYMER,Eriba Jet 653 Solifer,95%,OK
?????,????? ??,HYMER,Eriba Touring,90%,OK
?????,?? 482,HYMER,Exsis-t 482,90%,OK
?????,?? 580,HYMER,Exsis-t 580,90%,OK
?????,?? 644,HYMER,Exsis-i 644,90%,OK
?????,?? 678,HYMER,Exsis-i 678,90%,OK
?????,??588,HYMER,Exsis-i 588,90%,OK
?????,?????????,HYMER,Yellowstone,95%,OK
?????,???? 622,HYMER,Camp 622,95%,OK
?????,?? ? 570 ??????????,HYMER,ML-T 570 Experience,95%,OK
?????,?? ? 570 ????????,HYMER,ML-T 570 Crossover,95%,OK
?????,?? ? 580 ???? ?????,HYMER,ML-T 580 Cross Trail,95%,OK
?????,??? 570,HYMER,ML-T 570,95%,OK
?????,??? 580,HYMER,ML-T 580,95%,OK
?????,??? 580 4?4,HYMER,ML-T 580 4x4,95%,OK
?????,???? 460,HYMER,Nova 460,95%,OK
?????,???? 461,HYMER,Nova 461,95%,OK
?????,???? 500 ?,HYMER,Nova 500 K,95%,OK
?????,???? 531,HYMER,Nova 531,95%,OK
?????,???? 532,HYMER,Nova 532,95%,OK
?????,???? 540,HYMER,Nova 540,95%,OK
?????,???? 570,HYMER,Nova 570,95%,OK
?????,???? 600,HYMER,Nova 600,95%,OK
?????,???? ? 545,HYMER,Nova S 545,95%,OK
?????,? 840,HYMER,S 840,95%,OK
?????,??????? 646 ??,HYMER,Solifer 646 GT,95%,OK
?????,? 614 ??,HYMER,T 614 CL,95%,OK
?????,? 652 ??,HYMER,T 652 CL,95%,OK
?????,? 674 ??,HYMER,T 674 CL,95%,OK
?????,?554??,HYMER,T 554 CL,95%,OK
?????,????? ?,HYMER,Tramp S,95%,OK
?????,????? ? 585,HYMER,Tramp S 585,95%,OK
???,???,TGB,FCC,90%,OK
?????,????? ? 685,HYMER,Tramp S 685,95%,OK
?????,? 522,HYMER,C 522,95%,OK
?????,? 524 ??,HYMER,C 524 SL,95%,OK
?????,? ?? 494,HYMER,C CS 494,90%,OK
?????,?662 ??,HYMER,C 662 CL,95%,OK
??? ???,??????,HSIN YANG,Mastiff,90%,OK
??? ???,??500??? 2,HSIN YANG,XY500ATV-2,90%,OK
??????,?? 170 ??,XINGYUE,XY170MM,90%,OK
?????,???? 2700,HIRTH,ATKH 2700,95%,OK
?????,??? 2000,HIRTH,LAT 2000,95%,OK
??? ?????????,??? 2,HKM ALTENBURG,PTA 2,95%,OK
???,??? 36,HLW,STA 36,90%,OK
???,???35,HLW,STA 35,90%,OK
??,??? 200,HM,TRL 200,85%,OK
???,??????,HMK,Bilcon,85%,OK
????,10,HOBBY,10,95%,OK
????,10 ?,HOBBY,10 B,95%,OK
????,10 ?,HOBBY,10 G,95%,OK
????,10 ?,HOBBY,10 D,95%,OK
????,10 ?,HOBBY,10 J,90%,OK
????,10 ?,HOBBY,10 K,95%,OK
????,10 ?,HOBBY,10 R,95%,OK
????,10 ?,HOBBY,10 C,95%,OK
????,10?,HOBBY,10:00 AM,95%,OK
????,12,HOBBY,12,95%,OK
????,12 ?,HOBBY,12:00 AM,95%,OK
????,12 ?,HOBBY,12 E,95%,OK
????,12 ?,HOBBY,12 M,95%,OK
????,12 ?,HOBBY,12 N,95%,OK
????,12 ?,HOBBY,12 C,95%,OK
????,12?,HOBBY,12 J,90%,OK
????,14,HOBBY,14,95%,OK
????,15 ?,HOBBY,15 D,95%,OK
????,17,HOBBY,17,95%,OK
????,24,HOBBY,24,95%,OK
????,27,HOBBY,27,95%,OK
????,30,HOBBY,30,95%,OK
????,370,HOBBY,370,95%,OK
????,380,HOBBY,380,95%,OK
????,381,HOBBY,381,95%,OK
????,400,HOBBY,400,95%,OK
????,400 ?,HOBBY,400 C,95%,OK
????,400???,HOBBY,400 SFe,95%,OK
????,420,HOBBY,420,95%,OK
????,425,HOBBY,425,95%,OK
????,430,HOBBY,430,95%,OK
????,440,HOBBY,440,95%,OK
????,450,HOBBY,450,95%,OK
????,455,HOBBY,455,95%,OK
????,460,HOBBY,460,95%,OK
????,460 ???,HOBBY,460 UFe,95%,OK
????,460 ?,HOBBY,460 C,95%,OK
????,470 ???,HOBBY,470 KMF,95%,OK
????,495,HOBBY,495,95%,OK
????,495 ??,HOBBY,495 UL,95%,OK
????,500 ????,HOBBY,500 KMFe,95%,OK
????,510,HOBBY,510,95%,OK
????,520,HOBBY,520,95%,OK
????,530,HOBBY,530,95%,OK
????,535,HOBBY,535,95%,OK
????,535 ??,HOBBY,535 TL,95%,OK
????,540,HOBBY,540,95%,OK
????,540 ???,HOBBY,540 UFf,95%,OK
????,542,HOBBY,542,95%,OK
????,545,HOBBY,545,95%,OK
????,550,HOBBY,550,95%,OK
????,560,HOBBY,560,95%,OK
????,560 ???,HOBBY,560 WFU,95%,OK
????,560 ????,HOBBY,560 KMFe,95%,OK
????,560 ??,HOBBY,560 UL,95%,OK
????,560 ???,HOBBY,560 CFe,95%,OK
????,570 ????????,HOBBY,570 Collection,95%,OK
????,610,HOBBY,610,95%,OK
????,620 ??,HOBBY,620 CL,95%,OK
????,635 ??? ?? ???????,HOBBY,635 SMF UK Special,95%,OK
????,640,HOBBY,640,95%,OK
????,650,HOBBY,650,95%,OK
????,650 ???,HOBBY,650 WFU,95%,OK
????,650 ????,HOBBY,650 UKFe,95%,OK
????,650 ????,HOBBY,650 UMFe,95%,OK
????,650 ???,HOBBY,650 UFf,95%,OK
????,680 ???,HOBBY,680 TFM,95%,OK
????,695 ???,HOBBY,695 VIP,95%,OK
????,700,HOBBY,700,95%,OK
????,720,HOBBY,720,95%,OK
????,720 ????,HOBBY,720 KWFU,95%,OK
????,720 ????,HOBBY,720 UKFe,95%,OK
????,720 ??? ???????,HOBBY,720 UML Premium,95%,OK
????,750,HOBBY,750,95%,OK
????,??? 640,HOBBY,VIP 640,95%,OK
????,??? 645,HOBBY,VIP 645,95%,OK
????,????????????,HOBBY,Wohnwagenwerk,80%,OK
????,?? ????,HOBBY,De Luxe,95%,OK
????,?? ???? 440 ??,HOBBY,De Luxe 440 TM,95%,OK
????,???????? 495 ???,HOBBY,Excellent 495 UFe,95%,OK
????,???????? 710,HOBBY,Excellent 710,95%,OK
????,???????? ???,HOBBY,Excellent Easy,95%,OK
????,???????? ??? 500,HOBBY,Excellent Easy 500,95%,OK
????,???????? ??? 560 ??,HOBBY,Excellent Easy 560 UK,95%,OK
????,????????? 560,HOBBY,Exclusive 560,95%,OK
????,????????? 650,HOBBY,Exclusive 650,95%,OK
????,????????? 720,HOBBY,Exclusive 720,95%,OK
????,???????,HOBBY,Elegance,95%,OK
????,?????? ??? 680 ??,HOBBY,Maxia Van 680 ET,95%,OK
????,???????,HOBBY,Premium,95%,OK
????,???????,HOBBY,Prestige,95%,OK
????,??????? 400?,HOBBY,Prestige 400T,95%,OK
????,??????? 560 ????,HOBBY,Prestige 560 KMFe,95%,OK
????,??????? 650,HOBBY,Prestige 650,95%,OK
????,??????? 720,HOBBY,Prestige 720,95%,OK
????,? 500 ????,HOBBY,T 500 GFSC,95%,OK
????,? 550 ?? ??,HOBBY,T 550 AK FS,95%,OK
????,? 650 ?? ???,HOBBY,T 650 AK KLC,95%,OK
????,?65 ???,HOBBY,T65 HKM,95%,OK
????,?65 ???,HOBBY,T65 HFL,95%,OK
????,?,HOBBY,C,90%,OK
????????,? 7000 ??,HODLMAYR,H 7000 HR,90%,OK
????,750,HOKA,750,90%,OK
?????,???,HOKEN,GTR,OK,NEEDS_REVIEW
??????,?? 10,HOLLAND,HT 10,80%,OK
??????,??????,HOLLWEG,Hollweg,80%,OK
????????,???????,HOMEMADE,Trailer,95%,OK
???? ??,?3,HONGYI,X3,85%,OK
???????,???9,HONGQI,E-HS9,98%,OK
?????,125,HONDA,125,90%,OK
?????,150 ???????,HONDA,Pantheon 150,98%,OK
?????,250,HONDA,250,90%,OK
?????,400,HONDA,400,90%,OK
?????,50,HONDA,50,90%,OK
?????,600 ? ????????,HONDA,XL 600V Transalp,98%,OK
?????,600 ?,HONDA,600 R,90%,OK
?????,600 ?,HONDA,600 F,90%,OK
?????,?? 04,HONDA,AD04,95%,OK
?????,??? 750,HONDA,ADV 750,98%,OK
?????,???350?,HONDA,ADV 350A,98%,OK
?????,?????,HONDA,Accord,99%,OK
?????,????? 1.8 ???,HONDA,Accord,99%,OK
?????,????? ?????,HONDA,Accord,99%,OK
?????,????? ?????,HONDA,Accord Tourer,99%,OK
?????,????? ??????,HONDA,Accord Hybrid,99%,OK
?????,??? 125,HONDA,ANF 125,98%,OK
?????,??? 126 6,HONDA,ANF 125,90%,OK
?????,??? 125,HONDA,ANC 125,98%,OK
?????,?????,HONDA,Ascot,98%,OK
?????,?????? ?????,HONDA,Astrea Supra,98%,OK
?????,?? 01,HONDA,AF01,95%,OK
?????,?? 22,HONDA,AF22,95%,OK
?????,?? 29,HONDA,AF29,95%,OK
?????,?? 32 ?,HONDA,AF32A,95%,OK
?????,?? 32 ?,HONDA,AF32E,95%,OK
?????,?? 37,HONDA,AF37,95%,OK
?????,?? 42,HONDA,AF42,95%,OK
?????,?? 49,HONDA,AF49,95%,OK
?????,?? 66,HONDA,AF66,95%,OK
?????,?????? ????,HONDA,Africa Twin,99%,OK
?????,??? 110 ???,HONDA,AFS 110 CSF,98%,OK
?????,??? 1102 ??,HONDA,AFS 110 2SH,95%,OK
?????,????,HONDA,Bali,98%,OK
?????,? 45 ?????,HONDA,V45 Magna,98%,OK
?????,????????,HONDA,Varadero,99%,OK
?????,?? 125,HONDA,WW 125,95%,OK
?????,?? 125 ?? 2,HONDA,WW 125 EX2,95%,OK
?????,?? 150,HONDA,WW 150,95%,OK
?????,?? 150 ?? 2,HONDA,WW 150 EX2,95%,OK
?????,??125?,HONDA,WW 125A,95%,OK
?????,??125?,HONDA,WW 125S,95%,OK
?????,?????,HONDA,Vigor,99%,OK
?????,?????,HONDA,Vision,99%,OK
?????,????? ???????,HONDA,Vision Junior,98%,OK
?????,?? 1100,HONDA,VT 1100,98%,OK
?????,?? 1100 ?,HONDA,VT 1100 C,98%,OK
?????,?? 1100 ? 2 ?????,HONDA,VT 1100 C2 Shadow,98%,OK
?????,?? 1100 ? 3 ?????,HONDA,VT 1100 C3 Shadow,98%,OK
?????,?? 1100 ? ?????,HONDA,VT 1100 C Shadow,98%,OK
?????,?? 125 ?,HONDA,VT 125 C,98%,OK
?????,?? 1300 ???,HONDA,VT 1300 CXA,98%,OK
?????,?? 500,HONDA,VT 500,98%,OK
?????,?? 500 ?,HONDA,VT 500 E,98%,OK
?????,?? 500 ?,HONDA,VT 500 C,98%,OK
?????,?? 600 ? ?????,HONDA,VT 600 C Shadow,98%,OK
?????,?? 650 ?,HONDA,VT 650 C,95%,OK
?????,?? 700 ?,HONDA,VT 700 C,98%,OK
?????,?? 750,HONDA,VT 750,98%,OK
?????,?? 750 ?? 2,HONDA,VT 750 DC2,98%,OK
?????,?? 750 ?,HONDA,VT 750 C,98%,OK
?????,?? 750 ? 2 ?,HONDA,VT 750 C2S,98%,OK
?????,?? 750 ? 2?,HONDA,VT 750 C2B,98%,OK
?????,?? 750 ??? ?????,HONDA,VT 750 CDC Shadow,98%,OK
?????,?? 750 ??,HONDA,VT 750 CS,98%,OK
?????,?? 800 ??,HONDA,VT 800 CJ,98%,OK
?????,??1100?3,HONDA,VT 1100 C3,98%,OK
?????,??1300,HONDA,VT 1300,98%,OK
?????,??1300?? ????,HONDA,VT 1300 CX Fury,98%,OK
?????,??? 1000 ?,HONDA,VTR 1000F,98%,OK
?????,???250,HONDA,VTR 250,98%,OK
?????,??? 1300,HONDA,VTX 1300,98%,OK
?????,??? 1300 ?,HONDA,VTX 1300R,98%,OK
?????,??? 1300 ?,HONDA,VTX 1300S,98%,OK
?????,??? 1300 ?,HONDA,VTX 1300C,98%,OK
?????,??? 1800,HONDA,VTX 1800,99%,OK
?????,??? 1800 ?,HONDA,VTX 1800R,99%,OK
?????,??? 1800 ?,HONDA,VTX 1800S,99%,OK
?????,??? 1800 ? 2,HONDA,VTX 1800F,99%,OK
?????,??? 1800 ?,HONDA,VTX 1800C,99%,OK
?????,?? 1100 ?,HONDA,VF 1100C,99%,OK
?????,?? 500,HONDA,VF 500,99%,OK
?????,?? 700 ?,HONDA,VF 700F,99%,OK
?????,?? 700 ? ?????,HONDA,VF 700C Magna,99%,OK
?????,?? 750,HONDA,VF 750,99%,OK
?????,?? 750 ?,HONDA,VF 750S,99%,OK
?????,?? 750 ?,HONDA,VF 750F,99%,OK
?????,?? 750 ? 2,HONDA,VF 750C,99%,OK
?????,?? 750 ? ?????,HONDA,VF 750C Magna,99%,OK
?????,?? 750 ??,HONDA,VF 750,95%,OK
?????,??? 1200 ??,HONDA,VFR 1200FD,99%,OK
?????,??? 1200 ?,HONDA,VFR 1200X,99%,OK
?????,??? 1200??,HONDA,VFR 1200FD,99%,OK
?????,??? 750 ?,HONDA,VFR 750F,99%,OK
?????,??? 800 ?,HONDA,VFR 800A,99%,OK
?????,??? 800 ?-???,HONDA,VFR 800 VTEC,99%,OK
?????,??? 800 ??,HONDA,VFR 800FI,99%,OK
?????,??? 800 ?,HONDA,VFR 800X,99%,OK
?????,???1200?,HONDA,VFR 1200F,99%,OK
?????,???1200??,HONDA,VFR 1200XD,99%,OK
?????,???800?,HONDA,VFR 800F,99%,OK
?????,??350?,HONDA,GB350S,99%,OK
?????,?? 1000 ???? ????,HONDA,GL 1000 Gold Wing,99%,OK
?????,?? 1100 ???? ????,HONDA,GL 1100 Gold Wing,99%,OK
?????,?? 1100 ??,HONDA,GL 1100DX,99%,OK
?????,?? 1200 ???? ????,HONDA,GL 1200 Gold Wing,99%,OK
?????,?? 1500 ?,HONDA,GL 1500C,99%,OK
?????,?? 1800,HONDA,GL 1800 Gold Wing,99%,OK
?????,?? 1800 ?,HONDA,GL 1800A Gold Wing,99%,OK
?????,?? 1800 ??,HONDA,GL 1800DA Gold Wing,99%,OK
?????,?? 1800??,HONDA,GL 1800DA Gold Wing,99%,OK
?????,??1500 ????????,HONDA,GL 1500 Valkyrie,99%,OK
?????,??1800?,HONDA,GL 1800B Gold Wing,99%,OK
?????,??1800??,HONDA,GL 1800BD Gold Wing,99%,OK
?????,??1800??,HONDA,GL 1800DA Gold Wing,99%,OK
?????,??1800?,HONDA,GL 1800C,99%,OK
?????,??? 1251 ??,HONDA,GLR 125,95%,OK
?????,???? ????,HONDA,Gold Wing,99%,OK
?????,???? ??,HONDA,Gyro Up,99%,OK
?????,????,HONDA,Jazz,99%,OK
?????,???? 250,HONDA,Jazz 250,99%,OK
?????,??? ?? 10,HONDA,JF10,99%,OK
?????,????? 125,HONDA,Dylan 125,99%,OK
?????,????? 150,HONDA,Dylan 150,99%,OK
?????,???,HONDA,Dio,99%,OK
?????,??? 50,HONDA,Dio 50,99%,OK
?????,????????? 650,HONDA,NX 650 Dominator,99%,OK
?????,????????? ?? 500 ?,HONDA,NX 500 Dominator,99%,OK
?????,?,HONDA,e,99%,OK
?????,? ??1,HONDA,e:Ny1,99%,OK
?????,???,HONDA,Eve,95%,OK
?????,???4,HONDA,EVP4,90%,OK
?????,???????,HONDA,Element,99%,OK
?????,??????,HONDA,Elysion,99%,OK
?????,?? 18,HONDA,JD18,99%,OK
?????,?? 19,HONDA,JD19,99%,OK
?????,?? 05,HONDA,JF05,99%,OK
?????,?? 07,HONDA,JF07,99%,OK
?????,?? 9,HONDA,JF09,99%,OK
?????,?? 33,HONDA,JC33,99%,OK
?????,??? 5,HONDA,JC05,99%,OK
?????,?125??,HONDA,Z125MA,99%,OK
?????,???,HONDA,ZR-V,99%,OK
?????,??????,HONDA,Insight,99%,OK
?????,???????,HONDA,Integra,99%,OK
?????,?????????,HONDA,Crossrunner,99%,OK
?????,???????,HONDA,Crosstour,99%,OK
?????,?????????,HONDA,Crosstourer,99%,OK
?????,?? 02,HONDA,KF02,99%,OK
?????,?? 03,HONDA,KF03,99%,OK
?????,?? 04,HONDA,KF04,99%,OK
?????,?? 06,HONDA,KF06,99%,OK
?????,?? 09,HONDA,KF09,99%,OK
?????,???? 100,HONDA,Lead 100,99%,OK
?????,???? 50,HONDA,Lead 50,99%,OK
?????,??????,HONDA,Legend,99%,OK
?????,?????? ? ???,HONDA,Legend,95%,OK
?????,????,HONDA,Lead,99%,OK
?????,????,HONDA,Logo,99%,OK
?????,? ??,HONDA,M-NV,99%,OK
?????,?????,HONDA,Magna,99%,OK
?????,????? ? 30,HONDA,VF500C Magna V30,99%,OK
?????,??????? ?? 03,HONDA,Montesa DC03,95%,OK
?????,??????? ?? 02,HONDA,Montesa SD02,99%,OK
?????,??? 125,HONDA,MSX 125,99%,OK
?????,??? 125?,HONDA,MSX 125A,99%,OK
?????,??? 125 ?,HONDA,MTX 125R,99%,OK
?????,?? 04,HONDA,MF04,99%,OK
?????,?? 05,HONDA,MF05,99%,OK
?????,?? 08,HONDA,MF08,99%,OK
?????,?? 06,HONDA,MC06,99%,OK
?????,??? 125,HONDA,NES 125,99%,OK
?????,??? 150,HONDA,NES 150,99%,OK
?????,??? 50,HONDA,NPS 50,99%,OK
?????,??? 1800,HONDA,NRX 1800,99%,OK
?????,??? 700 ?,HONDA,NSA 700A,99%,OK
?????,??? 125 ?,HONDA,NSR 125R,99%,OK
?????,??? 250 ? ???????,HONDA,NSS 250 Reflex,99%,OK
?????,??? 250 ??,HONDA,NSS 250EX,99%,OK
?????,??? 350 ?,HONDA,NSS 350A,99%,OK
?????,???125??,HONDA,NSS 125AD,99%,OK
?????,???250?,HONDA,NSS 250S,99%,OK
?????,???300?,HONDA,NSS 300A,99%,OK
?????,???750,HONDA,NSS 750,99%,OK
?????,???,HONDA,NSX,99%,OK
?????,??? 110 ??,HONDA,NSC 110,99%,OK
?????,??? 110 ? ?,HONDA,NSC 110,99%,OK
?????,??? 50,HONDA,NSC 50,99%,OK
?????,??? 50 2??,HONDA,NSC 50,99%,OK
?????,??? 50 ??,HONDA,NSC 50,99%,OK
?????,??? 50 ???,HONDA,NSC 50,99%,OK
?????,??? 50 ? 2,HONDA,NSC 50,99%,OK
?????,???110,HONDA,NSC 110,99%,OK
?????,???110???,HONDA,NSC 110,99%,OK
?????,?? 650 ?,HONDA,NT 650V Deauville,99%,OK
?????,?? 650 ? ?????,HONDA,NT 650V Deauville,99%,OK
?????,?? 700 ??,HONDA,NT 700VA Deauville,99%,OK
?????,??1100?,HONDA,NT 1100A,99%,OK
?????,??1100?,HONDA,NT 1100D,99%,OK
?????,??1100??,HONDA,NT 1100DE,99%,OK
?????,??? 650,HONDA,NTV 650,99%,OK
?????,?? 02,HONDA,NF02,99%,OK
?????,?? 125,HONDA,NX 125,99%,OK
?????,?? 250,HONDA,NX 250,99%,OK
?????,?? 500,HONDA,NX 500,99%,OK
?????,?? 500 ?????????,HONDA,NX 500 Dominator,99%,OK
?????,?? 600 ?????????,HONDA,NX 600 Dominator,99%,OK
?????,?? 650,HONDA,NX 650,99%,OK
?????,?? 650 ?????????,HONDA,NX 650 Dominator,99%,OK
?????,??? 110 ??,HONDA,NHX 110,99%,OK
?????,?? 700 ?,HONDA,NC 700D,99%,OK
?????,?? 700 ??,HONDA,NC 700SA,99%,OK
?????,?? 700 ??,HONDA,NC 700SD,99%,OK
?????,?? 700 ? ?,HONDA,NC 700XD,99%,OK
?????,?? 750 ?,HONDA,NC 750D,99%,OK
?????,?? 750 ?,HONDA,NC 750J,99%,OK
?????,?? 750 ??,HONDA,NC 750SA,99%,OK
?????,?? 750 ??,HONDA,NC 750SD,99%,OK
?????,?? 750 ??,HONDA,NC 750XA,99%,OK
?????,?? 750 ??,HONDA,NC 750XD,99%,OK
?????,??700?,HONDA,NC 700X,99%,OK
?????,??700??,HONDA,NC 700XA,99%,OK
?????,??????,HONDA,Odyssey,99%,OK
?????,?????,HONDA,Orthia,99%,OK
?????,??? ??????,HONDA,Pan-European,99%,OK
?????,???????,HONDA,Pantheon,99%,OK
?????,?? 03,HONDA,PD03,99%,OK
?????,?? 04,HONDA,PD04,99%,OK
?????,?? 06,HONDA,PD06,99%,OK
?????,??? 125,HONDA,PES 125,99%,OK
?????,??? 150,HONDA,PES 150,99%,OK
?????,?????,HONDA,Pilot,99%,OK
?????,????? ???,HONDA,Pilot,99%,OK
?????,??????,HONDA,Prelude,99%,OK
?????,????????,HONDA,Prologue,99%,OK
?????,??125?,HONDA,PS 125i,99%,OK
?????,?? 01,HONDA,PF01,99%,OK
?????,?? 12,HONDA,PC12,99%,OK
?????,?? 15,HONDA,PC15,99%,OK
?????,?? 20,HONDA,PC20,99%,OK
?????,?? 21,HONDA,PC21,99%,OK
?????,?? 26,HONDA,PC26,99%,OK
?????,?? 32-?,HONDA,PC32,99%,OK
?????,?? 34,HONDA,PC34,99%,OK
?????,?? 35,HONDA,PC35,99%,OK
?????,?? 36,HONDA,PC36,99%,OK
?????,??25,HONDA,PC25,99%,OK
?????,??37,HONDA,PC37,99%,OK
?????,??? 125,HONDA,PCX 125,99%,OK
?????,??? 150,HONDA,PCX 150,99%,OK
?????,?? 02,HONDA,RD02,99%,OK
?????,?? 08,HONDA,RD08,99%,OK
?????,?? 09 ?,HONDA,RD09,99%,OK
?????,?? 11,HONDA,RD11,99%,OK
?????,?? 13,HONDA,RD13,99%,OK
?????,?? 3,HONDA,CR-V,95%,OK
?????,?????,HONDA,Rebel,99%,OK
?????,????????,HONDA,Ridgeline,99%,OK
?????,??? 250?,HONDA,RME 250R,95%,OK
?????,???,HONDA,RMX,95%,OK
?????,?? 1,HONDA,RX1,95%,OK
?????,?? 07,HONDA,RC07,99%,OK
?????,?? 08,HONDA,RC08,99%,OK
?????,?? 09,HONDA,RC09,99%,OK
?????,?? 14,HONDA,RC14,99%,OK
?????,?? 17,HONDA,RC17,99%,OK
?????,?? 24,HONDA,RC24,99%,OK
?????,?? 33,HONDA,RC33,99%,OK
?????,?? 34,HONDA,RC34,99%,OK
?????,?? 44,HONDA,RC44,99%,OK
?????,?? 46,HONDA,RC46,99%,OK
?????,?? 47,HONDA,RC47,99%,OK
?????,?? 48,HONDA,RC48,99%,OK
?????,? 2000,HONDA,S2000,99%,OK
?????,? 2000 2.00 16 ?,HONDA,S2000,99%,OK
?????,?? 900 ?,HONDA,CB900F,95%,OK
?????,??? 50 ????,HONDA,SGX50 Sky,90%,OK
?????,???50,HONDA,SGX50,95%,OK
?????,?? 01,HONDA,SD01,85%,OK
?????,?? 100,HONDA,SJ100,90%,OK
?????,??? 50 ?,HONDA,SZX50S,90%,OK
?????,??? 50 ?,HONDA,SZX50X,90%,OK
?????,?????,HONDA,Civic,99%,OK
?????,????? 3 ??,HONDA,Civic,99%,OK
?????,????? 4 ??,HONDA,Civic,99%,OK
?????,????? 4 ?? ??????,HONDA,Civic Hybrid,99%,OK
?????,????? 4?,HONDA,Civic,99%,OK
?????,????? 5 ??,HONDA,Civic,99%,OK
?????,????? ???,HONDA,Civic,95%,OK
?????,????? ???? ?,HONDA,Civic Type R,99%,OK
?????,????? ?????,HONDA,Civic Tourer,99%,OK
?????,????? ??????,HONDA,Civic Hybrid,99%,OK
?????,?????? ????,HONDA,Silver Wing,99%,OK
?????,?????? ????,HONDA,Silver Wing,99%,OK
?????,???? 1200,HONDA,City,95%,OK
?????,???? 1300,HONDA,City,95%,OK
?????,???? ???? ??? 125,HONDA,CLR125 City Fly,95%,OK
?????,??? 650,HONDA,SLR650,95%,OK
?????,?? 125 ?,HONDA,CM125T,95%,OK
?????,?????? 125,HONDA,Spacy 125,95%,OK
?????,???50,HONDA,SRX50,95%,OK
?????,?? 1100,HONDA,ST1100 Pan European,95%,OK
?????,?? 1300 ?,HONDA,ST1300 Pan European,95%,OK
?????,??125?,HONDA,ST125 Dax,95%,OK
?????,????? 400,HONDA,Steed 400,95%,OK
?????,????? ???,HONDA,Steed VLX,95%,OK
?????,??????,HONDA,Stream,99%,OK
?????,??? 50,HONDA,SFX50,95%,OK
?????,?? 100,HONDA,SH100,95%,OK
?????,?? 125,HONDA,SH125,95%,OK
?????,?? 125 ??,HONDA,SH125,95%,OK
?????,?? 125 ?,HONDA,SH125,95%,OK
?????,?? 150,HONDA,SH150,95%,OK
?????,?? 150 ??,HONDA,SH150,95%,OK
?????,?? 150 ?,HONDA,SH150,95%,OK
?????,?? 300,HONDA,SH300,95%,OK
?????,?? 300 ?,HONDA,SH300,95%,OK
?????,?? 50,HONDA,SH50,95%,OK
?????,??350?,HONDA,SH350,95%,OK
?????,?? 06,HONDA,SC06,85%,OK
?????,?? 15,HONDA,SC15,85%,OK
?????,?? 21,HONDA,SC21,85%,OK
?????,?? 23,HONDA,SC23,85%,OK
?????,?? 24,HONDA,SC24,85%,OK
?????,?? 26,HONDA,SC26,85%,OK
?????,?? 32,HONDA,SC32,85%,OK
?????,?? 34 1500,HONDA,SC34 Valkyrie,85%,OK
?????,?? 36,HONDA,SC36,85%,OK
?????,?? 42,HONDA,SC42,85%,OK
?????,?? 44,HONDA,SC44,85%,OK
?????,?? 50,HONDA,SC50,85%,OK
?????,?? 51,HONDA,SC51,85%,OK
?????,?? 52,HONDA,SC52,85%,OK
?????,??? 100,HONDA,SCV100 Lead,95%,OK
?????,??? 100 ????,HONDA,SCV100 Lead,95%,OK
?????,???? ?,HONDA,Type R,80%,OK
?????,????,HONDA,Tact,95%,OK
?????,???????? 600 ?,HONDA,XL600V Transalp,95%,OK
?????,???????? 650,HONDA,XL650V Transalp,95%,OK
?????,??? 250 ??,HONDA,TRX250EX,95%,OK
?????,??? 350 ??,HONDA,TRX350FM,95%,OK
?????,????? 2.4 ?,HONDA,Accord Tourer,90%,OK
?????,? 450,HONDA,CRF450,80%,OK
?????,? 6 ? ????????,HONDA,F6C Valkyrie,95%,OK
?????,??? 125,HONDA,FES125 Pantheon,95%,OK
?????,??? 125 ?,HONDA,FES125,95%,OK
?????,??? 125 ???????,HONDA,FES125 Pantheon,95%,OK
?????,??? 250,HONDA,FES250 Foresight,95%,OK
?????,???150,HONDA,FES150 Pantheon,95%,OK
?????,??? 400 ?,HONDA,FJS400 Silver Wing,95%,OK
?????,??? 400 ?,HONDA,FJS400 Silver Wing,95%,OK
?????,??? 600 ?????? ????,HONDA,FJS600 Silver Wing,95%,OK
?????,???600?,HONDA,FJS600 Silver Wing,95%,OK
?????,???,HONDA,Fit,99%,OK
?????,??? 650,HONDA,FMX650,95%,OK
?????,???????,HONDA,Foresight,95%,OK
?????,????? 250,HONDA,Forza 250,95%,OK
?????,????? 350,HONDA,Forza 350,95%,OK
?????,?? ?,HONDA,FR-V,99%,OK
?????,???125,HONDA,FSH125,95%,OK
?????,?? 500,HONDA,FT500,95%,OK
?????,?? 650,HONDA,FX650 Vigor,95%,OK
?????,? 11,HONDA,X11,95%,OK
?????,? 8 ? ?,HONDA,X8R-X,95%,OK
?????,? 8 ??,HONDA,X8R-S,95%,OK
?????,??,HONDA,XL,80%,OK
?????,?? 1000 ? ????????,HONDA,XL1000V Varadero,95%,OK
?????,?? 1000 ??,HONDA,XL1000V Varadero,95%,OK
?????,?? 125 ?,HONDA,XL125V Varadero,95%,OK
?????,?? 500 ?,HONDA,XL500R,95%,OK
?????,?? 600,HONDA,XL600,95%,OK
?????,?? 600 ? ????? ???,HONDA,XL600V Transalp,95%,OK
?????,?? 600 ??,HONDA,XL600LM,95%,OK
?????,?? 650 ? ????????,HONDA,XL650V Transalp,95%,OK
?????,?? 700 ?,HONDA,XL700V Transalp,95%,OK
?????,?? 700 ??,HONDA,XL700V Transalp,95%,OK
?????,??1000?? ????????,HONDA,XL1000V Varadero,95%,OK
?????,??750,HONDA,XL750 Transalp,95%,OK
?????,??750?,HONDA,XL750 Transalp,90%,OK
?????,??? 750 ?,HONDA,XLV750R,95%,OK
?????,??? 125 ?,HONDA,XLR125R,95%,OK
?????,?????,HONDA,,OK,NEEDS_REVIEW
?????,?????? 600 ?,HONDA,CB600S Hornet,95%,OK
?????,?????? 900,HONDA,CB900F Hornet,95%,OK
?????,?? 125 ?,HONDA,XR125L,95%,OK
?????,?? 250 ?,HONDA,XR250L,95%,OK
?????,?? 250 ?,HONDA,XR250R,95%,OK
?????,?? 400 ?,HONDA,XR400R,95%,OK
?????,?? ?,HONDA,HR-V,99%,OK
?????,??? 650,HONDA,XRV650 Africa Twin,95%,OK
?????,??? 750 ??????,HONDA,XRV750 Africa Twin,95%,OK
?????,?? 01,HONDA,HF01,85%,OK
?????,?? 08,HONDA,HF08,85%,OK
?????,?? 09,HONDA,HF09,85%,OK
?????,?125?,HONDA,C125 Super Cub,95%,OK
?????,?? 125 ?????,HONDA,CA125 Rebel,95%,OK
?????,?? 1000,HONDA,CB1000,95%,OK
?????,?? 1000 ?,HONDA,CB1000R,95%,OK
?????,?? 1000 ??,HONDA,CB1000R,95%,OK
?????,?? 1000 ?,HONDA,CB1000F,95%,OK
?????,?? 1100 ?,HONDA,CB1100,95%,OK
?????,?? 1100 ??,HONDA,CB1100SF,95%,OK
?????,?? 125,HONDA,CB125,95%,OK
?????,?? 1300 ??,HONDA,CB1300,95%,OK
?????,?? 250,HONDA,CB250,95%,OK
?????,?? 250 ??,HONDA,CB250RS,95%,OK
?????,?? 350 ?,HONDA,CB350,95%,OK
?????,?? 400 ?,HONDA,CB400N,95%,OK
?????,?? 450 ???,HONDA,CB450,90%,OK
?????,?? 500,HONDA,CB500,95%,OK
?????,?? 500 ??,HONDA,CB500F,95%,OK
?????,?? 500 ??,HONDA,CB500X,95%,OK
?????,?? 550 ??,HONDA,CB550SC,95%,OK
?????,?? 600,HONDA,CB600,95%,OK
?????,?? 600 ?,HONDA,CB600F Hornet,95%,OK
?????,?? 600 ? ??????,HONDA,CB600F Hornet,95%,OK
?????,?? 600 ??,HONDA,CB600F Hornet,95%,OK
?????,?? 650,HONDA,CB650,95%,OK
?????,?? 650 ??,HONDA,CB650R,95%,OK
?????,?? 650 ??,HONDA,CB650F,95%,OK
?????,?? 650 ?,HONDA,CB650C,95%,OK
?????,?? 750,HONDA,CB750,95%,OK
?????,?? 750 ? 2,HONDA,CB750,95%,OK
?????,?? 900 ?,HONDA,CB900F,95%,OK
?????,?? 900 ??????,HONDA,CB900F Hornet,95%,OK
?????,??1000??,HONDA,CB1000,90%,OK
?????,??1000??,HONDA,CB1000R,90%,OK
?????,??1100??,HONDA,CB1100,95%,OK
?????,??125?,HONDA,CB125F,95%,OK
?????,??300?,HONDA,CB300F,95%,OK
?????,??500???,HONDA,CB500F,95%,OK
?????,??500???,HONDA,CB500X,95%,OK
?????,??650???,HONDA,CB650R,95%,OK
?????,??750?,HONDA,CB750,95%,OK
?????,??750??,HONDA,CB750,95%,OK
?????,??? 1000 ??,HONDA,CBR1000RR,95%,OK
?????,??? 1000 ??,HONDA,CBR1000RR,95%,OK
?????,??? 1000 ?,HONDA,CBR1000F,95%,OK
?????,??? 1100,HONDA,CBR1100XX,95%,OK
?????,??? 1100 ??,HONDA,CBR1100XX,95%,OK
?????,??? 125 ?,HONDA,CBR125R,95%,OK
?????,??? 250 ?,HONDA,CBR250R,95%,OK
?????,??? 250 ??,HONDA,CBR250R,95%,OK
?????,??? 300 ??,HONDA,CBR300R,95%,OK
?????,??? 500,HONDA,CBR500R,95%,OK
?????,??? 500 ??,HONDA,CBR500R,95%,OK
?????,??? 600,HONDA,CBR600F,95%,OK
?????,??? 600 ??,HONDA,CBR600RR,95%,OK
?????,??? 600 ??,HONDA,CBR600RR,95%,OK
?????,??? 600 ?,HONDA,CBR600F,95%,OK
?????,??? 600 ? 3,HONDA,CBR600F,95%,OK
?????,??? 600 ? 4,HONDA,CBR600F,95%,OK
?????,??? 600 ? 4 ?,HONDA,CBR600F,95%,OK
?????,??? 600 ?? 2,HONDA,CBR600F,95%,OK
?????,??? 650 ??,HONDA,CBR650F,95%,OK
?????,??? 900,HONDA,CBR900RR Fireblade,95%,OK
?????,??? 900 ??,HONDA,CBR900RR Fireblade,95%,OK
?????,??? 900 ?? ?????????,HONDA,CBR900RR Fireblade,95%,OK
?????,???1000?,HONDA,CBR1000RR,95%,OK
?????,???1000?1,HONDA,CBR1000RR,95%,OK
?????,???1000??,HONDA,CBR1000RR,95%,OK
?????,???1000??,HONDA,CBR1000RR,95%,OK
?????,???500??,HONDA,CBR500R,95%,OK
?????,???600?3,HONDA,CBR600R,95%,OK
?????,???650??,HONDA,CBR650R,95%,OK
?????,???650???,HONDA,CBR650R,95%,OK
?????,???650???,HONDA,CBR650R,95%,OK
?????,??? 1000,HONDA,CBF1000,95%,OK
?????,??? 1000 ?8,HONDA,CBF1000,95%,OK
?????,??? 1000 ??,HONDA,CBF1000,95%,OK
?????,??? 125 ?,HONDA,CBF125,95%,OK
?????,??? 250,HONDA,CBF250,95%,OK
?????,??? 500,HONDA,CBF500,95%,OK
?????,??? 500 ???,HONDA,CBF500,95%,OK
?????,??? 600,HONDA,CBF600,95%,OK
?????,??? 600 ?,HONDA,CBF 600N,95%,OK
?????,??? 600 ?,HONDA,CBF 600S,95%,OK
?????,???125??,HONDA,CBF125NA,95%,OK
?????,???300??,HONDA,CBF300NA,95%,OK
?????,??? 1000,HONDA,CBX 1000,95%,OK
?????,??? 650 ?,HONDA,CBX 650E,95%,OK
?????,?? 125,HONDA,CG 125,95%,OK
?????,??500?,HONDA,CL500A,95%,OK
?????,?? 125 ?,HONDA,CM 125C,95%,OK
?????,?? 185 ?,HONDA,CM 185T,95%,OK
?????,?? 400 ?,HONDA,CM 400T,95%,OK
?????,??? 250 ?????,HONDA,CMX 250 Rebel,95%,OK
?????,??? 250 ?,HONDA,CMX 250C,95%,OK
?????,??? 450 ?,HONDA,CMX 450C,95%,OK
?????,??? 500?,HONDA,CMX 500A,95%,OK
?????,???1100?,HONDA,CMX 1100A,95%,OK
?????,???1100?2,HONDA,CMX 1100A2,95%,OK
?????,???1100?,HONDA,CMX 1100D,95%,OK
?????,???1100?2,HONDA,CMX 1100D2,95%,OK
?????,???1100?3,HONDA,CMX 1100D3,95%,OK
?????,???500 ?2,HONDA,CMX 500A2,95%,OK
?????,???500?,HONDA,CMX 500A,95%,OK
?????,?? ?,HONDA,CR-V,95%,OK
?????,?? ? ???? 2.0,HONDA,CR-V,90%,OK
?????,?? ? ??????,HONDA,CR-V Hybrid,95%,OK
?????,?? ?,HONDA,CR-Z,95%,OK
?????,???,HONDA,CR-V,95%,OK
?????,??? 250 ?,HONDA,CRM 250R,95%,OK
?????,??? 1000 ?,HONDA,CRF 1000A,95%,OK
?????,??? 1000 ?,HONDA,CRF 1000D,95%,OK
?????,??? 230,HONDA,CRF 230,95%,OK
?????,??? 250 ?,HONDA,CRF 250L,95%,OK
?????,??? 250 ?,HONDA,CRF 250X,95%,OK
?????,??? 250?,HONDA,CRF 250M,95%,OK
?????,??? 250?,HONDA,CRF 250R,95%,OK
?????,??? 300 ??,HONDA,CRF 300LR,95%,OK
?????,??? 450 ?,HONDA,CRF 450R,95%,OK
?????,??? 450 ?,HONDA,CRF 450X,95%,OK
?????,???1000?2,HONDA,CRF 1000A2,95%,OK
?????,???1000?2,HONDA,CRF 1000D2,95%,OK
?????,???1100?,HONDA,CRF 1100A,95%,OK
?????,???1100?3,HONDA,CRF 1100A3,95%,OK
?????,???1100?4,HONDA,CRF 1100A4,95%,OK
?????,???1100?,HONDA,CRF 1100D,95%,OK
?????,???1100?2,HONDA,CRF 1100D2,95%,OK
?????,???1100?3,HONDA,CRF 1100D3,95%,OK
?????,???1100?4,HONDA,CRF 1100D4,95%,OK
?????,???250??,HONDA,CRF 250LA,95%,OK
?????,???250???,HONDA,CRF 250RLA,95%,OK
?????,???300??,HONDA,CRF 300LA,95%,OK
?????,???300???,HONDA,CRF 300LRA,95%,OK
?????,???,HONDA,CRX,95%,OK
?????,??? 700??,HONDA,CTX 700ND,95%,OK
?????,???1300?,HONDA,CTX 1300A,95%,OK
?????,???700?,HONDA,CTX 700D,95%,OK
?????,???700?,HONDA,CTX 700N,95%,OK
?????,?? 500 ?,HONDA,CX 500E,95%,OK
?????,?? 500 ?,HONDA,CX 500C,95%,OK
?????,????? 125,HONDA,Shadow 125,95%,OK
?????,????? 90,HONDA,Shadow 90,95%,OK
?????,?????,HONDA,Shuttle,95%,OK
?????,?????,HONDA,Shadow,95%,OK
?????,????? 1100 ?,HONDA,Shadow 1100C,95%,OK
?????,????? 800,HONDA,Shadow 800,95%,OK
?????,????? ???,HONDA,Shadow VLX,95%,OK
??????,??? 18 ?,HONOLD,Hpa 18 L,85%,OK
????????,??????,HOOTMANN,Gildeh,80%,OK
??????,??1,HORWIN,EK1,95%,OK
??????,??1 ??,HORWIN,EK1 DS,95%,OK
??????,??1,HORWIN,SK1,95%,OK
??????,??1 ???,HORWIN,SK1 Pro,95%,OK
??????,??3,HORWIN,SK3,95%,OK
??????,??3 ????,HORWIN,SK3 Plus,95%,OK
????????,????????,HORNTRICH,Eigenbau,OK,NEEDS_REVIEW
?????,2000,HOTRA,2000,85%,OK
?????,?? 2000 ?,HOTRA,VT 2000 S,85%,OK
?????????,??,HOTRARIJS,VT,85%,OK
?????????,??2006,HOTRARIJS,PT2006,85%,OK
?????????,????? 2,HOTRARIJS,Husty 2,85%,OK
?????????,????? ?,HOTRARIJS,Husty S,85%,OK
???? ???,31011 ?,HOME-CAR,31011 B,90%,OK
???? ???,345 ?,HOME-CAR,345 H,90%,OK
???? ???,36,HOME-CAR,36,90%,OK
???? ???,362,HOME-CAR,362,90%,OK
???? ???,38,HOME-CAR,38,90%,OK
???? ???,382,HOME-CAR,382,90%,OK
???? ???,395?,HOME-CAR,395H,90%,OK
???? ???,39?,HOME-CAR,39H,90%,OK
???? ???,403?,HOME-CAR,403H,90%,OK
???? ???,43 ?,HOME-CAR,43 H,90%,OK
???? ???,432,HOME-CAR,432,90%,OK
???? ???,44,HOME-CAR,44,90%,OK
???? ???,445 ?,HOME-CAR,445 H,90%,OK
???? ???,466 ?,HOME-CAR,466 H,90%,OK
???? ???,496?,HOME-CAR,496H,90%,OK
???? ???,5120,HOME-CAR,5120,90%,OK
???? ???,546?,HOME-CAR,546H,90%,OK
???? ???,552 ?,HOME-CAR,552 K,90%,OK
???? ???,?????? 38,HOME-CAR,Eureka 38,90%,OK
???? ???,?480 ??,HOME-CAR,R480 II,90%,OK
??????,2500,HOFMANN,2500,85%,OK
??????,5521 ???????,HOFMANN,5521 Gindorf,80%,OK
??????,750,HOFMANN,750,85%,OK
??????,??? 30.0 3,HOFMANN,LTU 30.0 3,85%,OK
??????,??? 14.0?,HOFMANN,LUT 14.0T,85%,OK
??????,??????,HOFMANN,Schweinfurt,OK,NEEDS_REVIEW
???????,?? 9,HOFFMANN,TP 9,85%,OK
???????????,? 160,HOCHEDLINGER,S 160,85%,OK
???????????,? 250 ? 130,HOCHEDLINGER,S 250 T 130,85%,OK
???????????,??? 2041 17,HOCHEDLINGER,HPT 2041 17,85%,OK
??,300 01,HP,300.01,90%,OK
??,350.01,HP,350.01,90%,OK
??,400.01,HP,400.01,90%,OK
??,401.01,HP,401.01,90%,OK
??,401.01 06,HP,401.01,90%,OK
??,500.01 01,HP,500.01,90%,OK
??,750 01 4,HP,750,85%,OK
???,??? ??,HPN,HPN RR,90%,OK
????,?? 125 ? 15,HSUN,HS125T-15,90%,OK
????,?? 150 ? 2,HSUN,HS150T-2,90%,OK
????,?? 400 ??? 2,HSUN,HS400ATV-2,90%,OK
????,?? 500 ???,HSUN,HS500ATV,90%,OK
????,??150?,HSUN,HS150S,90%,OK
????,??400???,HSUN,HS400ATV,90%,OK
???,??? 20??,HTF,HVA 20MZ,85%,OK
???,??? 39,HTF,HZO 39,85%,OK
???????,????? 50 2?,HUATIAN,Capri 50,90%,OK
???????,??????? 50 2 ?,HUATIAN,Mistral 50,90%,OK
???????,????? 50,HUATIAN,Fiera 50,90%,OK
???????,?? 50 ?? 16,HUATIAN,HT50QT-16,90%,OK
???????,??50?? 29,HUATIAN,HT50QT-29,90%,OK
???????,??50?? 29?,HUATIAN,HT50QT-29A,90%,OK
?????,?? ??10,HUAFU,HF ET10,85%,OK
?????,?? ??12,HUAFU,HF ET12,85%,OK
?????? ?????,???? 20,HUBERT MEIER,ATPR 20,85%,OK
??????,???2002,HUBIER,PLT2002,80%,OK
???????,??1,HULEMANN,EA1,80%,OK
?????,?1,HULCO,M1,90%,OK
?????,?????? 2,HULCO,Medax 2,95%,OK
?????,?????? 3,HULCO,Medax 3,95%,OK
?????,?????? 2,HULCO,Terax 2,95%,OK
?????,?????? 3,HULCO,Terax 3,95%,OK
?????,??,HULCO,HU,90%,OK
???????,11???,HUMBAUR,11FAS,90%,OK
???????,?? ??????? 3000,HUMBAUR,Al Comfort 3000,95%,OK
???????,??????,HUMBAUR,Balios,95%,OK
???????,??3575 ??,HUMBAUR,BE3575 UG,90%,OK
???????,????? ????,HUMBAUR,Zephir Aero,95%,OK
???????,????? 254019,HUMBAUR,Imola 254019,95%,OK
???????,??????? ???? 2013,HUMBAUR,Xantos Aero,95%,OK
???????,??? 1300,HUMBAUR,KFT 1300,95%,OK
???????,??? 1350,HUMBAUR,KFT 1350,95%,OK
???????,??? 1500,HUMBAUR,KFT 1500,95%,OK
???????,???????? ??????? 2400,HUMBAUR,Maximus Volpoli 2400,95%,OK
???????,??? 304222,HUMBAUR,MTK 304222,95%,OK
???????,??? 304722,HUMBAUR,MTK 304722,95%,OK
???????,??? 354722,HUMBAUR,MTK 354722,95%,OK
???????,????,HUMBAUR,SDAH,80%,OK
???????,?????,HUMBAUR,Steely,95%,OK
???????,????? 752111,HUMBAUR,Steely 752111,95%,OK
???????,?? 252915,HUMBAUR,TK 252915,95%,OK
???????,????????? 3000,HUMBAUR,Universal 3000,95%,OK
???????,??? 153520,HUMBAUR,FTK 153520,95%,OK
???????,??? 2700,HUMBAUR,FTK 2700,95%,OK
???????,??? 274022 2023,HUMBAUR,FTK 274022,95%,OK
???????,?,HUMBAUR,H,90%,OK
???????,? 13 ?,HUMBAUR,H 13 K,95%,OK
???????,? 50,HUMBAUR,H 50,95%,OK
???????,? 60,HUMBAUR,H 60,95%,OK
???????,? 75 ?,HUMBAUR,H 75 B,95%,OK
???????,? 751510,HUMBAUR,H 751510,95%,OK
???????,? 752010,HUMBAUR,H 752010,95%,OK
???????,? 752513,HUMBAUR,H 752513,95%,OK
???????,? 75?,HUMBAUR,H 75K,95%,OK
???????,?386,HUMBAUR,H386,95%,OK
???????,?? 102111,HUMBAUR,HA 102111,95%,OK
???????,?? 132513,HUMBAUR,HA 132513,95%,OK
???????,?? 132513 ?,HUMBAUR,HA 132513 G,95%,OK
???????,?? 133015,HUMBAUR,HA 133015,95%,OK
???????,?? 152513,HUMBAUR,HA 152513,95%,OK
???????,?? 20,HUMBAUR,HA 20,95%,OK
???????,?? 253015,HUMBAUR,HA 253015,95%,OK
???????,?? 75 100,HUMBAUR,HA 75 100,95%,OK
???????,?? 75 12,HUMBAUR,HA 75 12,95%,OK
???????,?? 752010,HUMBAUR,HA 752010,95%,OK
???????,?? 752111,HUMBAUR,HA 752111,95%,OK
???????,?? 752513,HUMBAUR,HA 752513,95%,OK
???????,?? 752513??,HUMBAUR,HA 752513UG,95%,OK
???????,??? 200,HUMBAUR,HAK 200,95%,OK
???????,???200 250,HUMBAUR,HAK 200/250,95%,OK
???????,???254119,HUMBAUR,HAK 254119,95%,OK
???????,?? 50,HUMBAUR,HB 50,95%,OK
???????,?? 50 ?,HUMBAUR,HB 50 K,95%,OK
???????,?? 60 75,HUMBAUR,HB 60/75,95%,OK
???????,?? 60 ?,HUMBAUR,HB 60 K,95%,OK
???????,?? 752111,HUMBAUR,HB 752111,95%,OK
???????,???,HUMBAUR,HVK,95%,OK
???????,??,HUMBAUR,HD,95%,OK
???????,?? 132513 15,HUMBAUR,HK 132513-15,95%,OK
???????,?? 132513 15 ?,HUMBAUR,HK 132513-15P,95%,OK
???????,?? 153015-18?,HUMBAUR,HK 153015-18P,95%,OK
???????,?? 1625,HUMBAUR,HK 1625,95%,OK
???????,?? 203015 18 ?,HUMBAUR,HK 203015-18P,95%,OK
???????,?? 752513 15 ?,HUMBAUR,HK 752513-15P,95%,OK
???????,?? 60,HUMBAUR,HM 60,95%,OK
???????,?? 75,HUMBAUR,HM 75,95%,OK
???????,?? 752212,HUMBAUR,HM 752212,95%,OK
???????,?? 2000 2500 ?,HUMBAUR,HN 2000/2500 G,95%,OK
???????,?? 254118,HUMBAUR,HN 254118,95%,OK
???????,?? 3000 ?,HUMBAUR,HN 3000 G,95%,OK
???????,?? 2000,HUMBAUR,HP 2000,95%,OK
???????,?? 2003,HUMBAUR,HP 2003,95%,OK
???????,??,HUMBAUR,HS,90%,OK
???????,?? 200 350,HUMBAUR,HS 200/350,95%,OK
???????,?? 250,HUMBAUR,HS 250,95%,OK
???????,?? 353718,HUMBAUR,HS 353718,95%,OK
???????,?? 654520,HUMBAUR,HS 654520,95%,OK
???????,??2000,HUMBAUR,HS 2000,95%,OK
???????,??? 351324 ?,HUMBAUR,HSA 351324 C,95%,OK
???????,?? 20,HUMBAUR,HT 20,95%,OK
???????,?? 2000,HUMBAUR,HT 2000,95%,OK
???????,?? 2500 ?,HUMBAUR,HT 2500 G,95%,OK
???????,?? 254118,HUMBAUR,HT 254118,95%,OK
???????,?? 30 41 18,HUMBAUR,HT 304118,95%,OK
???????,?? 3000 ?,HUMBAUR,HT 3000 G,95%,OK
???????,?? 304121,HUMBAUR,HT 304121,95%,OK
???????,?? 305121,HUMBAUR,HT 305121,95%,OK
???????,?? 305124,HUMBAUR,HT 305124,95%,OK
???????,?? 305221 ??,HUMBAUR,HT 305221 GR,95%,OK
???????,?? 35 41 20,HUMBAUR,HT 354120,95%,OK
???????,?? 3500,HUMBAUR,HT 3500,95%,OK
???????,?? 354121,HUMBAUR,HT 354121,95%,OK
???????,?? 356124,HUMBAUR,HT 356124,95%,OK
???????,?? 356221 ??,HUMBAUR,HT 356221 GR,95%,OK
???????,??25,HUMBAUR,HT 25,95%,OK
???????,??254121,HUMBAUR,HT 254121,95%,OK
???????,??? 3500.31,HUMBAUR,HTK 3500.31,95%,OK
???????,??? 304121,HUMBAUR,HTF 304121,95%,OK
???????,?? 152314,HUMBAUR,HU 152314,95%,OK
???????,??120,HUMBAUR,HU 120,95%,OK
???????,??? 3000,HUMBAUR,HUT 3000,95%,OK
???????,??? 3500,HUMBAUR,HUT 3500,95%,OK
???????,?? 200,HUMBAUR,HF 200,95%,OK
???????,?? 240,HUMBAUR,HF 240,95%,OK
???????,??? 200 250,HUMBAUR,HFK 200/250,95%,OK
???????,??? 2500,HUMBAUR,HFK 2500,95%,OK
?????,1600,HUMER,1600,90%,OK
?????,2000 ??,HUMER,2000 GB,90%,OK
?????,? 588,HUMER,B 588,90%,OK
?????,?? 250,HUMER,VK 250,90%,OK
?????,??? 3048,HUMER,GDP 3048,90%,OK
?????,??? 3596,HUMER,GDP 3596,90%,OK
?????,?222?,HUMER,K222G,90%,OK
?????,?821 ?? 1100,HUMER,K821 VL 1100,90%,OK
?????,????????,HUMER,Liftomat,95%,OK
?????,???? 340,HUMER,Nova 340,95%,OK
?????,?? 2642,HUMER,PU 2642,90%,OK
?????,??????????? ?? 1325,HUMER,Silverliner LK 1325,95%,OK
?????,????? 4020,HUMER,Speedy 4020,95%,OK
????????,450??,HUSABERG,FE 450,95%,OK
????????,570 ??,HUSABERG,FE 570,95%,OK
????????,?? 300,HUSABERG,TE 300,95%,OK
????????,?? 250 ?,HUSABERG,FE 250 A,95%,OK
?????????,250,HUSQVARNA,250,95%,OK
?????????,350 ??,HUSQVARNA,TE 350,95%,OK
?????????,701 ??????,HUSQVARNA,701 Enduro,95%,OK
?????????,701 ?????????,HUSQVARNA,701 Supermoto,95%,OK
?????????,801 ??????????,HUSQVARNA,Svartpilen 801,95%,OK
?????????,901 ??????,HUSQVARNA,Norden 901,95%,OK
?????????,901 ?????? ??????????,HUSQVARNA,Norden 901 Expedition,95%,OK
?????????,???????? 401,HUSQVARNA,Vitpilen 401,95%,OK
?????????,???????? 701,HUSQVARNA,Vitpilen 701,95%,OK
?????????,?? 300,HUSQVARNA,WR 300,95%,OK
?????????,?????????? 125,HUSQVARNA,Svartpilen 125,95%,OK
?????????,?????????? 401,HUSQVARNA,Svartpilen 401,95%,OK
?????????,?????????? 701,HUSQVARNA,Svartpilen 701,95%,OK
?????????,?? 125,HUSQVARNA,SM 125,95%,OK
?????????,?? 610,HUSQVARNA,SM 610,95%,OK
?????????,?? 630,HUSQVARNA,SM 630,95%,OK
?????????,??? 510,HUSQVARNA,SMR 510,95%,OK
?????????,??? 511,HUSQVARNA,SMR 511,95%,OK
?????????,?? 125,HUSQVARNA,TE 125,95%,OK
?????????,?? 150,HUSQVARNA,TE 150,95%,OK
?????????,?? 250,HUSQVARNA,TE 250,95%,OK
?????????,?? 250?,HUSQVARNA,TE 250i,95%,OK
?????????,?? 300,HUSQVARNA,TE 300,95%,OK
?????????,?? 300?,HUSQVARNA,TE 300i,95%,OK
?????????,?? 310,HUSQVARNA,TE 310,95%,OK
?????????,?? 449,HUSQVARNA,TE 449,95%,OK
?????????,??450,HUSQVARNA,TE 450,95%,OK
?????????,?? 650 ????,HUSQVARNA,TR 650 Terra,95%,OK
?????????,?? 250,HUSQVARNA,FE 250,95%,OK
?????????,?? 350,HUSQVARNA,FE 350,95%,OK
?????????,?? 450,HUSQVARNA,FE 450,95%,OK
?????????,?? 501,HUSQVARNA,FE 501,95%,OK
?????????,? 2,HUSQVARNA,X 2,90%,OK
?????????,? 8,HUSQVARNA,X 8,90%,OK
??????,??? 12,HUTTNER,LNS 12,90%,OK
????????,??? 18.67,HUFFERMANN,HAR 18.67,95%,OK
????????,??? 18.94,HUFFERMANN,HAR 18.94,95%,OK
????????,??? 1870,HUFFERMANN,HAR 1870,95%,OK
????????,??? 18.65,HUFFERMANN,HSA 18.65,95%,OK
????????,??? 1870,HUFFERMANN,HSA 1870,95%,OK
????????,???? 18.80,HUFFERMANN,HTSA 18.80,95%,OK
???,??240,HFR,SB240,90%,OK
????,?? 50 ?,XCMG,QY 50 K,90%,OK
????,???130 ?,XCMG,XCA130 E,90%,OK
???????,50,HYOSUNG,50,95%,OK
???????,??????,HYOSUNG,Aquila,95%,OK
???????,?? 125,HYOSUNG,GA 125,95%,OK
???????,?? 125 ?,HYOSUNG,GA 125 F,95%,OK
???????,?? 125,HYOSUNG,GV 125,95%,OK
???????,?? 650,HYOSUNG,GV 650,95%,OK
???????,??250,HYOSUNG,GV 250,95%,OK
???????,?? 250,HYOSUNG,GT 250,95%,OK
???????,?? 650,HYOSUNG,GT 650,95%,OK
???????,?? 125,HYOSUNG,GF 125,95%,OK
???????,?????,HYOSUNG,Comet,95%,OK
???????,?? 3,HYOSUNG,MS3,95%,OK
???????,?? 125,HYOSUNG,RX 125,95%,OK
???????,?? 50 ?,HYOSUNG,SB 50 G,95%,OK
???????,?? 50,HYOSUNG,SF 50,95%,OK
???????,?? 450,HYOSUNG,TE 450,95%,OK
???????,????? 125,HYOSUNG,Hyper 125,95%,OK
???????,?? 2000,HUWELER,HU 2000,90%,OK
??????,??????,HYUNDAI,Avante,95%,OK
??????,?????? ???,HYUNDAI,Avante LPi,95%,OK
??????,??????,HYUNDAI,Ioniq,95%,OK
??????,?????? 5,HYUNDAI,Ioniq 5,95%,OK
??????,?????? 6,HYUNDAI,Ioniq 6,95%,OK
??????,?????? 9,HYUNDAI,Ioniq 9,95%,OK
??????,?????? ??????,HYUNDAI,Ioniq Hybrid,95%,OK
??????,??????5 ?,HYUNDAI,Ioniq 5 N,95%,OK
??????,??????6 ?,HYUNDAI,Ioniq 6 N,95%,OK
??????,??????,HYUNDAI,Accent,95%,OK
??????,?????? 1.5,HYUNDAI,Accent,95%,OK
??????,?????? 1.3 ?,HYUNDAI,Accent,95%,OK
??????,????,HYUNDAI,Atos,95%,OK
??????,???? ?????,HYUNDAI,Atos Prime,95%,OK
??????,?????,HYUNDAI,Bayon,95%,OK
??????,????????,HYUNDAI,Veloster,95%,OK
??????,???????? ?,HYUNDAI,Veloster N,95%,OK
??????,????,HYUNDAI,Venue,95%,OK
??????,????????,HYUNDAI,Veracruz,95%,OK
??????,???????? ?? 55,HYUNDAI,ix55,95%,OK
??????,???????,HYUNDAI,Galloper,95%,OK
??????,???????,HYUNDAI,Genesis,95%,OK
??????,??????? ?? 60,HYUNDAI,GV60,95%,OK
??????,??????? ??70,HYUNDAI,GV70,95%,OK
??????,??????? ??80,HYUNDAI,GV80,95%,OK
??????,????,HYUNDAI,Getz,95%,OK
??????,??,HYUNDAI,GK,90%,OK
??????,????? ????? ??,HYUNDAI,Grand Santa Fe,95%,OK
??????,????? ???????,HYUNDAI,Grand Starex,95%,OK
??????,?????????,HYUNDAI,Grandeur,95%,OK
??????,???????? ????,HYUNDAI,Genesis Coupe,95%,OK
??????,????,HYUNDAI,Equus,95%,OK
??????,???????,HYUNDAI,Elantra,95%,OK
??????,??????? ??,HYUNDAI,Elantra GT,95%,OK
??????,? 10,HYUNDAI,i10,95%,OK
??????,? 20,HYUNDAI,i20,95%,OK
??????,? 30,HYUNDAI,i30,95%,OK
??????,? 30 ?,HYUNDAI,i30 N,95%,OK
??????,? 30 ??,HYUNDAI,i30 CW,95%,OK
??????,? 40,HYUNDAI,i40,95%,OK
??????,? ? 35,HYUNDAI,ix35,95%,OK
??????,? ? 55,HYUNDAI,ix55,95%,OK
??????,??????,HYUNDAI,Inster,95%,OK
??????,?? 20,HYUNDAI,ix20,95%,OK
??????,??????,HYUNDAI,County,95%,OK
??????,????,HYUNDAI,Kona,95%,OK
??????,???? ????????,HYUNDAI,Kona Electric,95%,OK
??????,???? ?,HYUNDAI,Kona N,95%,OK
??????,???? ??????,HYUNDAI,Kona Hybrid,95%,OK
??????,????,HYUNDAI,Coupe,95%,OK
??????,???? ??,HYUNDAI,Coupe,95%,OK
??????,????????,HYUNDAI,Maxcruz,95%,OK
??????,???????,HYUNDAI,Matrix,95%,OK
??????,?????,HYUNDAI,Motor,OK,NEEDS_REVIEW
??????,? 1,HYUNDAI,H-1,95%,OK
??????,? 100 ???,HYUNDAI,H100,95%,OK
??????,?????,HYUNDAI,Nexo,95%,OK
??????,???????,HYUNDAI,Palisade,95%,OK
??????,? ????,HYUNDAI,Scoupe,95%,OK
??????,????? ????,HYUNDAI,Santa Cruz,95%,OK
??????,????? ??,HYUNDAI,Santa Fe,95%,OK
??????,????? ?? ??,HYUNDAI,Santa Fe,95%,OK
??????,??????,HYUNDAI,Sonata,95%,OK
??????,?????? ??????,HYUNDAI,Sonata Hybrid,95%,OK
??????,??????,HYUNDAI,Sonica,95%,OK
??????,?????? ???,HYUNDAI,Sonica,95%,OK
??????,?? ? 1,HYUNDAI,SRX 1,OK,NEEDS_REVIEW
??????,???????,HYUNDAI,Starex,95%,OK
??????,??????? 2.5 ? ???,HYUNDAI,Starex,95%,OK
??????,??????,HYUNDAI,Staria,95%,OK
??????,?????? ???????,HYUNDAI,Staria Premium,95%,OK
??????,???????,HYUNDAI,Terracan,95%,OK
??????,??,HYUNDAI,TG,OK,NEEDS_REVIEW
??????,???????,HYUNDAI,Trajet,95%,OK
??????,??????,HYUNDAI,Tucson,95%,OK
??????,?????? ??,HYUNDAI,Tucson JM,95%,OK
??????,?????? ?? 35,HYUNDAI,ix35,95%,OK
??????,? 1,HYUNDAI,H-1,95%,OK
??????,? 100,HYUNDAI,H100,95%,OK
??????,? 100 150,HYUNDAI,H100,90%,OK
??????,? 200,HYUNDAI,H200,95%,OK
??????,? 350,HYUNDAI,H350,95%,OK
??????,?1 ???????,HYUNDAI,H-1 Starex,95%,OK
??????,?350,HYUNDAI,H350,95%,OK
??????,??,HYUNDAI,XG,95%,OK
??????,??????,HYUNDAI,Unknown,OK,NEEDS_REVIEW
????,??? 13 25?,HUERTH,TLO 13 25C,OK,NEEDS_REVIEW
????????,? ? ?,HUEFFERMANN,HSA,85%,OK
????????,????? 18.70,HUEFFERMANN,Haras 18.70,85%,OK
????????,???1812,HUEFFERMANN,HMA 1812,85%,OK
????????,??? 18.70,HUEFFERMANN,HSA 18.70,85%,OK
????????,??? 13 00 ?,HUEFFERMANN,HTM 13.00 P,80%,OK
?????,??? 85,CAMRO,CNK 85,OK,NEEDS_REVIEW
???,0000 ? 3,CBS,T3,80%,OK
???,???? ??? ???????,CBS,Jet Ski Trailer,90%,OK
???,? 3,CBS,T3,85%,OK
???,? 8 ?,CBS,T8R,85%,OK
??????,?.?.3.12.27,ZWALVE,O.M.3.12.27,80%,OK
??????,???3,CEYLAN,CIL3,OK,NEEDS_REVIEW
??????,????????,CENNTRO,Logistar,95%,OK
??????,?????,CENNTRO,Metro,95%,OK
??????,????????? ???,CECTEK,Kingcobra iHD,95%,OK
??????,????????,CECTEK,Quadrift,95%,OK
??,???????? ??,CI,Granduca GT,90%,OK
??,????????? 500,CI,Smalandia 500,85%,OK
??,????? 85 ??,CI,Horon 85 XT,95%,OK
??,????? 98 ??,CI,Horon 98 XT,95%,OK
?? ????,500,WILK,500,90%,OK
?? ????,511,WILK,511,90%,OK
?? ????,540,WILK,540,90%,OK
?? ????,???? ?? ????,WILK,De Luxe,90%,OK
?? ???????? ????,391,WILK,391,90%,OK
?? ???????? ????,541,WILK,541,90%,OK
?? ???????? ????,? 581,WILK,E 581,90%,OK
?? ???????? ????,????? ?? ????,WILK,Stern De Luxe,90%,OK
???????? ?????,??7501,TSITSIRIKIS GEORG,TR7501,OK,NEEDS_REVIEW
???,?? 24,CMT,PT 24,OK,NEEDS_REVIEW
???,???????,CMC,Renegade,80%,OK
??? ??????,???308,CNG KANGAL,CNG308,OK,NEEDS_REVIEW
???,??????,CPI,Aragon,95%,OK
???,?????? ??,CPI,Aragon GP,95%,OK
???,???,CPI,GTR,95%,OK
???,?? 100,CPI,JV 100,90%,OK
???,??,CPI,JR,90%,OK
???,?????? 125,CPI,Oliver 125,95%,OK
???,?????? 50,CPI,Oliver 50,95%,OK
???,?????? ???? ?????,CPI,Oliver City Sport,95%,OK
???,?????? ?????,CPI,Oliver Sport,95%,OK
???,???????,CPI,Popcorn,95%,OK
???,?????????,CPI,Supercross,95%,OK
???,?????????,CPI,Supermoto,95%,OK
???,?? 250,CPI,FA 250,90%,OK
???,??????? ?,CPI,Formula R,95%,OK
???,????? 50,CPI,Hussar 50,95%,OK
???,???1,CTS,MCD1,OK,NEEDS_REVIEW
???,?? 260,CTC,RP 260,OK,NEEDS_REVIEW
??????,1000?? ?,CFMOTO,1000MT-X,95%,OK
??????,125??,CFMOTO,125NK,95%,OK
??????,250??,CFMOTO,250NK,95%,OK
??????,250??,CFMOTO,250SR,95%,OK
??????,300??,CFMOTO,300NK,95%,OK
??????,300??,CFMOTO,300SR,95%,OK
??????,300?? ?,CFMOTO,300CL-X,95%,OK
??????,450??,CFMOTO,450MT,95%,OK
??????,450??,CFMOTO,450NK,95%,OK
??????,450??,CFMOTO,450SR,95%,OK
??????,450?? ?,CFMOTO,450SR S,95%,OK
??????,450?? ?,CFMOTO,450CL-C,95%,OK
??????,650??,CFMOTO,650GT,95%,OK
??????,650??,CFMOTO,650MT,95%,OK
??????,650??,CFMOTO,650NK,95%,OK
??????,675??,CFMOTO,675NK,95%,OK
??????,675?? ?,CFMOTO,675SR-R,95%,OK
??????,700??,CFMOTO,700MT,95%,OK
??????,700?????,CFMOTO,700 Sport,90%,OK
??????,700?? ?,CFMOTO,700CL-X,95%,OK
??????,700?? ? ???,CFMOTO,700CL-X ADV,95%,OK
??????,700?? ? ?????,CFMOTO,700CL-X Sport,95%,OK
??????,700?? ? ???????,CFMOTO,700CL-X Heritage,95%,OK
??????,800 ??,CFMOTO,800MT,95%,OK
??????,800??,CFMOTO,800MT,95%,OK
??????,800?? ?,CFMOTO,800MT-X,95%,OK
??????,800??,CFMOTO,800NK,95%,OK
??????,????250,CFMOTO,Dual 250,90%,OK
??????,????? 800 ?????,CFMOTO,ZForce 800 Sport,95%,OK
??????,????? 800??,CFMOTO,ZForce 800 EX,95%,OK
??????,????? 800,CFMOTO,UForce 800,95%,OK
??????,?????? 550,CFMOTO,UForce 550,95%,OK
??????,? 6,CFMOTO,X6,90%,OK
??????,? ???? 450?,CFMOTO,CForce 450L,95%,OK
??????,? ???? 800,CFMOTO,CForce 800,95%,OK
??????,?? 125 ? 22 ?,CFMOTO,CF125T-22A,95%,OK
??????,?? 500,CFMOTO,CF500,95%,OK
??????,?? 500 2,CFMOTO,CF500-2,95%,OK
??????,?? 625 ?,CFMOTO,CF625-B,95%,OK
??????,?? 650,CFMOTO,CF650,95%,OK
??????,????? 1000,CFMOTO,CForce 1000,95%,OK
??????,????? 1000 ????????,CFMOTO,CForce 1000 Overland,95%,OK
??????,????? 1000 ??????,CFMOTO,CForce 1000 Touring,95%,OK
??????,????? 450 ?,CFMOTO,CForce 450S,95%,OK
??????,????? 450?,CFMOTO,CForce 450S,95%,OK
??????,????? 520 ?,CFMOTO,CForce 520S,95%,OK
??????,????? 520?,CFMOTO,CForce 520L,95%,OK
??????,????? 625 ??????,CFMOTO,CForce 625 Touring,95%,OK
??????,????? 800,CFMOTO,CForce 800,95%,OK
??????,????? 800??,CFMOTO,CForce 800XC,95%,OK
??????,????? 850 ??????,CFMOTO,CForce 850 Touring,95%,OK
??????,????? 850??,CFMOTO,CForce 850XC,95%,OK
??????,?????450?,CFMOTO,CForce 450L,95%,OK
??????,?????550,CFMOTO,CForce 550,95%,OK
???,??,CCM,HB,80%,OK
??????,11 ? 3,CHAVDAR,11 M 3,95%,OK
????????,2 ?????,CHALLENGER,2 Axle,80%,OK
????????,287 ??,CHALLENGER,287 GA,95%,OK
????????,288 ??,CHALLENGER,288 EB,95%,OK
????????,384,CHALLENGER,384,95%,OK
????????,?114? ? ????? ??????,CHALLENGER,V114 Max Road Edition,85%,OK
????????,?210 ????? ?????? ?25,CHALLENGER,V210 Sport Edition,90%,OK
????????,??????? 36?10,CHALLENGER,Genesis 36,90%,OK
????????,???? 614,CHALLENGER,Eden 614,95%,OK
????????,?????,CHALLENGER,Mageo,95%,OK
????????,?194,CHALLENGER,C194,95%,OK
????????,?217,CHALLENGER,C217,95%,OK
????????,??????? ??4,CHALLENGER,Trigano FD4,90%,OK
????????,??????? ??1,CHALLENGER,Trigano FI1,90%,OK
????????,??????? ??4,CHALLENGER,Trigano FI4,90%,OK
????????,?387,CHALLENGER,C387,95%,OK
???????,???????? 125,CHANGZHOU,Agility 125,90%,OK
???????,????????,CHANGZHOU,Kwangyang,85%,OK
?????,?????,CHAOYA,Better,80%,OK
?????,? ???,CHAOYA,E-Bee,85%,OK
????,?????8,CHERY,Tiggo 8,95%,OK
??????,???? ?????,CHEROKEE,Black Label,90%,OK
??????,????,JEEP,Cherokee,95%,OK
??,175,CZ,175,95%,OK
??,175 ?????,CZ,175 Sport,95%,OK
?????,??? ?? ?? 50 ?? 6,QINGQI,QM50QT-6,90%,OK
????? ??????,?? 50 ?? ?,QINGQI SUZUKI,QM50QY-C,85%,OK
????,??????? ?? 50 ?? 11,CHITA,Elegant CH50QT-11,85%,OK
????????,????????????,CHONGQING,Mountain Lion,85%,OK
????????,??? 50 ? 16 ?,CHONGQING,HGJ50Q-16B,85%,OK
????????,?? 200 ?,CHONGQING,HS200S,85%,OK
????????,?? ?055 1,CHONGQING,HS-D055-1,85%,OK
?????,???? 125,REX,Chopper 125,85%,OK
??????,????????,CHUANYUE,Citycoco,90%,OK
???????,???,CHUHADAR,MCD,OK,NEEDS_REVIEW
???????,???,CHUHADAR,CHD,OK,NEEDS_REVIEW
???????????,?? 35 ?,SCHEINSBERGER,SW 35 B,80%,OK
??????,?????,SHAMROCK,Cobra,90%,OK
?????,??????,SHANSU,E-Green,80%,OK
?????,?? 8.0,SHANSU,SS 8.0,85%,OK
?????,?? 1,SHANSU,CP-1,85%,OK
?????,?? 3,SHANSU,CP-3,85%,OK
?????,?? 4,SHANSU,CP-4,85%,OK
?????,?? 6,SHANSU,CP-6,85%,OK
?????,?? 7,SHANSU,CP-7,85%,OK
?????,?? 9,SHANSU,CP-9,85%,OK
??????,11,SCHARFEN,11,OK,NEEDS_REVIEW
????? ???????? ????????,???????? ?60,CHASSIS TECHNICAL SERVICES,Rapiscan T60,85%,OK
?????,514 ???? ???? ?18,CHAUSSON,Flash 514,90%,OK
?????,628?? ??????? ??????,CHAUSSON,628EB Special Edition,95%,OK
?????,640,CHAUSSON,640,95%,OK
?????,777,CHAUSSON,777,95%,OK
?????,??????,CHAUSSON,Allegro,95%,OK
?????,?????? 83 ??6,CHAUSSON,Allegro 83,90%,OK
?????,?594 ????? ????,CHAUSSON,V594 First Line,95%,OK
?????,?75,CHAUSSON,V75,95%,OK
?????,???? ?697,CHAUSSON,Vans V697,95%,OK
?????,?697,CHAUSSON,S697,95%,OK
?????,???????,CHAUSSON,Trigano,90%,OK
?????,?727,CHAUSSON,C727,95%,OK
????,314,CHATEAU,314,95%,OK
????,320,CHATEAU,320,95%,OK
????,330,CHATEAU,330,95%,OK
????,350,CHATEAU,350,95%,OK
????,353?,CHATEAU,353C,95%,OK
????,364,CHATEAU,364,95%,OK
????,38,CHATEAU,38,95%,OK
????,380,CHATEAU,380,95%,OK
????,390,CHATEAU,390,95%,OK
????,394,CHATEAU,394,95%,OK
????,395 ?,CHATEAU,395C,95%,OK
????,400?,CHATEAU,400C,95%,OK
????,403 ?,CHATEAU,403C,95%,OK
????,430,CHATEAU,430,95%,OK
????,440,CHATEAU,440,95%,OK
????,443?,CHATEAU,443C,95%,OK
????,445 ?,CHATEAU,445C,95%,OK
????,460,CHATEAU,460,95%,OK
????,466 ?,CHATEAU,466C,95%,OK
????,490?,CHATEAU,490C,95%,OK
????,850,CHATEAU,850,95%,OK
????,900,CHATEAU,900,95%,OK
????,908,CHATEAU,908,95%,OK
????,928,CHATEAU,928,95%,OK
????,938 ?,CHATEAU,938 V,85%,OK
????,? ??????,CHATEAU,A Series,90%,OK
????,?????? 390,CHATEAU,Touring 390,95%,OK
???????,708 ???? ???????? ?20,CHAUSSON,708 Titanium,85%,OK
???????,??????? ?13,CHAUSSON,Trigano F13,85%,OK
??????,?? 18,SCHWARTE,TA 18,90%,OK
??????????,2 ?,SCHWARZMUELLER,2 E,90%,OK
??????????,3 ? 1 ????,SCHWARZMUELLER,3 A 1 SXKS,85%,OK
??????????,3 ? 3 ? ??? ?,SCHWARZMUELLER,3 A 3 S XKS E,85%,OK
??????????,3 ? ?????? ?,SCHWARZMUELLER,3 A ALMXSH E,80%,OK
??????????,3 ?,SCHWARZMUELLER,3 E,90%,OK
??????????,? ?????,SCHWARZMUELLER,W-Series,90%,OK
??????????,?-?????,SCHWARZMUELLER,W-Series,90%,OK
??????????,?060,SCHWARZMUELLER,W060,90%,OK
??????????,? ?????,SCHWARZMUELLER,G-Series,90%,OK
??????????,? ?1,SCHWARZMUELLER,E A1,85%,OK
??????????,? 203,SCHWARZMUELLER,J 203,85%,OK
??????????,? ?????,SCHWARZMUELLER,J-Series,85%,OK
??????????,? ?????,SCHWARZMUELLER,I-Series,85%,OK
??????????,? ?????,SCHWARZMUELLER,K-Series,90%,OK
??????????,??? 3 ?,SCHWARZMUELLER,KSA 3 E,90%,OK
??????????,? ?????,SCHWARZMUELLER,M-Series,90%,OK
??????????,? ?????,SCHWARZMUELLER,N-Series,90%,OK
??????????,?? 2 ?,SCHWARZMUELLER,PA 2 E,90%,OK
??????????,? ?????,SCHWARZMUELLER,R-Series,90%,OK
??????????,? ?????,SCHWARZMUELLER,S-Series,90%,OK
??????????,??? 2 ?,SCHWARZMUELLER,SPA 2 E,90%,OK
??????????,??? 3,SCHWARZMUELLER,SPA 3,90%,OK
??????????,??? 3 ?,SCHWARZMUELLER,SPA 3 E,90%,OK
??????????,?? 3 ?,SCHWARZMUELLER,ST 3 Z,90%,OK
??????????,?-?????,SCHWARZMUELLER,T-Series,90%,OK
??????????,??? 2 ??,SCHWARZMUELLER,TPA 2 ZJ,85%,OK
??????????,?? 3 ?,SCHWARZMUELLER,TS 3 E,90%,OK
??????????,?? 20 100,SCHWARZMUELLER,TU 20 100,90%,OK
??????????,?? 30 100,SCHWARZMUELLER,TU 30 100,90%,OK
??????????,?? 40 100,SCHWARZMUELLER,TU 40 100,90%,OK
??????????,?? 2 ?,SCHWARZMUELLER,TX 2 E,90%,OK
??????????,? ?????,SCHWARZMUELLER,F-Series,90%,OK
??????????,? ?????,SCHWARZMUELLER,H-Series,90%,OK
??????????,??? 2,SCHWARZMUELLER,HKS 2,90%,OK
??????????,??? 3 ? ? 1,SCHWARZMUELLER,HKS 3 E S 1,85%,OK
??????????,? ?????,SCHWARZMUELLER,C-Series,90%,OK
??????????,??????????,SCHWARZMUELLER,Trailer,OK,NEEDS_REVIEW
????????,? 3860,SCHWEIKERT,E 3860,85%,OK
????????,?? 460,SCHWEIKERT,EE 460,85%,OK
?????,? ????,SCHWING,S-Line,90%,OK
?????,? ????,SCHWING,H-Line,90%,OK
??????????????,??? 30 ???? 2 ?,SCHWINGENSCHLOEGEL,DST 30 ADRV 2 A,85%,OK
??????????????,???? 42 ??,SCHWINGENSCHLOEGEL,DSTK 42 VK,85%,OK
??????????????,?? 2439 ??,SCHWINGENSCHLOEGEL,SK 2439 ZI,85%,OK
??????????????,??? 34 2 ? 800,SCHWINGENSCHLOEGEL,SLS 34 2 M 800,85%,OK
??????????????,??? 18 ??,SCHWINGENSCHLOEGEL,TAH 18 VK,85%,OK
??????????????,??? 19 ??,SCHWINGENSCHLOEGEL,TAH 19 VK,85%,OK
???????????,?? 2445 3??,SCHWINGENSCHLOEGEL,SF 2445 3PM,85%,OK
????? ???????,????????,CHEVAL LIBERTE,Entfallt,OK,NEEDS_REVIEW
????? ???????,???????? ? ?????? ?2,CHEVAL LIBERTE,Optimax F Pullman V2,90%,OK
????? ???????,?5,CHEVAL LIBERTE,C5,95%,OK
????? ???????,?7,CHEVAL LIBERTE,C7,95%,OK
????????,(???????),CHEVROLET,Bus,OK,NEEDS_REVIEW
????????,2500,CHEVROLET,2500,90%,OK
????????,3100,CHEVROLET,3100,90%,OK
????????,??????,CHEVROLET,Avalanche,95%,OK
????????,????,CHEVROLET,Aveo,99%,OK
????????,?????,CHEVROLET,Alero,99%,OK
????????,?????,CHEVROLET,Astro,99%,OK
????????,????? ???,CHEVROLET,Astro Van,95%,OK
????????,??????,CHEVROLET,Bel Air,95%,OK
????????,???????,CHEVROLET,Beretta,99%,OK
????????,??????,CHEVROLET,Blazer,99%,OK
????????,???? ??,CHEVROLET,Bolt EV,99%,OK
????????,???? ???,CHEVROLET,Bolt EUV,99%,OK
????????,????,CHEVROLET,Volt,99%,OK
????????,?20,CHEVROLET,G20,95%,OK
????????,??????,CHEVROLET,Evanda,99%,OK
????????,???????,CHEVROLET,Equinox,99%,OK
????????,???????,CHEVROLET,Express,99%,OK
????????,?????,CHEVROLET,Epica,99%,OK
????????,??????,CHEVROLET,Impala,99%,OK
????????,? 2500,CHEVROLET,K2500,95%,OK
????????,????????,CHEVROLET,Cavalier,99%,OK
????????,?????,CHEVROLET,Kalos,99%,OK
????????,??????,CHEVROLET,Camaro,99%,OK
????????,?????? 2??,CHEVROLET,Camaro,95%,OK
????????,?????? ????,CHEVROLET,Camaro,95%,OK
????????,?????? ??,CHEVROLET,Camaro,95%,OK
????????,???????,CHEVROLET,Captiva,99%,OK
????????,??????,CHEVROLET,Cobalt,99%,OK
????????,????????,CHEVROLET,Colorado,99%,OK
????????,??????,CHEVROLET,Corvette,99%,OK
????????,?????? ? 06,CHEVROLET,Corvette,95%,OK
????????,?????? ????? ???,CHEVROLET,Corvette Stingray,95%,OK
????????,?????? ?8,CHEVROLET,Corvette C8,95%,OK
????????,????,CHEVROLET,Cruze,99%,OK
????????,??????,CHEVROLET,Lacetti,99%,OK
????????,??????,CHEVROLET,Malibu,99%,OK
????????,?????,CHEVROLET,Matiz,99%,OK
????????,????? ?????,CHEVROLET,Monte Carlo,99%,OK
????????,??????,CHEVROLET,Nubira,99%,OK
????????,???????,CHEVROLET,Orlando,99%,OK
????????,?????,CHEVROLET,Prizm,99%,OK
????????,????,CHEVROLET,Rezzo,99%,OK
????????,? 10,CHEVROLET,S-10,95%,OK
????????,????????? 1500,CHEVROLET,Silverado 1500,99%,OK
????????,?????????,CHEVROLET,Silverado,99%,OK
????????,?????,CHEVROLET,Spark,99%,OK
????????,???,CHEVROLET,SSR,99%,OK
????????,????????,CHEVROLET,Suburban,99%,OK
????????,??????,CHEVROLET,Tacuma,99%,OK
????????,?????,CHEVROLET,Tahoe,99%,OK
????????,???????,CHEVROLET,Traverse,99%,OK
????????,?????,CHEVROLET,Trax,99%,OK
????????,????? ?????,CHEVROLET,Trans Sport,99%,OK
????????,????????????,CHEVROLET,TrailBlazer,99%,OK
????????,????????,CHEVROLET,Uplander,99%,OK
????????,???,CHEVROLET,HHR,99%,OK
????????,???? ???,CHEVROLET,Chevy Van,95%,OK
?????,?????,SHELBY,Cobra,99%,OK
?????,??,SHENKE,Gy,OK,NEEDS_REVIEW
?????,?? 250 ??? 3 ?,SHENKE,SK 250 ATV 3 E,85%,OK
?????,2.5 ?,SHERCO,2.5i,90%,OK
?????,300 ?? ?,SHERCO,300 SE-R,95%,OK
?????,300 ?? ?,SHERCO,300 SEF,95%,OK
?????,300 ??? ?,SHERCO,300 SEF-R,95%,OK
?????,4.5 ?,SHERCO,4.5i,90%,OK
?????,450 ??? ?,SHERCO,450 SEF-R,95%,OK
?????,50 ?,SHERCO,50 E,90%,OK
????,??????? 247,CHEREAU,Eurogam 247,95%,OK
????,??????,CHEREAU,Inogam,95%,OK
????,??3,CHEREAU,NS3,95%,OK
????,?? 381 ??,CHEREAU,CD 381 HB,95%,OK
????,?? 382 ??,CHEREAU,CD 382 GA,95%,OK
????,??? 2,CHEREAU,CSD 2,95%,OK
????,??? 3,CHEREAU,CSD 3,95%,OK
???????,??????,SHINERAY,Vulcan,90%,OK
???????,? 200 ???,SHINERAY,K 200 ATV,90%,OK
???????,??????? 250,SHINERAY,Spyder 250,95%,OK
???????,?? 200 ???,SHINERAY,XY 200 GYE,95%,OK
???????,?? 200 ?? - 9,SHINERAY,XY 200 ST-9,95%,OK
???????,?? 250 ?? 9 ?,SHINERAY,XY 250 ST-9C,95%,OK
???????,?? 250 ??3,SHINERAY,XY 250 ST-3,95%,OK
???????,?? 250 ?????,SHINERAY,XY 250 STIXE,95%,OK
???????,?? 250 ????,SHINERAY,XY 250 STXE,95%,OK
???????,?? 300 ???,SHINERAY,XY 300 STE,95%,OK
???????,?? 350 ?? 2,SHINERAY,XY 350 ST-2,95%,OK
???????,??125 11,SHINERAY,XY125-11,95%,OK
???????,??400 ?? 2,SHINERAY,XY400 ST-2,95%,OK
?????,100 ?,SKODA,100 S,99%,OK
?????,??? ????,SKODA,Van Plus,95%,OK
?????,????? 50,SKODA,Elroq 50,95%,OK
?????,????? 85,SKODA,Elroq 85,95%,OK
?????,????? 60,SKODA,Elroq 60,95%,OK
?????,????? ??,SKODA,Elroq RS,95%,OK
?????,????? 50,SKODA,Enyaq 50,99%,OK
?????,????? 60,SKODA,Enyaq 60,99%,OK
?????,????? 80,SKODA,Enyaq 80,99%,OK
?????,????? 80?,SKODA,Enyaq 80X,99%,OK
?????,????? 85,SKODA,Enyaq 85,99%,OK
?????,????? 85?,SKODA,Enyaq 85X,99%,OK
?????,????? ??,SKODA,Enyaq RS,99%,OK
?????,????,SKODA,Yeti,99%,OK
?????,?????,SKODA,Kamiq,99%,OK
?????,?????,SKODA,Karoq,99%,OK
?????,??????,SKODA,Kodiaq,99%,OK
?????,??????,SKODA,Madara,90%,OK
?????,??????? ?????,SKODA,Octavia Scout,99%,OK
?????,???????,SKODA,Octavia,99%,OK
?????,??????? 1.9 ???,SKODA,Octavia,99%,OK
?????,??????? 1.9 ???,SKODA,Octavia,99%,OK
?????,??????? ????????,SKODA,Octavia Greenline,99%,OK
?????,??????? ??,SKODA,Octavia RS,99%,OK
?????,?????,SKODA,Pickup,99%,OK
?????,???????,SKODA,Praktik,99%,OK
?????,?????,SKODA,Rapid,99%,OK
?????,???????,SKODA,Roomster,99%,OK
?????,???????,SKODA,Citigo,99%,OK
?????,?????,SKODA,Scala,99%,OK
?????,??????,SKODA,Superb,99%,OK
?????,?????? 2.0 ???,SKODA,Superb,99%,OK
?????,?????,SKODA,Fabia,99%,OK
?????,????? 1.2 ???,SKODA,Fabia,99%,OK
?????,????? 1.4 ???,SKODA,Fabia,99%,OK
?????,????? 1.4 ???,SKODA,Fabia,99%,OK
?????,????? 1.9 ???,SKODA,Fabia,99%,OK
?????,????? 1.9 ???,SKODA,Fabia,99%,OK
?????,????? 2.0 ???,SKODA,Fabia,99%,OK
?????,???????,SKODA,Favorit,99%,OK
?????,???????,SKODA,Felicia,99%,OK
?????,??????? 1.3,SKODA,Felicia,99%,OK
?????,??????? ?????,SKODA,Felicia Pickup,99%,OK
????????,330??,SCHLIESING,330MX,90%,OK
??????,??? 2005,SCHLOEGL,SAT 2005,85%,OK
????,??? 250 ???,SCHMIDT,ATA 250 UEK,85%,OK
????,???,SCHMIDT,MTT,85%,OK
????,?????? 250,SCHMIDT,Swingo 250,95%,OK
????,??? 134???,SCHMIDT,TUE 134ZSR,85%,OK
????,???????,SCHMIDT,Falkner,85%,OK
?????????,???? ????,SCHMIDBAUER,Euro Star,85%,OK
????,??,SCHMIDT,DS,80%,OK
?????,???? 165,SCHMIDT,FSPT 165,80%,OK
?????,24 ? 1362,SCHMITZ CARGOBULL,24 L 1362,90%,OK
?????,??? 18,SCHMITZ CARGOBULL,AWF 18,95%,OK
?????,??? 18? 20,SCHMITZ CARGOBULL,AWF 18L 20,95%,OK
?????,??? 18,SCHMITZ CARGOBULL,AKO 18,90%,OK
?????,???? ??? 18,SCHMITZ CARGOBULL,Gotha APR 18,90%,OK
?????,???? ??? 20,SCHMITZ CARGOBULL,Gotha ACF 20,90%,OK
?????,???? ??? 24 ?,SCHMITZ CARGOBULL,Gotha SCF 24 G,90%,OK
?????,????? ??? 18,SCHMITZ CARGOBULL,Gotha ZCS 18,90%,OK
?????,????? ???? 24,SCHMITZ CARGOBULL,Gotha SKI 24,90%,OK
?????,??? 18,SCHMITZ CARGOBULL,ZWF 18,95%,OK
?????,??0 20,SCHMITZ CARGOBULL,ZKO 20,95%,OK
?????,??? 18,SCHMITZ CARGOBULL,ZKO 18,95%,OK
?????,??? 18,SCHMITZ CARGOBULL,ZCS 18,95%,OK
?????,???????? ????? ??? ?3,SCHMITZ CARGOBULL,Gotha SGF S3,95%,OK
?????,???????? ????? ??? 24 ?? 10.5,SCHMITZ CARGOBULL,Gotha SKI 24 SL,95%,OK
?????,???????? ??? ?3,SCHMITZ CARGOBULL,SGF S3,95%,OK
?????,???????? ??? ?2,SCHMITZ CARGOBULL,SGF C2,95%,OK
?????,???????? ??? ?3?,SCHMITZ CARGOBULL,SCB S3B,95%,OK
?????,???????? ??? ?3?,SCHMITZ CARGOBULL,SCB S3T,95%,OK
?????,???????? ??? 24 ? 13 62 ?? ??????,SCHMITZ CARGOBULL,SCS 24 L 13.62 MB Varios,95%,OK
?????,???????? ??? 24 ? 13.62 ??,SCHMITZ CARGOBULL,SCS 24 L 13.62 EB,95%,OK
?????,???????? ??? 24? 13 62 ?? ? ?,SCHMITZ CARGOBULL,SCS 24 L 13.62 BS EB,95%,OK
?????,? 01,SCHMITZ CARGOBULL,S01,90%,OK
?????,?24 27,SCHMITZ CARGOBULL,S24 27,90%,OK
?????,?3,SCHMITZ CARGOBULL,S3,90%,OK
?????,??? ?3,SCHMITZ CARGOBULL,SGF S3,95%,OK
?????,??0?27,SCHMITZ CARGOBULL,SKO F 27,90%,OK
?????,??? 18 7.2,SCHMITZ CARGOBULL,SKI 18,95%,OK
?????,??? 24,SCHMITZ CARGOBULL,SKI 24,95%,OK
?????,??? 24 7.2,SCHMITZ CARGOBULL,SKI 24,95%,OK
?????,??? 24 8.2,SCHMITZ CARGOBULL,SKI 24,95%,OK
?????,??? 24 ?? 06 - 7.2,SCHMITZ CARGOBULL,SKI 24 SL,95%,OK
?????,??? 24 ?? 7.2,SCHMITZ CARGOBULL,SKI 24 SL,95%,OK
?????,??? 24 ?? 8.2,SCHMITZ CARGOBULL,SKI 24 SL,95%,OK
?????,??? 10,SCHMITZ CARGOBULL,SKO 10,95%,OK
?????,??? 18 ??,SCHMITZ CARGOBULL,SKO 18 SP,95%,OK
?????,??? 20,SCHMITZ CARGOBULL,SKO 20,95%,OK
?????,??? 24,SCHMITZ CARGOBULL,SKO 24,95%,OK
?????,??? 24 ? 13.4 ?? 45 ????,SCHMITZ CARGOBULL,SKO 24 L 13.4 FP 45 Cool,95%,OK
?????,??? 24 ? 13.4 ?? 60 ????,SCHMITZ CARGOBULL,SKO 24 L 13.4 FP 60 Cool,95%,OK
?????,??? 24 ? 13.62 ?? 25 ??????? 2,SCHMITZ CARGOBULL,SKO 24 L 13.62 FP 25 Express 2,95%,OK
?????,??? 24- ? -13.62 ? ?,SCHMITZ CARGOBULL,SCS 24 L 13.62 EB,95%,OK
?????,?? 1,SCHMITZ CARGOBULL,SO 1,90%,OK
?????,??? 24 ? 13.62 ? ?,SCHMITZ CARGOBULL,SPL 24 L 13.62 EB,95%,OK
?????,???,SCHMITZ CARGOBULL,SPR,95%,OK
?????,??? 24,SCHMITZ CARGOBULL,SPR 24,95%,OK
?????,??? 24 ? 13.62 ??,SCHMITZ CARGOBULL,SPR 24 L 13.62 EB,95%,OK
?????,??? 24 ? 13.62 ??,SCHMITZ CARGOBULL,SPR 24 L 13.62 MB,95%,OK
?????,??? ? 3 ?,SCHMITZ CARGOBULL,SCB S3T,95%,OK
?????,??? ?2,SCHMITZ CARGOBULL,SCB S2,95%,OK
?????,??? ?3,SCHMITZ CARGOBULL,SCB S3,95%,OK
?????,??? ?3?,SCHMITZ CARGOBULL,SCB S3B,95%,OK
?????,??? ?3?,SCHMITZ CARGOBULL,SCB S3D,95%,OK
?????,??? ?3?,SCHMITZ CARGOBULL,SCB S3T,95%,OK
?????,??? ?2,SCHMITZ CARGOBULL,SCB C2,95%,OK
?????,??? 24,SCHMITZ CARGOBULL,SCS 24,95%,OK
?????,??? 24 ?,SCHMITZ CARGOBULL,SCS 24 L,95%,OK
?????,??? 24 ? 13 62 ?? ??,SCHMITZ CARGOBULL,SCS 24 L 13.62 BS EB,95%,OK
?????,??? 24 ? 13 62 ?,SCHMITZ CARGOBULL,SCS 24 L 13.62 E,95%,OK
?????,??? 24 ? 13.62 ?? ??,SCHMITZ CARGOBULL,SCS 24 L 13.62 BS EB,95%,OK
?????,??? 24 ? 13.62 ??,SCHMITZ CARGOBULL,SCS 24 L 13.62 EB,95%,OK
?????,??? 24 ? 13.62 ? ? ??????,SCHMITZ CARGOBULL,SCS 24 L 13.62 MB Varios,95%,OK
?????,??? 24 ? 13.62 ??,SCHMITZ CARGOBULL,SCS 24 L 13.62 MB,95%,OK
?????,??? 24 ? 13.62 ???,SCHMITZ CARGOBULL,SCS 24 L 13.62 CEB,95%,OK
?????,??? 24? 1362,SCHMITZ CARGOBULL,SCS 24 L 13.62,95%,OK
?????,??? 27,SCHMITZ CARGOBULL,SCS 27,95%,OK
?????,??? 24,SCHMITZ CARGOBULL,SCF 24,95%,OK
?????,??? 24 ? 45 ???????,SCHMITZ CARGOBULL,SCF 24 G 45 Slider,95%,OK
?????,????? ??? 3 ? 31 ??,SCHMITZ CARGOBULL,STF 3 D 31 CA,85%,OK
???????,?? 12,SCHNEIDER,TP 12,90%,OK
????????,????????,SCHNEEWEISS,Eigenbau,90%,OK
?????????? ??????,?? 3.5,SCHÖNHOLZER BRUNNER,AG 3.5,90%,OK
??????,???? 5031??,SCHEUERLE,STBK 5031AP,90%,OK
????????,2130,SCHEUWIMMER,2130,90%,OK
???????,?? 350.01 2,SCHÖNEBECK,HP 350.01,90%,OK
??? ?????,??? ?????,SHORELANDR,Shorelandr,90%,OK
?????????,???512,SHORELANDR,YAV512,90%,OK
???,??? 20,SCHOCH,STP 20,90%,OK
??????,??? 22 3 1.4301 ????,SCHRADER,TSA 22,90%,OK
??????,???-32,SCHRADER,TSA-32,95%,OK
????,??,SCHRAMM,AT,85%,OK
???????,?? 18 ? 2-7,SCHRÖDER,AZ 18 P 2-7,90%,OK
???????,?? 18 ?? 7.65 ??,SCHRÖDER,AZ 18 CB 7.65 LB,90%,OK
???????,??11 24 ?4 13 44,SCHRÖDER,ST11 24 P4 13.44,90%,OK
???????,??11 24 ?4 13 45,SCHRÖDER,ST11 24 P4 13.45,90%,OK
?????,??13800?? ?,SCHULER,SF13800RT T,90%,OK
??????? ?????,800,SCHUMACHER KLEIN,800,90%,OK
????,11 ? 14,STEYR,11 S 14,95%,OK
????,12 ? 21,STEYR,12 S 21,95%,OK
????,1291,STEYR,1291,95%,OK
????,13 ? 21,STEYR,13 S 21,95%,OK
????,15 ? 21,STEYR,15 S 21,95%,OK
????,15 ? 23,STEYR,15 S 23,95%,OK
????,16?26,STEYR,16 S 26,95%,OK
????,18?22?36 4?2?,STEYR,18 S 22,95%,OK
????,19 ? 24,STEYR,19 S 24,95%,OK
????,19 ? 27,STEYR,19 S 27,95%,OK
????,19 ? 31,STEYR,19 S 31,95%,OK
????,19 ? 34,STEYR,19 S 34,95%,OK
????,19 ? 36,STEYR,19 S 36,95%,OK
????,32 ? 31,STEYR,32 S 31,95%,OK
????,32 ? 32,STEYR,32 S 32,95%,OK
????,33 ? 40,STEYR,33 S 40,95%,OK
????,33 ? 41,STEYR,33 S 41,95%,OK
????,680,STEYR,680,95%,OK
????,680 ??,STEYR,680 MZ,95%,OK
????,791.145 ? 44 4 ? 2,STEYR,791.145,95%,OK
????,791.17,STEYR,791.17,95%,OK
????,8 ? 22,STEYR,8 S 22,95%,OK
????,9 ? 14 ? 38,STEYR,9 S 14,95%,OK
????,9 ? 18,STEYR,9 S 18,95%,OK
????,991.2,STEYR,991.2,95%,OK
????,???,STEYR-PUCH,Puch,95%,OK
?????????,750 ???,STEINBACHER,750 JST,90%,OK
?????????,??? 2500,STEINBACHER,MBT 2500,90%,OK
?????????,?? 1 2.8,STEINBRÜGGE,ST 1 2.8,90%,OK
??????,??? 20,SCHECHMANN,ZZP 20,90%,OK
??????,4 ? ????,ÖVRIGA,4 V Moto,80%,OK
??????,???????? ??????? 615,ALUSLÄPET,Styrand 615,90%,OK
??????,??? ?3?,DOLL,S3L,95%,OK
??????,???4,ÖVRIGA,Pro4,80%,OK
??????,?5 2,ÖVRIGA,S5 2,80%,OK
??????,??? ??????? 520 ???????,T.E.C.,Weltbummler 520 Jubilee,90%,OK
??????,?????? ???? 450,FLIEGL,DHKS 450,95%,OK
??????,?????????,ÖVRIGA,Hemagjord,90%,OK
??????,??? ???,HRD,NTG,95%,OK
??????,???????? ??40,SCHWERINER,CS40,90%,OK
?????,?????,YIYAKU,Vespa,OK,NEEDS_REVIEW
?????,?5,YIYAKU,E5,OK,NEEDS_REVIEW
?????,???,YIYAKU,HRZ,OK,NEEDS_REVIEW
????,25 ???????,YIYING,25 Sixties,90%,OK
????,50 ?????,YIYING,50 Retro,90%,OK
????,?? 125 ? 19,YIYING,YY125T-19,95%,OK
????,?? 125 ? 26,YIYING,YY125T-26,95%,OK
????,?? 125?-5,YIYING,YY125T-5,95%,OK
????,?? 50 ??,YIYING,YY50QT,95%,OK
????,?? 50 ?? 01,YIYING,YY50QT-1,95%,OK
????,?? 50 ?? 15,YIYING,YY50QT-15,95%,OK
????,?? 50 ?? 26,YIYING,YY50QT-26,95%,OK
????,??125? 6,YIYING,YY125T-6,95%,OK
????,??125?-12,YIYING,YY125T-12,95%,OK
????,??50?? 8?,YIYING,YY50QT-8A,95%,OK
????,??7 ???-25,YIYING,YY7QTD-25,90%,OK
????,?? 50 ?? 6,YIYING,YY50QT-6,95%,OK
?????????????????????,??125 ?4,YINXIANG CHEETAH KENBO,YX125 E4,90%,OK
?????,750,JULIKA,750,80%,OK
??????? ????????,601746,UNITED TRAILERS,601746,90%,OK
????,901 ?????,JUNAK,901 Sport,95%,OK
???,??? 18 ?? ?????,JUNG,TKA 18 HV Apollo,90%,OK
???,??? 13?,JUNG,TTA 13L,90%,OK
???,??? 1 8 ? ?????,JUNG,TCA 18 H Apollo,90%,OK
???,??? 18 ?? 6.5,JUNG,TCA 18 HN 6.5,90%,OK
???,??? 18??,JUNG,TCA 18HV,90%,OK
????,34,JUNGE,34,90%,OK
???????,???10,JUNGHANS,ZAA10,90%,OK
????,? 3550133,UNIC,C 3550133,90%,OK
???????,380,EUROLAND,380,90%,OK
?????,?? 6100 ?,YUTONG,ZK 6100 H,95%,OK
?????,??6118????,YUTONG,ZK6118BEVG,95%,OK
?????,??6121???,YUTONG,ZK6121BEV,95%,OK
?????,??6128????,YUTONG,ZK6128BEVG,95%,OK
?????,??6890????,YUTONG,ZK6890BEVG,95%,OK
???????,?? 6,YUHANJIE,CP 6,80%,OK
????,750???,JUHTA,750 KLK,95%,OK
???,300??,JAWA,300 CL,95%,OK
???,350,JAWA,350,95%,OK
???,350 ???,JAWA,350 OHC,95%,OK
???,350 ??? ?????,JAWA,350 OHC Sport,95%,OK
???,350 ??,JAWA,350 CL,95%,OK
???,400,JAWA,400,95%,OK
???,42,JAWA,42,95%,OK
???,962,JAWA,962,95%,OK
???,?????,JAWA,Betka,95%,OK
???,?????,JAWA,Perak,95%,OK
?????,(???),JAGUAR,Lek,OK,NEEDS_REVIEW
?????,3.8 ?,JAGUAR,3.8 S,95%,OK
?????,? ????,JAGUAR,E-Pace,98%,OK
?????,? ????,JAGUAR,E-Type,98%,OK
?????,? ????,JAGUAR,I-Pace,98%,OK
?????,??,JAGUAR,MK,95%,OK
?????,?????? ????? ?????,LAND ROVER,Range Rover Sport,95%,OK
?????,? ???,JAGUAR,S-Type,98%,OK
?????,???????,JAGUAR,Sovereign,98%,OK
?????,??100 ???????,JAGUAR,SS100 Replica,95%,OK
?????,? ????,JAGUAR,F-Pace,98%,OK
?????,? ???,JAGUAR,F-Type,98%,OK
?????,? ??? ????????????,JAGUAR,F-Type Convertible,98%,OK
?????,? ????,JAGUAR,X-Type,98%,OK
?????,??,JAGUAR,XE,98%,OK
?????,??,JAGUAR,XJ,98%,OK
?????,?? 40,JAGUAR,XJ40,98%,OK
?????,?? 6,JAGUAR,XJ6,98%,OK
?????,?? 8,JAGUAR,XJ8,98%,OK
?????,???,JAGUAR,XJL,98%,OK
?????,???,JAGUAR,XJR,98%,OK
?????,???,JAGUAR,XJS,98%,OK
?????,??? ???????????,JAGUAR,XJS Convertible,98%,OK
?????,?? 8,JAGUAR,XK8,98%,OK
?????,?? ????,JAGUAR,XK Coupe,98%,OK
?????,?? ?,JAGUAR,XKR,98%,OK
?????,???,JAGUAR,XKR,98%,OK
?????,??,JAGUAR,XF,99%,OK
?????,?? 2.7 ?,JAGUAR,XF,99%,OK
?????,?? 35? ???,JAGUAR,XF,99%,OK
?????,?? ?,JAGUAR,XF R,98%,OK
?????,?? ??????????,JAGUAR,XF Sportbrake,99%,OK
????,?8?,YADEA,E8S,95%,OK
????,?? 2000? 02,YADEA,YD2000D-02,90%,OK
????,?? ?? 135,YADEA,YD-EM135,90%,OK
????,?2,YADEA,T2,95%,OK
?????,3????,YALCIN,3ISFC,85%,OK
?????,3????,YALCIN,3LBUZ,85%,OK
?????,4????,YALCIN,4DDUZ,85%,OK
?????,5????,YALCIN,5LBUZ,85%,OK
???????,??? 125,YAMASAKI,BWS 125,95%,OK
???????,??50 8?,YAMASAKI,YM50-8B,95%,OK
???????,??50?? ?3,YAMASAKI,MB50QT-C3,95%,OK
?????,(?????),YAMAHA,Yamaha,OK,NEEDS_REVIEW
?????,1 ??,YAMAHA,1FV,OK,NEEDS_REVIEW
?????,1000,YAMAHA,1000,OK,NEEDS_REVIEW
?????,125,YAMAHA,125,OK,NEEDS_REVIEW
?????,125 ????,YAMAHA,XC125 Riva,95%,OK
?????,2 ??,YAMAHA,2IL,OK,NEEDS_REVIEW
?????,250,YAMAHA,250,OK,NEEDS_REVIEW
?????,3 ??,YAMAHA,3LV,OK,NEEDS_REVIEW
?????,350,YAMAHA,350,OK,NEEDS_REVIEW
?????,3??,YAMAHA,XT 600 Tenere (3YF),85%,OK
?????,4 ??,YAMAHA,4BA,OK,NEEDS_REVIEW
?????,4 ??,YAMAHA,4NB,OK,NEEDS_REVIEW
?????,4 ??,YAMAHA,4FT,OK,NEEDS_REVIEW
?????,400,YAMAHA,400,OK,NEEDS_REVIEW
?????,4??,YAMAHA,XJ 600 Diversion (4BR),85%,OK
?????,4??,YAMAHA,XVS 650 DragStar (4VR),85%,OK
?????,5 ??,YAMAHA,5AD,OK,NEEDS_REVIEW
?????,50,YAMAHA,50,OK,NEEDS_REVIEW
?????,53 ?,YAMAHA,53V,OK,NEEDS_REVIEW
?????,5??,YAMAHA,XV 125 Virago (5AJ),85%,OK
?????,600,YAMAHA,600,OK,NEEDS_REVIEW
?????,750,YAMAHA,750,OK,NEEDS_REVIEW
?????,850,YAMAHA,850,OK,NEEDS_REVIEW
?????,??????,YAMAHA,Aerox,99%,OK
?????,?????? ?? 50,YAMAHA,Aerox YQ50,95%,OK
?????,??12,YAMAHA,AX12,80%,OK
?????,???,YAMAHA,BWS,98%,OK
?????,??? 125 ???,YAMAHA,BWS 125,95%,OK
?????,??????,YAMAHA,Beluga,95%,OK
?????,????,YAMAHA,Bolt,98%,OK
?????,?? 1100,YAMAHA,BT 1100 Bulldog,98%,OK
?????,? 50,YAMAHA,V50,95%,OK
?????,? ????,YAMAHA,V-Max,98%,OK
?????,? ???? 1200,YAMAHA,V-Max 1200,98%,OK
?????,??????,YAMAHA,Venture,95%,OK
?????,??????? 300,YAMAHA,Versity 300,98%,OK
?????,??????? ?? 300,YAMAHA,Versity XC300,98%,OK
?????,??????,YAMAHA,Virago,98%,OK
?????,?????? 1100,YAMAHA,XV 1100 Virago,98%,OK
?????,?????? 250,YAMAHA,XV 250 Virago,98%,OK
?????,?????? ?? 535,YAMAHA,XV 535 Virago,99%,OK
?????,?? 03,YAMAHA,XVS 650 DragStar (VM03),90%,OK
?????,??? 1200,YAMAHA,VMX 1200 V-Max,98%,OK
?????,??? 17,YAMAHA,VMX 17 V-Max,98%,OK
?????,?? 05,YAMAHA,XVS 1100 DragStar (VP05),90%,OK
?????,??250,YAMAHA,VP 250 X-City,95%,OK
?????,?? 125 ?,YAMAHA,WR 125 R,99%,OK
?????,?? 125 ?,YAMAHA,WR 125 X,99%,OK
?????,?? 250,YAMAHA,WR 250,99%,OK
?????,?? 250 ?,YAMAHA,WR 250 F,99%,OK
?????,?? 250 ?,YAMAHA,WR 250 X,99%,OK
?????,?? 400 ?,YAMAHA,WR 400 F,99%,OK
?????,?? 426 ?,YAMAHA,WR 426 F,99%,OK
?????,?? 450,YAMAHA,WR 450,99%,OK
?????,?? 450 ?,YAMAHA,WR 450 F,99%,OK
?????,??125 ?,YAMAHA,WR 125,95%,OK
?????,???,YAMAHA,VCU,OK,NEEDS_REVIEW
?????,??? 150?,YAMAHA,NMAX 150 (GPD150-A),95%,OK
?????,???125 ? ????,YAMAHA,NMAX 125 (GPD125),98%,OK
?????,???125?,YAMAHA,NMAX 125 (GPD125-A),95%,OK
?????,???125? ?,YAMAHA,NMAX 125 (GPD125),95%,OK
?????,???155? ?,YAMAHA,NMAX 155 (GPD155),95%,OK
?????,?????? 660,YAMAHA,Grizzly 660,98%,OK
?????,??03,YAMAHA,XT 125 (DE03),85%,OK
?????,???? 50,YAMAHA,Jog 50,98%,OK
?????,???? ???? 650,YAMAHA,XVS 650 DragStar,99%,OK
?????,???????? 1100,YAMAHA,XVS 1100 DragStar,99%,OK
?????,?? 125 ?,YAMAHA,DT 125 R,99%,OK
?????,?? 125 ?,YAMAHA,DT 125 X,99%,OK
?????,?? 50,YAMAHA,DT 50,99%,OK
?????,?? 80 ??,YAMAHA,DT 80 LC,99%,OK
?????,???025,YAMAHA,EC-03,80%,OK
?????,???,YAMAHA,Jog,98%,OK
?????,??? 1000,YAMAHA,GTS 1000,98%,OK
?????,?? 125,YAMAHA,YB 125,95%,OK
?????,??? 125,YAMAHA,YBR 125,99%,OK
?????,??? 250,YAMAHA,YBR 250,99%,OK
?????,?? 450 ?,YAMAHA,YZ 450 F,99%,OK
?????,???,YAMAHA,YZF,90%,OK
?????,??? 1000,YAMAHA,YZF 1000 Thunderace,95%,OK
?????,??? 450,YAMAHA,YZF 450,95%,OK
?????,??? 600,YAMAHA,YZF 600 Thundercat,95%,OK
?????,??? 600 ?,YAMAHA,YZF 600 R Thundercat,95%,OK
?????,??? ? 1,YAMAHA,YZF-R1,99%,OK
?????,??? ? 125,YAMAHA,YZF-R125,99%,OK
?????,??? ? 6,YAMAHA,YZF-R6,99%,OK
?????,??? ?1,YAMAHA,YZF-R1,99%,OK
?????,??? ?125?,YAMAHA,YZF-R125,99%,OK
?????,??? ?1? 15,YAMAHA,YZF-R1M,98%,OK
?????,??? ?3,YAMAHA,YZF-R3,99%,OK
?????,??? ?3?,YAMAHA,YZF-R3,99%,OK
?????,??? ?6 10,YAMAHA,YZF-R6,99%,OK
?????,??? ?6 ? 07,YAMAHA,YZF-R6,99%,OK
?????,??? ?6?,YAMAHA,YZF-R6S,98%,OK
?????,??? ?7,YAMAHA,YZF-R7,99%,OK
?????,???125 ?,YAMAHA,YZF-R125,99%,OK
?????,???320 ?,YAMAHA,YZF-R3,99%,OK
?????,???690,YAMAHA,YZF-R7 (YZF690),95%,OK
?????,???690 ?,YAMAHA,YZF-R7 (YZF690),95%,OK
?????,???890,YAMAHA,YZF-R9 (YZF890),95%,OK
?????,???? 1 ??,YAMAHA,YZF-R1,95%,OK
?????,???? 6 ?,YAMAHA,YZF-R6,95%,OK
?????,?? 100,YAMAHA,Aerox 100 (YQ100),95%,OK
?????,?? 50,YAMAHA,Aerox 50 (YQ50),95%,OK
?????,?? 50 ??????,YAMAHA,Aerox 50 (YQ50),98%,OK
?????,?? 50,YAMAHA,Neo's 50 (YN50),98%,OK
?????,?? 50 ??? ?,YAMAHA,Neo's 50 (YN50),98%,OK
?????,?? 50 ?,YAMAHA,Neo's 50 (YN50),98%,OK
?????,?? 50 ?,YAMAHA,Neo's 50 (YN50),98%,OK
?????,?? 50 ??,YAMAHA,Neo's 50 (YN50),98%,OK
?????,?? 125 ?,YAMAHA,Majesty 125 (YP125),95%,OK
?????,?? 125 ?,YAMAHA,X-Max 125 (YP125R),98%,OK
?????,?? 125 ?-?????,YAMAHA,X-Max 125 (YP125R),99%,OK
?????,?? 250,YAMAHA,Majesty 250 (YP250),98%,OK
?????,?? 250 ???????? ??,YAMAHA,Majesty 250 DX (YP250),98%,OK
?????,?? 250 ???????,YAMAHA,Majesty 250 (YP250),98%,OK
?????,?? 250 ?,YAMAHA,X-Max 250 (YP250R),98%,OK
?????,?? 250 ??,YAMAHA,X-Max 250 (YP250RA),98%,OK
?????,?? 400 ?,YAMAHA,Majesty 400 (YP400),98%,OK
?????,?? 400 ?,YAMAHA,X-Max 400 (YP400R),98%,OK
?????,?? 400 ?? ??,YAMAHA,X-Max 400 Sport (YP400RA),95%,OK
?????,??125? ??,YAMAHA,X-Max 125 (YP125R),95%,OK
?????,??125??,YAMAHA,X-Max 125 (YP125RA),98%,OK
?????,??125?? ??,YAMAHA,X-Max 125 Sport (YP125RA),95%,OK
?????,??400 ??,YAMAHA,X-Max 400 (YP400RA),98%,OK
?????,??125 5?,YAMAHA,YS 125,90%,OK
?????,??? 1,YAMAHA,YFA-1 Breeze,95%,OK
?????,???450,YAMAHA,YFZ 450,98%,OK
?????,??? 200,YAMAHA,YFM 200 Moto-4,95%,OK
?????,??? 250 ?,YAMAHA,YFM 250R Raptor,95%,OK
?????,??? 350 ? ?,YAMAHA,YFM 350R Raptor,95%,OK
?????,??? 350 ???,YAMAHA,YFM 350FWA Bruin,95%,OK
?????,??? 350?,YAMAHA,YFM 350R Raptor,95%,OK
?????,??? 660 ?,YAMAHA,YFM 660R Raptor,95%,OK
?????,??? 700 ?,YAMAHA,YFM 700R Raptor,95%,OK
?????,???700 ??????,YAMAHA,YFM 700 Grizzly,98%,OK
?????,?? 50,YAMAHA,YH 50 Why,95%,OK
?????,???????,YAMAHA,Crypton,98%,OK
?????,?? 50,YAMAHA,LB 50 Chappy,95%,OK
?????,???125 ?,YAMAHA,D'elight 125 (LTS125),95%,OK
?????,???125,YAMAHA,LCG 125,80%,OK
?????,???????? 125,YAMAHA,Majesty 125,98%,OK
?????,???????? 150,YAMAHA,Majesty 150,98%,OK
?????,???????? 180,YAMAHA,Majesty 180,98%,OK
?????,???????? 250,YAMAHA,Majesty 250,98%,OK
?????,???????? 400,YAMAHA,Majesty 400,98%,OK
?????,???????? ?? 400,YAMAHA,Majesty 400 (YP400),98%,OK
?????,??????? ??,YAMAHA,Majesty 250 DX,95%,OK
?????,??????? 125,YAMAHA,Maxster 125,98%,OK
?????,???,YAMAHA,MBK,OK,NEEDS_REVIEW
?????,??? ?? 50 ?,YAMAHA,MBK YA 50 R,85%,OK
?????,?? 125,YAMAHA,Tricity 125 (MW125),95%,OK
?????,???300,YAMAHA,Tricity 300 (MWD300),95%,OK
?????,???125 ?,YAMAHA,Tricity 125 (MWS125),95%,OK
?????,???150,YAMAHA,Tricity 150 (MWS150),95%,OK
?????,???155 ?,YAMAHA,Tricity 155 (MWS155),95%,OK
?????,?? 01,YAMAHA,MT-01,99%,OK
?????,?? 03,YAMAHA,MT-03,99%,OK
?????,?? 07,YAMAHA,MT-07,99%,OK
?????,?? 07 ???????,YAMAHA,MT-07 Tracer,99%,OK
?????,?? 07?,YAMAHA,MT-07,99%,OK
?????,?? 09,YAMAHA,MT-09,99%,OK
?????,?? 125,YAMAHA,MT-125,99%,OK
?????,??07?,YAMAHA,MT-07,99%,OK
?????,??09???,YAMAHA,MT-09 Tracer,99%,OK
?????,??10,YAMAHA,MT-10,99%,OK
?????,??125?,YAMAHA,MT-125,99%,OK
?????,??? 690,YAMAHA,XSR 700 (MTM690),95%,OK
?????,???125,YAMAHA,XSR 125 (MTM125),95%,OK
?????,???125 ?,YAMAHA,XSR 125 (MTM125),95%,OK
?????,???690?,YAMAHA,XSR 700 XTribute (MTM690),95%,OK
?????,???890,YAMAHA,XSR 900 (MTM890),95%,OK
?????,???890?,YAMAHA,XSR 900 GP (MTM890),95%,OK
?????,??? 1000,YAMAHA,MT-10 (MTN1000),95%,OK
?????,??? 125 ?,YAMAHA,MT-125 (MTN125),95%,OK
?????,??? 320?,YAMAHA,MT-03 (MTN320),95%,OK
?????,??? 890,YAMAHA,MT-09 (MTN890),95%,OK
?????,???1000 ?,YAMAHA,MT-10 SP (MTN1000),95%,OK
?????,???690,YAMAHA,MT-07 (MTN690),95%,OK
?????,???690 ?,YAMAHA,MT-07 (MTN690),95%,OK
?????,???690 ?,YAMAHA,MT-07 (MTN690),95%,OK
?????,???690 ?,YAMAHA,MT-07 (MTN690),95%,OK
?????,???850 ?,YAMAHA,MT-09 (MTN850),95%,OK
?????,???850?,YAMAHA,MT-09 SP (MTN850),95%,OK
?????,???890 ?,YAMAHA,MT-09,95%,OK
?????,???890?,YAMAHA,MT-09 SP,95%,OK
?????,??? 890?,YAMAHA,Tracer 9 GT,95%,OK
?????,???690,YAMAHA,Tracer 7,95%,OK
?????,???690 ?,YAMAHA,Tracer 7,95%,OK
?????,???690 ?,YAMAHA,Tracer 7,95%,OK
?????,???690?,YAMAHA,Tracer 7 GT,95%,OK
?????,???690? ?,YAMAHA,Tracer 7,95%,OK
?????,???850,YAMAHA,Tracer 900,95%,OK
?????,???850?,YAMAHA,Tracer 900 GT,95%,OK
?????,???890,YAMAHA,Tracer 9,95%,OK
?????,???890?,YAMAHA,Tracer 9 GT,95%,OK
?????,???890? ?,YAMAHA,Tracer 9,95%,OK
?????,???890? ?,YAMAHA,Tracer 9,95%,OK
?????,???890? ??,YAMAHA,Tracer 9,95%,OK
?????,??? 850,YAMAHA,Niken,95%,OK
?????,???890?,YAMAHA,Niken GT,95%,OK
?????,????,YAMAHA,Neo's,95%,OK
?????,???? 50,YAMAHA,Neo's 50,95%,OK
?????,?????,YAMAHA,Niken,95%,OK
?????,?? 50,YAMAHA,NS 50,95%,OK
?????,??? 125 ??????,YAMAHA,Cygnus 125,95%,OK
?????,?????,YAMAHA,Oveto,90%,OK
?????,? 1,YAMAHA,YZF-R1,95%,OK
?????,? 6 ?,YAMAHA,YZF-R6,95%,OK
?????,?7,YAMAHA,YZF-R7,95%,OK
?????,??????,YAMAHA,XV1900 Raider,95%,OK
?????,?? 01,YAMAHA,RJ01,95%,OK
?????,?? 02,YAMAHA,RJ02,95%,OK
?????,?? 03,YAMAHA,RJ03,95%,OK
?????,?? 07,YAMAHA,RJ07,95%,OK
?????,?? 09,YAMAHA,RJ09,95%,OK
?????,??05,YAMAHA,RJ05,95%,OK
?????,?? 01,YAMAHA,RN01,95%,OK
?????,?? 09,YAMAHA,RN09,95%,OK
?????,?? 12,YAMAHA,RN12,95%,OK
?????,??08,YAMAHA,RN08,95%,OK
?????,???? ???? ??????,YAMAHA,Royal Star Venture,95%,OK
?????,? ? 22,YAMAHA,SA22,95%,OK
?????,?? 03,YAMAHA,SA03,95%,OK
?????,?? 09,YAMAHA,SA09,95%,OK
?????,?? 14,YAMAHA,SA14,95%,OK
?????,?? 15,YAMAHA,SA15,95%,OK
?????,??034,YAMAHA,SA034,95%,OK
?????,???????,YAMAHA,Silent,OK,NEEDS_REVIEW
?????,?? 04,YAMAHA,SB04,95%,OK
?????,?? 2,YAMAHA,SB02,95%,OK
?????,?? 02,YAMAHA,SG02,95%,OK
?????,?? 04,YAMAHA,SG04,95%,OK
?????,?? 05,YAMAHA,SG05,95%,OK
?????,?? 12,YAMAHA,SG12,95%,OK
?????,?? 02,YAMAHA,SE02,95%,OK
?????,?? 03,YAMAHA,SE03,95%,OK
?????,?? 04,YAMAHA,SE04,95%,OK
?????,?? 05,YAMAHA,SE05,95%,OK
?????,?? 06,YAMAHA,SE06,95%,OK
?????,????? 225,YAMAHA,Serow 225,95%,OK
?????,?? 01,YAMAHA,SJ01,95%,OK
?????,?? 03,YAMAHA,SJ03,95%,OK
?????,?????? ?? 50,YAMAHA,Slider EW 50,95%,OK
?????,?? 125,YAMAHA,SR 125,95%,OK
?????,?? 250,YAMAHA,SR 250,95%,OK
?????,?? 400,YAMAHA,SR 400,95%,OK
?????,??? 600,YAMAHA,SRX 600,95%,OK
?????,???950,YAMAHA,SCR950,95%,OK
?????,? 110,YAMAHA,T110,95%,OK
?????,? 135,YAMAHA,T135,95%,OK
?????,? 50,YAMAHA,T50,95%,OK
?????,? ????,YAMAHA,T-Max,95%,OK
?????,? ???? 500,YAMAHA,T-Max 500,95%,OK
?????,?? 125,YAMAHA,TW 125,95%,OK
?????,??? 850,YAMAHA,TDM 850,95%,OK
?????,??? 900,YAMAHA,TDM 900,95%,OK
?????,??? 125,YAMAHA,TDR 125,95%,OK
?????,?????? 500,YAMAHA,T-Max 500,95%,OK
?????,??????,YAMAHA,Tenere,95%,OK
?????,??? 50,YAMAHA,TZR 50,95%,OK
?????,??? 50 ?,YAMAHA,TZR 50,95%,OK
?????,??????? 700,YAMAHA,Tracer 700,95%,OK
?????,??????? 900 ??,YAMAHA,Tracer 900 GT,95%,OK
?????,???????9 ??,YAMAHA,Tracer 9 GT,95%,OK
?????,?? 250 ?,YAMAHA,TT 250R,95%,OK
?????,?? 350,YAMAHA,TT 350,95%,OK
?????,?? 600,YAMAHA,TT 600,95%,OK
?????,?? 600 ?,YAMAHA,TT 600R,95%,OK
?????,??? 250,YAMAHA,TTR 250,95%,OK
?????,??? 125,YAMAHA,YBR 125,95%,OK
?????,??? 1000 ?,YAMAHA,YZF 1000R,95%,OK
?????,??? ? 6,YAMAHA,YZF-R6,95%,OK
?????,?? 250 ? ? ????,YAMAHA,YP 250R X-Max,95%,OK
?????,??? 450 ???,YAMAHA,YFM 450,95%,OK
?????,?????8,YAMAHA,Fazer 8,95%,OK
?????,?? 09,YAMAHA,FJ-09,95%,OK
?????,?? 1100,YAMAHA,FJ 1100,95%,OK
?????,?? 1200,YAMAHA,FJ 1200,95%,OK
?????,??? 1300,YAMAHA,FJR 1300,95%,OK
?????,??? 1300 ?,YAMAHA,FJR 1300,95%,OK
?????,?? 07?,YAMAHA,FZ-07,95%,OK
?????,?? 1,YAMAHA,FZ1,95%,OK
?????,?? 1 ?,YAMAHA,FZ1,95%,OK
?????,?? 1 ?,YAMAHA,FZ1,95%,OK
?????,?? 6,YAMAHA,FZ6,95%,OK
?????,?? 6 ? ?????,YAMAHA,FZ6 Fazer,95%,OK
?????,?? 6 ?,YAMAHA,FZ6,95%,OK
?????,?? 6 ? ?????,YAMAHA,FZ6 Fazer,95%,OK
?????,?? 750,YAMAHA,FZ 750,95%,OK
?????,?? 8,YAMAHA,FZ8,95%,OK
?????,??1??,YAMAHA,FZ1,95%,OK
?????,??6?,YAMAHA,FZ6R,95%,OK
?????,??? 100,YAMAHA,FZR 1000,OK,NEEDS_REVIEW
?????,??? 600,YAMAHA,FZR 600,95%,OK
?????,??? 600 ?,YAMAHA,FZR 600,95%,OK
?????,???1000,YAMAHA,FZR 1000,95%,OK
?????,??? 1000 ?????,YAMAHA,FZS 1000 Fazer,95%,OK
?????,??? 1000 ??????,YAMAHA,FZS 1000 Fazer,95%,OK
?????,??? 600,YAMAHA,FZS 600,95%,OK
?????,??? 600 ??????,YAMAHA,FZS 600 Fazer,95%,OK
?????,???,YAMAHA,FZX,95%,OK
?????,? ???? 125,YAMAHA,X-Max 125,95%,OK
?????,? ???? 300,YAMAHA,X-Max 300,95%,OK
?????,? ???? 400,YAMAHA,X-Max 400,95%,OK
?????,? ????,YAMAHA,X-City,95%,OK
?????,? ???? 125,YAMAHA,X-City 125,95%,OK
?????,?? 1000,YAMAHA,XV 1000,95%,OK
?????,?? 1000 ??????,YAMAHA,XV 1000 Virago,95%,OK
?????,?? 1100,YAMAHA,XV 1100,95%,OK
?????,?? 1100 ?,YAMAHA,XV 1100,95%,OK
?????,?? 1100 ??????,YAMAHA,XV 1100 Virago,95%,OK
?????,?? 125,YAMAHA,XV 125,95%,OK
?????,?? 151,YAMAHA,XV 151,OK,NEEDS_REVIEW
?????,?? 1600,YAMAHA,XV 1600,95%,OK
?????,?? 1600 ???? ????,YAMAHA,XV 1600 Road Star,95%,OK
?????,?? 1700,YAMAHA,XV 1700,95%,OK
?????,?? 1700 ?,YAMAHA,XV 1700,95%,OK
?????,?? 1900,YAMAHA,XV 1900,95%,OK
?????,?? 1900 ??????,YAMAHA,XV 1900 Raider,95%,OK
?????,?? 1900 ??,YAMAHA,XV 1900CT,95%,OK
?????,?? 250 ??????,YAMAHA,XV 250 Virago,95%,OK
?????,?? 250 ? ??????,YAMAHA,XV 250 Virago,95%,OK
?????,?? 500 ??????,YAMAHA,XV 500 Virago,95%,OK
?????,?? 500 ?,YAMAHA,XV 500,95%,OK
?????,?? 500 ??,YAMAHA,XV 500,95%,OK
?????,?? 535,YAMAHA,XV 535,95%,OK
?????,?? 535 ??????,YAMAHA,XV 535 Virago,95%,OK
?????,?? 700 ??????,YAMAHA,XV 700 Virago,95%,OK
?????,?? 750,YAMAHA,XV 750,95%,OK
?????,?? 750 ??????,YAMAHA,XV 750 Virago,95%,OK
?????,?? 920 ?,YAMAHA,XV 920J,95%,OK
?????,??950,YAMAHA,XV 950,95%,OK
?????,??? 13 ?,YAMAHA,XVZ 1300,95%,OK
?????,??? 13 ??,YAMAHA,XVZ 1300,95%,OK
?????,??? 13 ??,YAMAHA,XVZ 1300,95%,OK
?????,??? 1300,YAMAHA,XVZ 1300,95%,OK
?????,???1200,YAMAHA,XVZ 1200,95%,OK
?????,??? 1100,YAMAHA,XVS 1100,95%,OK
?????,??? 1100 ?,YAMAHA,XVS 1100,95%,OK
?????,??? 1100 ???? ????,YAMAHA,XVS 1100 Drag Star,95%,OK
?????,??? 125,YAMAHA,XVS 125,95%,OK
?????,??? 1300 ?,YAMAHA,XVS 1300,95%,OK
?????,??? 1300 ????????,YAMAHA,XVS 1300 Stryker,95%,OK
?????,??? 1300 ??,YAMAHA,XVS 1300,95%,OK
?????,??? 250,YAMAHA,XVS 250,95%,OK
?????,??? 65 ?,YAMAHA,XVS 650,95%,OK
?????,??? 650,YAMAHA,XVS 650,95%,OK
?????,??? 650 ???? ????,YAMAHA,XVS 650 Drag Star,95%,OK
?????,??? 950 ?,YAMAHA,XVS 950,95%,OK
?????,??? 950 ??,YAMAHA,XVS 950,95%,OK
?????,???1300,YAMAHA,XVS 1300,95%,OK
?????,???950,YAMAHA,XVS 950,95%,OK
?????,??250,YAMAHA,XG 250,95%,OK
?????,?? 550,YAMAHA,XJ 550,95%,OK
?????,?? 6,YAMAHA,XJ6,95%,OK
?????,?? 6 ?,YAMAHA,XJ6,95%,OK
?????,?? 6 ??,YAMAHA,XJ6,95%,OK
?????,?? 6 ?,YAMAHA,XJ6,95%,OK
?????,?? 6 ?,YAMAHA,XJ6,95%,OK
?????,?? 600,YAMAHA,XJ 600,95%,OK
?????,?? 600 ?,YAMAHA,XJ 600,95%,OK
?????,?? 650,YAMAHA,XJ 650,95%,OK
?????,?? 700 ?,YAMAHA,XJ 700,95%,OK
?????,?? 700 ?,YAMAHA,XJ 700,95%,OK
?????,?? 750,YAMAHA,XJ 750,95%,OK
?????,?? 900,YAMAHA,XJ 900,95%,OK
?????,?? 900 ?,YAMAHA,XJ 900,95%,OK
?????,?? 900?,YAMAHA,XJ 900,95%,OK
?????,??? 1200,YAMAHA,XJR 1200,95%,OK
?????,??? 1300,YAMAHA,XJR 1300,95%,OK
?????,?? 125,YAMAHA,XC 125,85%,OK
?????,?? 500,YAMAHA,XP 500,95%,OK
?????,?? 500 ?,YAMAHA,XP 500,95%,OK
?????,?? 500 ? ? ????,YAMAHA,XP 500 T-Max,95%,OK
?????,?? 500 ? ????,YAMAHA,XP 500 T-Max,95%,OK
?????,?? 530,YAMAHA,XP 530,95%,OK
?????,?? 530 ?,YAMAHA,XP 530,95%,OK
?????,??530? ?,YAMAHA,XP 530,95%,OK
?????,??530? ?,YAMAHA,XP 530,95%,OK
?????,??560,YAMAHA,XP 560,95%,OK
?????,??560?,YAMAHA,XP 560,95%,OK
?????,??560?,YAMAHA,XP 560,95%,OK
?????,?? 125,YAMAHA,XC 125,95%,OK
?????,?? 250,YAMAHA,XC 250,95%,OK
?????,?? 400,YAMAHA,XC 400,95%,OK
?????,?? 850,YAMAHA,XS 850,90%,OK
?????,???700,YAMAHA,XSR 700,98%,OK
?????,???900,YAMAHA,XSR 900,98%,OK
?????,?? 1200,YAMAHA,XT 1200,95%,OK
?????,?? 1200 ?,YAMAHA,XT 1200 Z,95%,OK
?????,?? 125 ?,YAMAHA,XT 125 R,95%,OK
?????,?? 125 ?,YAMAHA,XT 125 X,95%,OK
?????,?? 350,YAMAHA,XT 350,95%,OK
?????,?? 500,YAMAHA,XT 500,95%,OK
?????,?? 600,YAMAHA,XT 600,95%,OK
?????,?? 600 ?,YAMAHA,XT 600 E,95%,OK
?????,?? 660 ?,YAMAHA,XT 660 Z,95%,OK
?????,?? 660 ??,YAMAHA,XT 660 ZA,95%,OK
?????,?? 660 ?,YAMAHA,XT 660 R,95%,OK
?????,?? 660 ?,YAMAHA,XT 660 X,95%,OK
?????,??? 600 ??????,YAMAHA,XTZ 600 Tenere,95%,OK
?????,??? 660,YAMAHA,XTZ 660,95%,OK
?????,??? 750,YAMAHA,XTZ 750,95%,OK
?????,???690,YAMAHA,XTZ 690,95%,OK
?????,???690 ?,YAMAHA,XTZ 690 B,90%,OK
?????,???690?,YAMAHA,XTZ 690 D,90%,OK
?????,???690? ?,YAMAHA,XTZ 690 D-B,85%,OK
?????,??? 660,YAMAHA,XTX 660,95%,OK
?????,?? 50,YAMAHA,XF 50,95%,OK
?????,?? 115 ?,YAMAHA,XC 115 S,95%,OK
?????,?? 125,YAMAHA,XC 125,95%,OK
?????,?? 125 ?,YAMAHA,XC 125 T,95%,OK
?????,?? 125 ?? ??????,YAMAHA,XC 125 TR Cygnus,95%,OK
?????,?? 300 ???????,YAMAHA,XC 300 Versity,95%,OK
?????,?? 50 ??,YAMAHA,CV 50 RS,90%,OK
?????,???300 ?,YAMAHA,CZD 300 A,95%,OK
?????,???300 ? ??,YAMAHA,CZD 300 A SP,95%,OK
?????,???300? ?,YAMAHA,CZD 300D A,95%,OK
?????,?????? ?,YAMAHA,Cygnus X,95%,OK
?????,?? 50,YAMAHA,CS 50,95%,OK
?????,?? 50 ?,YAMAHA,CS 50 M,95%,OK
?????,??50?,YAMAHA,CS 50 Z,95%,OK
?????,??02,YAMAHA,CX02,OK,NEEDS_REVIEW
?????,??? 1000 ?,YAMAHA,YZF 1000 R,95%,OK
?????,??? 600 ?,YAMAHA,YZF 600 R,95%,OK
?????,??? ? 3 ?,YAMAHA,YZF R3 A,95%,OK
?????,??? 700 ?,YAMAHA,YFM 700 R,95%,OK
???,???????,YACHT,Trailer,OK,NEEDS_REVIEW
??? ???? ????????,??110,YACHT CLUB TRAILERS,VC110,85%,OK
,,,,,
